round,nplc,pair,t_s,pair_elapsed_s,source_v_neg,current_neg_a,voltage_neg_v,source_v_pos,current_pos_a,voltage_pos_v,delta_v,delta_i,differential_resistance_ohm
0,1.0,0,0.16914590000033058,0.16914460000043618,-0.03,-2.011524e-06,-0.0299000812,0.03,2.060847e-06,0.0301348669,0.0600349481,4.072371e-06,14742.013460954318
0,1.0,1,0.34412479999991774,0.1749737999998615,-0.03,-2.00995e-06,-0.0298984696,0.03,2.061223e-06,0.0301357469,0.0600342165,4.071173e-06,14746.17180355637
0,1.0,2,0.510130300000128,0.165999699999702,-0.03,-2.011764e-06,-0.0298997943,0.03,2.062057e-06,0.0301367034,0.0600364977,4.073821e-06,14737.146698394456
0,1.0,3,0.6747378000000026,0.16459709999980987,-0.03,-2.010401e-06,-0.0298993352,0.03,2.061299e-06,0.030135503,0.060034838199999996,4.0717e-06,14744.415895080676
0,1.0,4,0.8426945999999589,0.16795129999991332,-0.03,-2.009711e-06,-0.0298978527,0.03,2.061819e-06,0.030136206,0.060034058700000004,4.07153e-06,14744.840072405214
0,1.0,5,1.0146084999996674,0.1719067999993058,-0.03,-2.010172e-06,-0.0299003156,0.03,2.061881e-06,0.0301366603,0.0600369759,4.072052999999999e-06,14743.662692995402
0,1.0,6,1.1768197999999757,0.16220590000011725,-0.03,-2.00994e-06,-0.0298997943,0.03,2.061487e-06,0.0301358665,0.0600356608,4.071427e-06,14745.606589532368
0,1.0,7,1.341606099999808,0.164779599999747,-0.03,-2.011099e-06,-0.029899536,0.03,2.060948e-06,0.0301346039,0.060034139900000005,4.0720469999999995e-06,14742.987961582961
0,1.0,8,1.512601700000232,0.17099039999993693,-0.03,-2.009744e-06,-0.0298992491,0.03,2.062274e-06,0.0301356799,0.060034929,4.072018e-06,14743.286743820876
0,1.0,9,1.6795767000003252,0.16697079999994457,-0.03,-2.011654e-06,-0.0298980726,0.03,2.061974e-06,0.030136976,0.0600350486,4.073628e-06,14737.489186543296
0,1.0,10,1.848516600000039,0.16893630000049598,-0.03,-2.010362e-06,-0.0298981061,0.03,2.061784e-06,0.0301357959,0.060033902,4.072146e-06,14742.57111606509
0,1.0,11,2.023229899999933,0.17470919999959733,-0.03,-2.010182e-06,-0.0299006801,0.03,2.062084e-06,0.0301359442,0.0600366243,4.072266e-06,14742.805185122976
0,1.0,12,2.1895384999997987,0.16630439999971713,-0.03,-2.010335e-06,-0.0298989776,0.03,2.061816e-06,0.0301357098,0.0600346874,4.072151e-06,14742.745885405528
0,1.0,13,2.3503862999996272,0.1608442999995532,-0.03,-2.010404e-06,-0.0298982363,0.03,2.062093e-06,0.0301356381,0.0600338744,4.0724970000000005e-06,14741.293707521452
0,1.0,14,2.512539000000288,0.1621487000002162,-0.03,-2.009635e-06,-0.0298999388,0.03,2.062328e-06,0.0301380771,0.060038015900000005,4.071963e-06,14744.243967835662
0,1.0,15,2.6852379000001747,0.1726912000003722,-0.03,-2.012707e-06,-0.0298985758,0.03,2.062955e-06,0.030135925,0.0600345008,4.075662e-06,14729.9998871349
0,1.0,16,2.8493123999996897,0.1640706999996837,-0.03,-2.011694e-06,-0.0298982841,0.03,2.062607e-06,0.0301361785,0.0600344626,4.074301e-06,14734.91099454851
0,1.0,17,3.0143480999995518,0.1649807999992845,-0.03,-2.012443e-06,-0.0298982506,0.03,2.062772e-06,0.0301367811,0.0600350317,4.075215000000001e-06,14731.745858807446
0,1.0,18,3.1883916999995563,0.17403839999951742,-0.03,-2.011506e-06,-0.0298985758,0.03,2.062159e-06,0.030137068,0.060035643799999996,4.073665e-06,14737.501439121774
0,1.0,19,3.3530939000002036,0.16469820000020263,-0.03,-2.011289e-06,-0.0298968733,0.03,2.062566e-06,0.0301362598,0.0600331331,4.073855e-06,14736.197802818213
0,1.0,20,3.515208900000289,0.16211079999993672,-0.03,-2.011027e-06,-0.0298979589,0.03,2.062188e-06,0.0301363267,0.0600342856,4.073215e-06,14738.796159790241
0,1.0,21,3.6833409999999276,0.16812730000037845,-0.03,-2.011326e-06,-0.0298975955,0.03,2.062126e-06,0.0301367189,0.0600343144,4.0734519999999996e-06,14737.945703054806
0,1.0,22,3.8571862999997393,0.17384119999951508,-0.03,-2.011584e-06,-0.0298968112,0.03,2.063039e-06,0.0301364272,0.0600332384,4.0746229999999995e-06,14733.44611268331
0,1.0,23,4.022658099999717,0.16546849999940605,-0.03,-2.012191e-06,-0.0298956251,0.03,2.062382e-06,0.0301373071,0.0600329322,4.074572999999999e-06,14733.551761129327
0,1.0,24,4.189323100000365,0.16666150000037305,-0.03,-2.010838e-06,-0.0298984658,0.03,2.061712e-06,0.0301356955,0.0600341613,4.0725500000000005e-06,14741.172312187693
0,1.0,25,4.363690799999858,0.1743610000003173,-0.03,-2.00919e-06,-0.0298947165,0.03,2.062404e-06,0.0301348729,0.0600295894,4.071594e-06,14743.510625077057
0,1.0,26,4.528260299999602,0.16456279999965773,-0.03,-2.009905e-06,-0.0298982172,0.03,2.061827e-06,0.0301365898,0.060034806999999996,4.0717319999999995e-06,14744.2923551943
0,1.0,27,4.698797199999717,0.17053299999952287,-0.03,-2.010295e-06,-0.0298979761,0.03,2.061977e-06,0.0301366261,0.0600346022,4.072272e-06,14742.286910108167
0,1.0,28,4.866771799999697,0.16797029999997903,-0.03,-2.011548e-06,-0.0298971679,0.03,2.062251e-06,0.0301371904,0.0600343583,4.0737990000000005e-06,14736.70112344767
0,1.0,29,5.030195899999853,0.16342019999956392,-0.03,-2.011626e-06,-0.0298976557,0.03,2.062105e-06,0.0301361622,0.0600338179,4.0737309999999994e-06,14736.814458293886
0,1.0,30,5.194258300000001,0.1640586000003168,-0.03,-2.010559e-06,-0.0298966227,0.03,2.062784e-06,0.0301345027,0.060031125399999996,4.073343e-06,14737.557185829919
0,1.0,31,5.362963499999751,0.16870079999989684,-0.03,-2.010019e-06,-0.0298969383,0.03,2.062653e-06,0.0301350574,0.0600319957,4.072672e-06,14740.198989754146
0,1.0,32,5.531878499999948,0.16891120000036608,-0.03,-2.010173e-06,-0.0298984782,0.03,2.063245e-06,0.0301374726,0.0600359508,4.073418e-06,14738.470444231356
0,1.0,33,5.699924200000169,0.16804140000022016,-0.03,-2.0122e-06,-0.0298968905,0.03,2.062779e-06,0.0301374391,0.0600343296,4.074979e-06,14732.426743794262
0,1.0,34,5.867849500000375,0.16792100000020582,-0.03,-2.010147e-06,-0.029896661,0.03,2.062724e-06,0.0301364539,0.060033114900000004,4.072871e-06,14739.753579231947
0,1.0,35,6.041583100000025,0.17372729999988223,-0.03,-2.010453e-06,-0.0298969814,0.03,2.061841e-06,0.0301354687,0.0600324501,4.072294e-06,14741.678793328772
0,1.0,36,6.206213399999797,0.16462649999994028,-0.03,-2.009537e-06,-0.0298982248,0.03,2.06213e-06,0.0301356744,0.060033899200000004,4.071667e-06,14744.30477737988
0,1.0,37,6.37274460000026,0.1665272999998706,-0.03,-2.009044e-06,-0.0298972014,0.03,2.062617e-06,0.0301365639,0.0600337653,4.071661e-06,14744.293618746746
0,1.0,38,6.546089399999801,0.17334149999987858,-0.03,-2.010746e-06,-0.0298983013,0.03,2.062864e-06,0.0301362339,0.0600345352,4.07361e-06,14737.428276148183
0,1.0,39,6.709693200000402,0.1636000000007698,-0.03,-2.009446e-06,-0.0298985978,0.03,2.061804e-06,0.0301358848,0.060034482599999994,4.07125e-06,14745.9582683451
0,1.0,40,6.875273100000413,0.16557670000020153,-0.03,-2.009656e-06,-0.0298985117,0.03,2.06152e-06,0.0301359948,0.0600345065,4.071176e-06,14746.232169771092
0,1.0,41,7.042664399999921,0.16738619999978255,-0.03,-2.008843e-06,-0.0298986409,0.03,2.062991e-06,0.0301372813,0.060035922199999994,4.071834e-06,14744.19689014827
0,1.0,42,7.217862399999831,0.17519399999946472,-0.03,-2.008944e-06,-0.0298980858,0.03,2.062204e-06,0.0301364438,0.0600345296,4.071148e-06,14746.339263519772
0,1.0,43,7.38575579999997,0.16788999999971566,-0.03,-2.009458e-06,-0.0298983919,0.03,2.062936e-06,0.0301371276,0.0600355195,4.0723940000000004e-06,14742.070511841437
0,1.0,44,7.544509000000289,0.15874930000063614,-0.03,-2.01154e-06,-0.0298986023,0.03,2.062893e-06,0.0301371755,0.060035777799999995,4.074433e-06,14734.756418868588
0,1.0,45,7.715258299999732,0.1707416999997804,-0.03,-2.010434e-06,-0.0298974546,0.03,2.062218e-06,0.0301356212,0.0600330758,4.0726519999999995e-06,14740.536584024368
0,1.0,46,7.878679700000248,0.16341760000068462,-0.03,-2.009478e-06,-0.0298982436,0.03,2.062723e-06,0.030137142,0.0600353856,4.072201e-06,14742.73632367361
0,1.0,47,8.046645800000078,0.16796200000044337,-0.03,-2.00941e-06,-0.0298969381,0.03,2.062027e-06,0.0301376441,0.0600345822,4.071437e-06,14745.305453578183
0,1.0,48,8.204558700000234,0.15790930000002845,-0.03,-2.00923e-06,-0.029898588,0.03,2.061458e-06,0.0301395571,0.060038145099999995,4.070688e-06,14748.893823353692
0,1.0,49,8.377740500000073,0.1731779000001552,-0.03,-2.009296e-06,-0.0298979711,0.03,2.062975e-06,0.0301371898,0.060035160899999995,4.072271e-06,14742.427726445514
0,1.0,50,8.542390399999931,0.16464610000002722,-0.03,-2.010455e-06,-0.0298987649,0.03,2.062514e-06,0.0301365394,0.060035304299999995,4.072969e-06,14739.936468949309
0,1.0,51,8.704703600000357,0.16230960000029881,-0.03,-2.010238e-06,-0.0298980284,0.03,2.062554e-06,0.0301368359,0.0600348643,4.072792e-06,14740.469019778078
0,1.0,52,8.871558300000288,0.1668507000003956,-0.03,-2.011034e-06,-0.0298976937,0.03,2.062607e-06,0.0301362668,0.0600339605,4.073641e-06,14737.175048071245
0,1.0,53,9.04860009999993,0.17703749999964202,-0.03,-2.010778e-06,-0.029899291,0.03,2.064013e-06,0.0301371803,0.060036471300000005,4.074791000000001e-06,14733.632056220797
0,1.0,54,9.213463400000364,0.16486020000047574,-0.03,-2.010701e-06,-0.0298987888,0.03,2.062629e-06,0.0301358747,0.0600346635,4.07333e-06,14738.472821990854
0,1.0,55,9.381358399999954,0.16788569999971514,-0.03,-2.009354e-06,-0.0298976267,0.03,2.06268e-06,0.030135779,0.0600334057,4.072034000000001e-06,14742.85472567272
0,1.0,56,9.552051599999686,0.17068969999945693,-0.03,-2.008984e-06,-0.0298984254,0.03,2.064488e-06,0.0301370511,0.060035476500000004,4.073472e-06,14738.158627333145
0,1.0,57,9.716491700000006,0.16443710000021383,-0.03,-2.010293e-06,-0.0298985736,0.03,2.064177e-06,0.0301357168,0.060034290399999996,4.07447e-06,14734.257559878952
0,1.0,58,9.884217599999829,0.1677224999993996,-0.03,-2.009785e-06,-0.0298993292,0.03,2.063716e-06,0.0301379024,0.060037231600000004,4.073501e-06,14738.484561560192
0,1.0,59,10.051832000000104,0.16761099999985163,-0.03,-2.008799e-06,-0.0298987318,0.03,2.062396e-06,0.0301354253,0.0600341571,4.071195e-06,14746.077527605532
0,1.0,60,10.219453499999872,0.16761829999995825,-0.03,-2.009156e-06,-0.0298992435,0.03,2.064896e-06,0.0301371996,0.0600364431,4.074051999999999e-06,14736.297695758429
0,1.0,61,10.384713000000374,0.16525260000071285,-0.03,-2.010247e-06,-0.0298987366,0.03,2.063578e-06,0.0301353584,0.060034094999999996,4.073825e-06,14736.542438617269
0,1.0,62,10.55135539999992,0.16663880000032805,-0.03,-2.009995e-06,-0.0298981483,0.03,2.063331e-06,0.0301355066,0.0600336549,4.073326e-06,14738.239684228563
0,1.0,63,10.721389499999532,0.17002959999990708,-0.03,-2.009635e-06,-0.0298983444,0.03,2.063963e-06,0.0301363388,0.060034683199999994,4.073598000000001e-06,14737.508021164578
0,1.0,64,10.891351199999917,0.16995760000008886,-0.03,-2.010388e-06,-0.0298975744,0.03,2.062982e-06,0.0301362383,0.0600338127,4.07337e-06,14738.119223149382
0,1.0,65,11.058890999999676,0.16753089999929216,-0.03,-2.008713e-06,-0.0298993343,0.03,2.06276e-06,0.0301360757,0.06003541,4.071473e-06,14745.37839253754
0,1.0,66,11.221159400000033,0.16226459999961662,-0.03,-2.008755e-06,-0.0298986887,0.03,2.063048e-06,0.0301357505,0.0600344392,4.0718030000000004e-06,14743.94493053814
0,1.0,67,11.388085599999613,0.16692289999991772,-0.03,-2.009638e-06,-0.0298978231,0.03,2.06242e-06,0.0301352579,0.060033081,4.072058e-06,14742.688095307092
0,1.0,68,11.556135699999686,0.16804659999979776,-0.03,-2.009315e-06,-0.029898177,0.03,2.062872e-06,0.0301338711,0.0600320481,4.072187e-06,14741.967424383998
0,1.0,69,11.724146100000326,0.16800700000021607,-0.03,-2.010976e-06,-0.0298970866,0.03,2.062761e-06,0.030134818,0.060031904600000005,4.073737e-06,14736.323086149156
0,1.0,70,11.893925499999568,0.16977569999926345,-0.03,-2.008742e-06,-0.0298964602,0.03,2.063013e-06,0.0301337419,0.0600302021,4.071755e-06,14743.078132156772
0,1.0,71,12.056231399999888,0.16230209999957879,-0.03,-2.010269e-06,-0.0298973066,0.03,2.0637e-06,0.0301355066,0.0600328132,4.073969e-06,14735.706923641295
0,1.0,72,12.22098079999978,0.1647434999995312,-0.03,-2.009875e-06,-0.0298989518,0.03,2.063099e-06,0.0301355545,0.0600345063,4.072974e-06,14739.722448510594
0,1.0,73,12.387218300000313,0.16623400000025867,-0.03,-2.010275e-06,-0.0298970579,0.03,2.063165e-06,0.0301355401,0.060032598,4.07344e-06,14737.567755999842
0,1.0,74,12.557963999999629,0.17074179999963235,-0.03,-2.00894e-06,-0.029898244,0.03,2.063205e-06,0.030136224,0.060034468,4.072145e-06,14742.71372949637
0,1.0,75,12.725785999999971,0.1678156999996645,-0.03,-2.009833e-06,-0.0298970197,0.03,2.063235e-06,0.030134531,0.0600315507,4.073068e-06,14738.656634261937
0,1.0,76,12.887879199999588,0.16208889999961684,-0.03,-2.010426e-06,-0.0298982105,0.03,2.062702e-06,0.030135191,0.0600334015,4.073128e-06,14738.89391642001
0,1.0,77,13.06104250000044,0.17315750000034313,-0.03,-2.009695e-06,-0.029896158,0.03,2.063947e-06,0.0301371696,0.0600333276,4.073642e-06,14737.016065722024
0,1.0,78,13.225368000000344,0.16432140000051731,-0.03,-2.009451e-06,-0.0298962201,0.03,2.063172e-06,0.0301343002,0.0600305203,4.072623e-06,14740.014064645806
0,1.0,79,13.38774259999991,0.16236920000028476,-0.03,-2.010135e-06,-0.0298975783,0.03,2.062289e-06,0.0301357971,0.060033375400000005,4.072424e-06,14741.435420280404
0,1.0,80,13.55172980000043,0.16398280000066734,-0.03,-2.009482e-06,-0.0298979513,0.03,2.061822e-06,0.0301355436,0.0600334949,4.071304e-06,14745.520083982918
0,1.0,81,13.72120730000006,0.16947309999977733,-0.03,-2.010122e-06,-0.0298984344,0.03,2.063045e-06,0.030135778,0.060034212399999995,4.073167e-06,14738.951877003814
0,1.0,82,13.890652500000215,0.16944150000017544,-0.03,-2.01006e-06,-0.02989864,0.03,2.06392e-06,0.0301357158,0.0600343558,4.073980000000001e-06,14736.045783238993
0,1.0,83,14.054467099999783,0.16381060000003345,-0.03,-2.011058e-06,-0.0298971766,0.03,2.063757e-06,0.030136701,0.060033877599999994,4.074815e-06,14732.908757820907
0,1.0,84,14.230368100000305,0.17589090000001306,-0.03,-2.011551e-06,-0.0298970857,0.03,2.06339e-06,0.0301371649,0.0600342506,4.074941e-06,14732.544741138583
0,1.0,85,14.39580930000011,0.165432900000269,-0.03,-2.010459e-06,-0.0298951298,0.03,2.064298e-06,0.0301364905,0.060031620300000005,4.074756999999999e-06,14732.564494029953
0,1.0,86,14.563870099999804,0.16805699999986246,-0.03,-2.010947e-06,-0.0298987787,0.03,2.063078e-06,0.0301371936,0.060035972300000004,4.074025e-06,14736.279797006646
0,1.0,87,14.738834400000087,0.17496029999983875,-0.03,-2.009468e-06,-0.0298993382,0.03,2.062514e-06,0.030135558,0.0600348962,4.071982e-06,14743.409032751128
0,1.0,88,14.904845299999579,0.16600689999995666,-0.03,-2.011043e-06,-0.0298990226,0.03,2.064053e-06,0.0301365671,0.0600355897,4.075096e-06,14732.31298109296
0,1.0,89,15.069469500000196,0.16462000000046828,-0.03,-2.009695e-06,-0.0298978557,0.03,2.063258e-06,0.0301360793,0.060033935,4.0729529999999996e-06,14739.65817921297
0,1.0,90,15.233099299999594,0.16362579999986337,-0.03,-2.010928e-06,-0.0298974014,0.03,2.062977e-06,0.0301366579,0.0600340593,4.0739050000000004e-06,14736.24429141082
0,1.0,91,15.404558299999735,0.1714548999998442,-0.03,-2.01055e-06,-0.0298987548,0.03,2.062957e-06,0.0301357301,0.060034484900000004,4.073507e-06,14737.78856891617
0,1.0,92,15.572253399999681,0.16768879999926867,-0.03,-2.009574e-06,-0.0298978605,0.03,2.06344e-06,0.0301363519,0.0600342124,4.073014e-06,14739.505535704027
0,1.0,93,15.734379200000149,0.1621208000005936,-0.03,-2.010466e-06,-0.0298986496,0.03,2.062919e-06,0.0301372222,0.0600358718,4.073385e-06,14738.570451847789
0,1.0,94,15.907544400000006,0.1731603999996878,-0.03,-2.01068e-06,-0.0298994921,0.03,2.064259e-06,0.0301350325,0.0600345246,4.074939e-06,14732.619212213975
0,1.0,95,16.07440729999962,0.16685389999929612,-0.03,-2.00842e-06,-0.02989811,0.03,2.063519e-06,0.030134296,0.060032405999999996,4.071939e-06,14742.953172923268
0,1.0,96,16.23664970000027,0.1622387000006711,-0.03,-2.009796e-06,-0.0298980765,0.03,2.063542e-06,0.0301369407,0.0600350172,4.073338e-06,14738.530708720955
0,1.0,97,16.4034001,0.16674530000000232,-0.03,-2.009191e-06,-0.0298993678,0.03,2.062799e-06,0.0301355107,0.0600348785,4.07199e-06,14743.375720470825
0,1.0,98,16.57413639999959,0.1707321999992928,-0.03,-2.007918e-06,-0.0299000708,0.03,2.06265e-06,0.0301352286,0.060035299400000006,4.0705680000000004e-06,14748.629527869329
0,1.0,99,16.738038899999992,0.16389880000042467,-0.03,-2.008553e-06,-0.0298976892,0.03,2.0632e-06,0.0301368642,0.060034553399999996,4.071753e-06,14744.154028989477
0,1.0,100,16.89802940000027,0.15998670000044513,-0.03,-2.008926e-06,-0.0298977035,0.03,2.063405e-06,0.0301348938,0.060032597300000004,4.072331e-06,14741.581001151431
0,1.0,101,17.060806299999967,0.16277350000018487,-0.03,-2.007213e-06,-0.0298983443,0.03,2.063064e-06,0.0301370794,0.0600354237,4.070277e-06,14749.714503460084
0,1.0,102,17.229975000000195,0.16916480000054435,-0.03,-2.009214e-06,-0.0298984352,0.03,2.063485e-06,0.0301358981,0.0600343333,4.072699e-06,14740.675237723191
0,1.0,103,17.3923149000002,0.16233480000028067,-0.03,-2.008506e-06,-0.029898263,0.03,2.063904e-06,0.0301358838,0.0600341468,4.07241e-06,14741.675518918773
0,1.0,104,17.557222999999794,0.1649041999999099,-0.03,-2.008175e-06,-0.0298970148,0.03,2.063992e-06,0.0301371367,0.0600341515,4.0721669999999995e-06,14742.556358813381
0,1.0,105,17.73122599999988,0.1739969000000201,-0.03,-2.009597e-06,-0.0298991812,0.03,2.062711e-06,0.0301363907,0.0600355719,4.072308e-06,14742.394705901419
0,1.0,106,17.89627290000044,0.16504400000030728,-0.03,-2.007942e-06,-0.0298998699,0.03,2.063334e-06,0.030137395,0.0600372649,4.0712760000000005e-06,14746.547495183326
0,1.0,107,18.06910009999956,0.17282369999975344,-0.03,-2.008589e-06,-0.0299002812,0.03,2.063563e-06,0.030137218,0.0600374992,4.072152e-06,14743.43275987733
0,1.0,108,18.241788700000143,0.172685100000308,-0.03,-2.010555e-06,-0.029898593,0.03,2.063825e-06,0.0301361755,0.0600347685,4.07438e-06,14734.70037159028
0,1.0,109,18.403954299999896,0.1621594999996887,-0.03,-2.010062e-06,-0.0298982009,0.03,2.06442e-06,0.0301371894,0.060035390300000005,4.074482e-06,14734.484113563396
0,1.0,110,18.590981600000305,0.18702220000068337,-0.03,-2.008853e-06,-0.0298993199,0.03,2.064105e-06,0.0301362281,0.060035547999999994,4.072958e-06,14740.036111347084
0,1.0,111,18.766140499999892,0.17515480000020034,-0.03,-2.01011e-06,-0.0298998508,0.03,2.063367e-06,0.0301363922,0.060036243,4.073477e-06,14738.328705427823
0,1.0,112,18.93622190000042,0.17007750000084343,-0.03,-2.010658e-06,-0.0298994739,0.03,2.062588e-06,0.0301358279,0.060035301799999996,4.073246e-06,14738.933469768335
0,1.0,113,19.118410299999596,0.1821842999997898,-0.03,-2.008634e-06,-0.0298995887,0.03,2.062554e-06,0.0301348858,0.060034474500000004,4.071188e-06,14746.180844510252
0,1.0,114,19.280529800000295,0.1621160000004238,-0.03,-2.010009e-06,-0.0298992157,0.03,2.062593e-06,0.0301358805,0.0600350962,4.072601999999999e-06,14741.21365161634
0,1.0,115,19.44761749999998,0.16708120000021154,-0.03,-2.008293e-06,-0.0298984935,0.03,2.063005e-06,0.0301353066,0.06003380010000001,4.071298e-06,14745.616778727574
0,1.0,116,19.609811999999692,0.16219060000003083,-0.03,-2.009549e-06,-0.0298986848,0.03,2.062336e-06,0.0301350627,0.0600337475,4.071885e-06,14743.478143415152
0,1.0,117,19.78234749999956,0.17253149999942252,-0.03,-2.009241e-06,-0.0298999617,0.03,2.061553e-06,0.0301358088,0.0600357705,4.070794e-06,14747.926448746854
0,1.0,118,19.949873399999888,0.16752180000003136,-0.03,-2.008272e-06,-0.0298995887,0.03,2.062313e-06,0.0301338528,0.0600334415,4.070585e-06,14748.111512227357
0,1.0,119,20.11659150000014,0.16671099999985017,-0.03,-2.00889e-06,-0.0299005213,0.03,2.063372e-06,0.0301351488,0.0600356701,4.072262e-06,14742.585349370938
0,1.0,120,20.28351879999991,0.16692369999964285,-0.03,-2.009909e-06,-0.0298996843,0.03,2.06192e-06,0.0301351632,0.0600348475,4.071829e-06,14743.951059830853
0,1.0,121,20.448495200000252,0.1649729999999181,-0.03,-2.008495e-06,-0.0259627528,0.03,2.063779e-06,0.0301362392,0.056098992,4.0722740000000005e-06,13775.839248537794
0,1.0,122,20.61094419999972,0.162444399999913,-0.03,-2.008432e-06,-0.0298975705,0.03,2.063897e-06,0.0301365214,0.0600340919,4.072329e-06,14741.955254597553
0,1.0,123,20.778807300000153,0.16785880000043107,-0.03,-2.010439e-06,-0.0298980679,0.03,2.064045e-06,0.0301374778,0.0600355457,4.074483999999999e-06,14734.515020797728
0,1.0,124,20.9451052000004,0.1662941000004139,-0.03,-2.0087e-06,-0.0298984266,0.03,2.063258e-06,0.0301365453,0.0600349719,4.071957999999999e-06,14743.514520532875
0,1.0,125,21.112681599999632,0.1675679999998465,-0.03,-2.010031e-06,-0.0298975897,0.03,2.063573e-06,0.0301371287,0.060034718400000006,4.073604e-06,14737.494955327027
0,1.0,126,21.280451900000116,0.16776600000048347,-0.03,-2.008339e-06,-0.029897714,0.03,2.063528e-06,0.0301368179,0.0600345319,4.0718670000000005e-06,14743.735956994664
0,1.0,127,21.44254809999984,0.1620916000001671,-0.03,-2.009047e-06,-0.0298977905,0.03,2.063943e-06,0.0301362966,0.0600340871,4.07299e-06,14739.561624261292
0,1.0,128,21.616521799999646,0.1739686000000802,-0.03,-2.010388e-06,-0.0298982449,0.03,2.063121e-06,0.0301373005,0.0600355454,4.0735090000000005e-06,14738.04167365286
0,1.0,129,21.787147699999878,0.17062019999957556,-0.03,-2.009812e-06,-0.0298990237,0.03,2.063976e-06,0.0301355262,0.0600345499,4.073788e-06,14736.787947728255
0,1.0,130,21.949596999999812,0.1624452999994901,-0.03,-2.00877e-06,-0.0298975986,0.03,2.06341e-06,0.0301363105,0.0600339091,4.07218e-06,14742.449768919842
0,1.0,131,22.116324300000088,0.1667232999998305,-0.03,-2.00941e-06,-0.0298962882,0.03,2.06304e-06,0.0301362483,0.0600325365,4.07245e-06,14741.135311667422
0,1.0,132,22.28742659999989,0.17109739999978046,-0.03,-2.009077e-06,-0.0298967425,0.03,2.062786e-06,0.0301364588,0.060033201300000005,4.0718629999999995e-06,14743.423661355997
0,1.0,133,22.454384800000298,0.16695380000055593,-0.03,-2.0092e-06,-0.0298989233,0.03,2.063824e-06,0.0301346845,0.0600336078,4.0730240000000005e-06,14739.32090751245
0,1.0,134,22.620563100000254,0.1661738000002515,-0.03,-2.009781e-06,-0.0298976799,0.03,2.063736e-06,0.0301371426,0.0600348225,4.073517e-06,14737.835266183989
0,1.0,135,22.798647399999936,0.17807639999955427,-0.03,-2.009157e-06,-0.0298970438,0.03,2.062641e-06,0.0301355645,0.0600326083,4.071798e-06,14743.513381557728
0,1.0,136,22.970725199999833,0.172074000000066,-0.03,-2.009037e-06,-0.0298970916,0.03,2.063692e-06,0.0301369609,0.060034052500000004,4.072729e-06,14740.497710503203
0,1.0,137,23.135453300000336,0.16472340000018448,-0.03,-2.008535e-06,-0.0298971442,0.03,2.064115e-06,0.0301371522,0.0600342964,4.07265e-06,14740.843529397322
0,1.0,138,23.30567820000033,0.17022050000014133,-0.03,-2.009185e-06,-0.0298998415,0.03,2.06273e-06,0.0301371426,0.060036984099999996,4.071915e-06,14744.1643796592
0,1.0,139,23.469516199999816,0.16383279999990918,-0.03,-2.008518e-06,-0.0298989711,0.03,2.06354e-06,0.0301368892,0.0600358603,4.072058e-06,14743.370624878135
0,1.0,140,23.634240200000022,0.16472049999993033,-0.03,-2.008984e-06,-0.0298985646,0.03,2.063019e-06,0.0301357271,0.0600342917,4.072003e-06,14743.184545787417
0,1.0,141,23.799082700000326,0.16483830000015587,-0.03,-2.008319e-06,-0.0298986794,0.03,2.064407e-06,0.0301366596,0.060035339,4.072726e-06,14740.82445025764
0,1.0,142,23.974834599999667,0.1757436999996571,-0.03,-2.009788e-06,-0.02989823,0.03,2.063782e-06,0.0301359518,0.0600341818,4.07357e-06,14737.486234433189
0,1.0,143,24.13672510000015,0.16188690000035422,-0.03,-2.008197e-06,-0.0298969483,0.03,2.063758e-06,0.0301369561,0.060033904400000004,4.0719549999999995e-06,14743.26322368494
0,1.0,144,24.347487299999557,0.21075819999987289,-0.03,-2.008702e-06,-0.0298986173,0.03,2.064596e-06,0.0301360953,0.0600347126,4.073298e-06,14738.600662166136
0,1.0,145,24.512935200000356,0.16544040000007953,-0.03,-2.009104e-06,-0.0298997795,0.03,2.062317e-06,0.030136717,0.0600364965,4.0714210000000005e-06,14745.833579971217
0,1.0,146,24.688250600000174,0.1753116999998383,-0.03,-2.007916e-06,-0.0299000807,0.03,2.06256e-06,0.0301365831,0.0600366638,4.0704760000000004e-06,14749.298067351336
0,1.0,147,24.855679600000258,0.1674246000002313,-0.03,-2.008209e-06,-0.02989856,0.03,2.063068e-06,0.0301357797,0.0600343397,4.071277e-06,14745.82537616576
0,1.0,148,25.019636199999695,0.16395269999975426,-0.03,-2.008363e-06,-0.0298974122,0.03,2.064619e-06,0.0301376639,0.0600350761,4.0729820000000006e-06,14739.833394795261
0,1.0,149,25.182103899999674,0.1624564999992799,-0.03,-2.008802e-06,-0.0298974552,0.03,2.06396e-06,0.0301375491,0.0600350043,4.0727620000000004e-06,14740.611972906836
0,1.0,150,25.360193599999548,0.17808609999974578,-0.03,-2.009419e-06,-0.0298975509,0.03,2.064005e-06,0.0301387639,0.060036314800000004,4.073424e-06,14738.538094733081
0,1.0,151,25.527997700000014,0.16780000000017026,-0.03,-2.008983e-06,-0.0298957623,0.03,2.063383e-06,0.0301375874,0.0600333497,4.0723660000000005e-06,14741.639061911428
0,1.0,152,25.695343299999877,0.16734170000017912,-0.03,-2.009833e-06,-0.0298963409,0.03,2.06325e-06,0.0301355023,0.0600318432,4.073083e-06,14738.674168928057
0,1.0,153,25.86353710000003,0.16819050000049174,-0.03,-2.009519e-06,-0.0298953845,0.03,2.063406e-06,0.0301358992,0.0600312837,4.072925e-06,14739.108552207566
0,1.0,154,26.023601599999893,0.16006110000034823,-0.03,-2.007647e-06,-0.0298966087,0.03,2.063543e-06,0.0301352488,0.0600318575,4.07119e-06,14745.530790751598
0,1.0,155,26.185990799999672,0.1623822999999902,-0.03,-2.008766e-06,-0.0298963648,0.03,2.063985e-06,0.0301364779,0.0600328427,4.072751e-06,14740.121038580555
0,1.0,156,26.350682999999663,0.16468879999956698,-0.03,-2.009181e-06,-0.0298969053,0.03,2.063816e-06,0.0301359757,0.060032880999999996,4.072997e-06,14739.240171303833
0,1.0,157,26.51818009999988,0.1674924999997529,-0.03,-2.00917e-06,-0.0298962788,0.03,2.065488e-06,0.0301354114,0.0600316902,4.074658e-06,14732.93959885713
0,1.0,158,26.682359899999938,0.16417550000005576,-0.03,-2.009191e-06,-0.0298960588,0.03,2.064752e-06,0.0301363248,0.0600323836,4.073943e-06,14735.695516603939
0,1.0,159,26.844586999999592,0.16222319999997126,-0.03,-2.010301e-06,-0.0298976226,0.03,2.064936e-06,0.0301370852,0.0600347078,4.075237e-06,14731.58685004087
0,1.0,160,27.007524399999966,0.16293430000041553,-0.03,-2.009895e-06,-0.0298970966,0.03,2.065002e-06,0.0301356936,0.0600327902,4.074897000000001e-06,14732.345431062426
0,1.0,161,27.18179820000023,0.17427029999998922,-0.03,-2.009983e-06,-0.0298976943,0.03,2.064298e-06,0.0301372718,0.0600349661,4.074281e-06,14735.10690597924
0,1.0,162,27.35272350000014,0.1709219000003941,-0.03,-2.008931e-06,-0.029896101,0.03,2.064338e-06,0.0301368449,0.0600329459,4.073269000000001e-06,14738.271864686569
0,1.0,163,27.521023100000093,0.16829490000054648,-0.03,-2.010126e-06,-0.029896187,0.03,2.063968e-06,0.0301357737,0.0600319607,4.074094e-06,14735.045558595359
0,1.0,164,27.691828299999543,0.1708002999994278,-0.03,-2.010642e-06,-0.0298968948,0.03,2.064986e-06,0.0301367971,0.060033691900000005,4.075628e-06,14729.924296329302
0,1.0,165,27.855569399999695,0.16373429999930522,-0.03,-2.009738e-06,-0.0298988891,0.03,2.063969e-06,0.0301352955,0.0600341846,4.0737070000000005e-06,14736.991295643009
0,1.0,166,28.023529699999926,0.16795679999995627,-0.03,-2.009011e-06,-0.029896804,0.03,2.06408e-06,0.0301351089,0.0600319129,4.073091e-06,14738.66233285728
0,1.0,167,28.1930725000002,0.16953879999982746,-0.03,-2.010921e-06,-0.0298949532,0.03,2.065577e-06,0.030137261,0.0600322142,4.076498e-06,14726.41816578838
0,1.0,168,28.360420899999554,0.1673414999995657,-0.03,-2.008464e-06,-0.0298974257,0.03,2.064451e-06,0.030136735,0.060034160700000005,4.072915000000001e-06,14739.85111400557
0,1.0,169,28.525621099999626,0.16519629999947938,-0.03,-2.00977e-06,-0.0298966175,0.03,2.064522e-06,0.0301356398,0.0600322573,4.074292e-06,14734.4022716094
0,1.0,170,28.691913399999976,0.16628860000037093,-0.03,-2.01092e-06,-0.0298986117,0.03,2.062501e-06,0.0301348363,0.060033448,4.073421e-06,14737.84516748944
0,1.0,171,28.85944600000039,0.16752870000073017,-0.03,-2.00969e-06,-0.0298960149,0.03,2.06297e-06,0.0301363858,0.0600324007,4.07266e-06,14740.34186502188
0,1.0,172,29.02721610000026,0.16776579999987007,-0.03,-2.00901e-06,-0.029896847,0.03,2.063739e-06,0.0301350085,0.0600318555,4.072749e-06,14739.88588543021
0,1.0,173,29.18933459999971,0.16211109999949258,-0.03,-2.009564e-06,-0.0298986404,0.03,2.064629e-06,0.0301368019,0.0600354423,4.074193e-06,14735.542057040499
0,1.0,174,29.35934300000008,0.17000439999992523,-0.03,-2.009136e-06,-0.029896847,0.03,2.064806e-06,0.0301383753,0.060035222299999996,4.073942e-06,14736.395928071632
0,1.0,175,29.523116800000025,0.16376560000026075,-0.03,-2.011016e-06,-0.0298971292,0.03,2.06467e-06,0.0301383562,0.060035485400000005,4.075686e-06,14730.154727326886
0,1.0,176,29.68535619999966,0.16223529999933817,-0.03,-2.01038e-06,-0.0298975022,0.03,2.065414e-06,0.0301376866,0.0600351888,4.075794e-06,14729.691637997405
0,1.0,177,29.85949569999957,0.1741303999997399,-0.03,-2.010364e-06,-0.0298963831,0.03,2.064393e-06,0.0301366728,0.0600330559,4.074757e-06,14732.91680951772
0,1.0,178,30.040356900000006,0.1808573999996952,-0.03,-2.008648e-06,-0.0298975953,0.03,2.064752e-06,0.0301371393,0.0600347346,4.073400000000001e-06,14738.237001031077
0,0.3,0,0.12860799999998562,0.12860640000053536,-0.03,-1.888247e-06,-0.0298879626,0.03,2.115186e-06,0.0301365087,0.0600244713,4.003433e-06,14993.24986830053
0,0.3,1,0.24918049999996583,0.12056900000061432,-0.03,-2.300239e-06,-0.0298964749,0.03,2.253085e-06,0.0301373376,0.060033812500000006,4.553324e-06,13184.612494081248
0,0.3,2,0.3715281999993749,0.12234449999959907,-0.03,-2.225834e-06,-0.0298985313,0.03,2.014171e-06,0.0301359348,0.0600344661,4.240005e-06,14159.055496396819
0,0.3,3,0.49825460000010935,0.12672270000075514,-0.03,-1.986311e-06,-0.029894036,0.03,2.406751e-06,0.0301342579,0.0600282939,4.393062e-06,13664.340248327933
0,0.3,4,0.6221777000000657,0.12391569999999774,-0.03,-1.678928e-06,-0.0298923072,0.03,1.730797e-06,0.0301414154,0.0600337226,3.4097249999999998e-06,17606.61713188014
0,0.3,5,0.7480423999995764,0.12586089999967953,-0.03,-2.094047e-06,-0.0298923231,0.03,2.093278e-06,0.0301331739,0.060025497,4.187325e-06,14335.046121330444
0,0.3,6,0.8738039999998364,0.12575740000011137,-0.03,-2.336759e-06,-0.0298963402,0.03,2.411295e-06,0.0301379084,0.0600342486,4.748054e-06,12643.969213492515
0,0.3,7,0.9959202000000005,0.1221123000004809,-0.03,-1.742477e-06,-0.0298981416,0.03,1.872039e-06,0.0301435196,0.0600416612,3.6145160000000003e-06,16611.258934806207
0,0.3,8,1.1182394999996177,0.12231509999946866,-0.03,-1.649092e-06,-0.0298928651,0.03,2.404905e-06,0.0301389924,0.060031857499999994,4.053997e-06,14808.066582190366
0,0.3,9,1.2262863999994806,0.10804259999986243,-0.03,-1.704149e-06,-0.0298983551,0.03,2.162938e-06,0.0301349243,0.0600332794,3.867087e-06,15524.160537376067
0,0.3,10,1.351625399999648,0.1253340000002936,-0.03,-1.704318e-06,-0.0298997579,0.03,1.995278e-06,0.030141811,0.0600415689,3.699596e-06,16229.22310976658
0,0.3,11,1.4664097999993828,0.11477999999988242,-0.03,-1.954048e-06,-0.0298866063,0.03,1.713084e-06,0.0301384155,0.0600250218,3.667132e-06,16368.383194278254
0,0.3,12,1.5876287000000957,0.12121509999997215,-0.03,-2.372411e-06,-0.0299073141,0.03,2.36854e-06,0.0301382242,0.0600455383,4.740951e-06,12665.294009577403
0,0.3,13,1.7114394000000175,0.12380680000023858,-0.03,-2.347873e-06,-0.0299034085,0.03,2.026445e-06,0.0301448718,0.0600482803,4.374318e-06,13727.461126511607
0,0.3,14,1.8333898000000772,0.12194069999986823,-0.03,-1.969701e-06,-0.0298969203,0.03,2.232872e-06,0.0301354663,0.0600323866,4.2025730000000005e-06,14284.67431737652
0,0.3,15,1.9510481999996045,0.11765469999954803,-0.03,-1.752828e-06,-0.0299083293,0.03,1.824182e-06,0.0301356664,0.060043995700000005,3.5770099999999997e-06,16786.085501578138
0,0.3,16,2.0730220999994344,0.12196959999982937,-0.03,-1.987301e-06,-0.0299020804,0.03,2.175264e-06,0.0301363359,0.060038416299999994,4.162565e-06,14423.418324999127
0,0.3,17,2.2022797999998147,0.12925350000023172,-0.03,-1.772009e-06,-0.0299018572,0.03,2.389631e-06,0.0301213511,0.0600232083,4.16164e-06,14422.969862842532
0,0.3,18,2.317793000000165,0.11550900000020192,-0.03,-2.158629e-06,-0.0298963574,0.03,1.704307e-06,0.0301352679,0.0600316253,3.862936e-06,15540.414156486155
0,0.3,19,2.4398755000001984,0.1220792000003712,-0.03,-1.702288e-06,-0.0298958951,0.03,2.172197e-06,0.0301477499,0.060043645,3.874485e-06,15497.193820598093
0,0.3,20,2.568923299999369,0.1290434999991703,-0.03,-1.936234e-06,-0.0298969792,0.03,2.014168e-06,0.0301457573,0.0600427365,3.950402e-06,15199.145935021297
0,0.3,21,2.689672999999857,0.12074589999974705,-0.03,-2.161142e-06,-0.0298972183,0.03,2.413126e-06,0.0301393297,0.060036547999999995,4.574268e-06,13124.842707073567
0,0.3,22,2.8105963999996675,0.12091989999953512,-0.03,-2.094538e-06,-0.0299086002,0.03,2.020189e-06,0.0301291752,0.0600377754,4.114727e-06,14590.949873466696
0,0.3,23,2.9381392999994205,0.12753929999962565,-0.03,-2.00609e-06,-0.0299082335,0.03,2.102197e-06,0.0301402383,0.0600484718,4.108287e-06,14616.425726829697
0,0.3,24,3.058251599999494,0.12010430000009364,-0.03,-1.764286e-06,-0.0299048381,0.03,1.882982e-06,0.0301352009,0.060040039,3.6472679999999998e-06,16461.64718359057
0,0.3,25,3.172881999999845,0.11462659999961033,-0.03,-1.792158e-06,-0.0298995138,0.03,2.259352e-06,0.0301279955,0.060027509300000004,4.05151e-06,14816.083213419195
0,0.3,26,3.2866526999996495,0.1137668000001213,-0.03,-1.751661e-06,-0.0299037541,0.03,2.380212e-06,0.0301356632,0.060039417299999995,4.131873e-06,14530.799300946568
0,0.3,27,3.4019116999998005,0.11525499999970634,-0.03,-2.357185e-06,-0.0299030959,0.03,1.930364e-06,0.0301484946,0.0600515905,4.287549e-06,14006.041796840107
0,0.3,28,3.5299261999998635,0.12801070000023174,-0.03,-2.18121e-06,-0.0298910283,0.03,1.825337e-06,0.0301428035,0.0600338318,4.006547e-06,14983.93299766607
0,0.3,29,3.6508771999997407,0.12094629999955941,-0.03,-2.044126e-06,-0.029897915,0.03,2.410983e-06,0.0301353589,0.0600332739,4.455109e-06,13475.152661809172
0,0.3,30,3.7727482000000236,0.1218672000004517,-0.03,-1.952712e-06,-0.0299053436,0.03,2.17783e-06,0.0301313417,0.0600366853,4.130542e-06,14534.82020035143
0,0.3,31,3.8988210999996227,0.12606849999974656,-0.03,-1.753972e-06,-0.0299064117,0.03,2.338597e-06,0.0301284085,0.0600348202,4.092569e-06,14669.2261511046
0,0.3,32,4.019647000000077,0.12082240000017919,-0.03,-1.879956e-06,-0.029892208,0.03,1.697381e-06,0.0301457743,0.0600379823,3.577337e-06,16782.870134963523
0,0.3,33,4.133716800000002,0.11406609999994544,-0.03,-1.956895e-06,-0.0299039558,0.03,2.364807e-06,0.0301303437,0.0600342995,4.321702e-06,13891.355651083762
0,0.3,34,4.255688100000043,0.1219663000001674,-0.03,-1.681507e-06,-0.0299018835,0.03,2.421807e-06,0.0301386966,0.060040580100000004,4.103314e-06,14632.216813044286
0,0.3,35,4.378751399999601,0.12305870000000141,-0.03,-2.329323e-06,-0.0298930842,0.03,2.293628e-06,0.0301368475,0.0600299317,4.622951e-06,12985.197485329176
0,0.3,36,4.500496199999361,0.12174019999929442,-0.03,-1.909831e-06,-0.0298873137,0.03,2.058745e-06,0.0301372779,0.060024591599999996,3.968576000000001e-06,15124.969661662013
0,0.3,37,4.623623999999836,0.12312329999986105,-0.03,-2.05799e-06,-0.0299018994,0.03,1.764749e-06,0.0301448019,0.060046701300000005,3.822739e-06,15707.769036808426
0,0.3,38,4.75273180000022,0.12910400000055233,-0.03,-1.823164e-06,-0.0298920322,0.03,2.068867e-06,0.030140096,0.06003212820000001,3.892031e-06,15424.37051503444
0,0.3,39,4.875646499999675,0.12291110000023764,-0.03,-1.725625e-06,-0.0299008948,0.03,2.401169e-06,0.0301282362,0.060029131,4.126794e-06,14546.190335645539
0,0.3,40,5.004126199999519,0.12847489999967365,-0.03,-1.645948e-06,-0.0298925101,0.03,2.378987e-06,0.0301330343,0.0600255444,4.024935e-06,14913.419570750832
0,0.3,41,5.121484799999962,0.11735399999997753,-0.03,-2.352311e-06,-0.0298985196,0.03,1.906783e-06,0.0301453563,0.0600438759,4.259094e-06,14097.804814826815
0,0.3,42,5.243849599999521,0.12236049999955867,-0.03,-2.209884e-06,-0.0298968618,0.03,1.769177e-06,0.0301396178,0.0600364796,3.9790610000000006e-06,15088.10234374391
0,0.3,43,5.371143899999879,0.12729060000037862,-0.03,-2.341925e-06,-0.0299011817,0.03,1.700182e-06,0.0301336401,0.0600348218,4.042107e-06,14852.358386356424
0,0.3,44,5.495705499999531,0.12455829999998969,-0.03,-1.867758e-06,-0.0298997537,0.03,1.941806e-06,0.0301317551,0.0600315088,3.8095639999999998e-06,15758.104811994235
0,0.3,45,5.617588899999646,0.12187949999952252,-0.03,-1.652912e-06,-0.029894812,0.03,2.377091e-06,0.0301320739,0.0600268859,4.030003e-06,14894.997820100878
0,0.3,46,5.747899699999834,0.13030650000018795,-0.03,-1.833448e-06,-0.0299036433,0.03,2.124224e-06,0.0301325044,0.0600361477,3.957672e-06,15169.561221849612
0,0.3,47,5.866315100000065,0.1184108000006745,-0.03,-2.179022e-06,-0.0298930107,0.03,2.2034e-06,0.0301324884,0.060025499100000004,4.382422e-06,13696.877913628583
0,0.3,48,5.988258200000018,0.12193939999997383,-0.03,-2.344026e-06,-0.0299016507,0.03,1.915268e-06,0.03013421,0.0600358607,4.259294e-06,14095.261022131835
0,0.3,49,6.111933600000157,0.12367059999996854,-0.03,-2.105229e-06,-0.0299029737,0.03,2.045166e-06,0.030131278,0.0600342517,4.150395e-06,14464.707985625466
0,0.3,50,6.227552800000012,0.1156146000002991,-0.03,-1.75049e-06,-0.0298968237,0.03,2.393371e-06,0.0301524952,0.060049318899999996,4.143861e-06,14491.151826762527
0,0.3,51,6.350200699999732,0.12264479999976174,-0.03,-2.176903e-06,-0.0299044912,0.03,2.078007e-06,0.0301279942,0.0600324854,4.2549099999999996e-06,14108.99064845085
0,0.3,52,6.471555199999784,0.12135029999990365,-0.03,-1.941016e-06,-0.0298902721,0.03,2.163953e-06,0.0301393281,0.060029600200000005,4.104969000000001e-06,14623.642760761408
0,0.3,53,6.597192100000029,0.12563289999980043,-0.03,-2.016712e-06,-0.0299068823,0.03,2.336655e-06,0.0301406353,0.0600475176,4.353366999999999e-06,13793.35066398032
0,0.3,54,6.719358199999988,0.12215749999995751,-0.03,-1.817885e-06,-0.0298993423,0.03,2.102643e-06,0.0301319476,0.0600312899,3.920528e-06,15312.042127999086
0,0.3,55,6.834933699999965,0.11557170000014594,-0.03,-2.003149e-06,-0.0298996285,0.03,1.820095e-06,0.0301334445,0.060033073,3.823244e-06,15702.129657432277
0,0.3,56,6.9464146000000255,0.11147660000005999,-0.03,-2.33103e-06,-0.0298979228,0.03,1.707991e-06,0.0301378122,0.060035735,4.0390210000000006e-06,14863.93237371135
0,0.3,57,7.0733636999993905,0.12694499999997788,-0.03,-2.322462e-06,-0.0298958346,0.03,2.025852e-06,0.0301316272,0.0600274618,4.348314e-06,13804.76704304243
0,0.3,58,7.1947198999996544,0.12135250000028464,-0.03,-1.68583e-06,-0.0298967592,0.03,1.93086e-06,0.0301299534,0.060026712600000004,3.61669e-06,16597.14064517556
0,0.3,59,7.309312999999747,0.11458800000036717,-0.03,-1.646039e-06,-0.0299018602,0.03,2.037664e-06,0.0301281043,0.060029964500000005,3.683703e-06,16296.092410273035
0,0.3,60,7.430324500000097,0.1210071000004973,-0.03,-2.006744e-06,-0.0299160792,0.03,2.051955e-06,0.0301432958,0.060059375,4.0586989999999995e-06,14797.691329167303
0,0.3,61,7.548332299999856,0.11800270000003366,-0.03,-1.927757e-06,-0.0298999314,0.03,2.429397e-06,0.0301315763,0.0600315077,4.357154e-06,13777.68784394584
0,0.3,62,7.670438399999512,0.12210249999952794,-0.03,-2.066672e-06,-0.0299140784,0.03,2.062038e-06,0.0301370919,0.0600511703,4.128710000000001e-06,14544.777981500272
0,0.3,63,7.797389599999406,0.12694699999974546,-0.03,-1.865578e-06,-0.029894997,0.03,2.354719e-06,0.0301199553,0.0600149523,4.220297e-06,14220.551847417373
0,0.3,64,7.92244429999937,0.12504709999939223,-0.03,-2.362435e-06,-0.0299056934,0.03,1.806467e-06,0.0301388773,0.060044570699999994,4.168902e-06,14402.970062620805
0,0.3,65,8.036938299999747,0.11448759999984759,-0.03,-2.327702e-06,-0.0298962404,0.03,2.323193e-06,0.0301235261,0.0600197665,4.6508949999999995e-06,12904.992802460603
0,0.3,66,8.146924099999524,0.109981799999332,-0.03,-1.860211e-06,-0.0298834717,0.03,2.432753e-06,0.0301595051,0.0600429768,4.292964e-06,13986.368578911914
0,0.3,67,8.269913399999496,0.12298509999982343,-0.03,-2.19007e-06,-0.0299021545,0.03,1.993369e-06,0.0301366945,0.060038849,4.183439e-06,14351.553590239992
0,0.3,68,8.386259199999586,0.11634159999994154,-0.03,-1.914878e-06,-0.0298799734,0.03,1.966485e-06,0.030132167,0.0600121404,3.881363e-06,15461.615004832063
0,0.3,69,8.52307699999983,0.13681400000041322,-0.03,-1.646024e-06,-0.0299085087,0.03,2.062727e-06,0.0301562867,0.060064795399999996,3.708751e-06,16195.424119872161
0,0.3,70,8.644811399999526,0.12173059999986435,-0.03,-2.334012e-06,-0.0298923121,0.03,1.699238e-06,0.0301328366,0.0600251487,4.03325e-06,14882.575763962066
0,0.3,71,8.771984899999552,0.1271694999995816,-0.03,-2.365082e-06,-0.0298808502,0.03,1.921254e-06,0.0301375234,0.0600183736,4.286336e-06,14002.255912742257
0,0.3,72,8.89202380000006,0.12003400000048714,-0.03,-1.701718e-06,-0.0298890919,0.03,2.13155e-06,0.0301430073,0.0600320992,3.833268e-06,15660.81453214333
0,0.3,73,9.016079899999568,0.12405159999980242,-0.03,-1.69478e-06,-0.0298969809,0.03,2.426503e-06,0.0301284151,0.060025396,4.121283e-06,14564.73530208918
0,0.3,74,9.14155049999954,0.12546320000001288,-0.03,-1.751065e-06,-0.0298926608,0.03,2.209935e-06,0.0301433362,0.060035997,3.961e-06,15156.777833880335
0,0.3,75,9.255801799999972,0.11424770000030549,-0.03,-2.297748e-06,-0.0298951955,0.03,1.704153e-06,0.0301324801,0.0600276756,4.001901e-06,14999.790249683838
0,0.3,76,9.377868800000215,0.12206330000026355,-0.03,-1.698463e-06,-0.0299080441,0.03,2.067023e-06,0.0301517532,0.060059797299999995,3.765486e-06,15950.078502482813
0,0.3,77,9.506588700000066,0.12871429999995598,-0.03,-1.948985e-06,-0.0298884204,0.03,2.106958e-06,0.0301389842,0.0600274046,4.0559430000000005e-06,14799.863952723199
0,0.3,78,9.623380799999723,0.11678789999950823,-0.03,-2.188616e-06,-0.0299058921,0.03,2.341871e-06,0.030131699,0.0600375911,4.5304869999999995e-06,13251.906715547359
0,0.3,79,9.73593819999951,0.11255369999980758,-0.03,-2.3729e-06,-0.0298902141,0.03,1.88666e-06,0.0301290089,0.060019223,4.2595600000000004e-06,14090.47483777667
0,0.3,80,9.861272299999655,0.12533040000016626,-0.03,-1.736216e-06,-0.0298954109,0.03,1.715844e-06,0.0301327391,0.06002815,3.45206e-06,17389.080722814782
0,0.3,81,9.98583999999937,0.12456349999956728,-0.03,-1.953495e-06,-0.0298974513,0.03,1.722705e-06,0.0301364375,0.0600338888,3.6762e-06,16330.419672487895
0,0.3,82,10.108803099999932,0.12295950000043376,-0.03,-2.282857e-06,-0.029895634,0.03,1.840074e-06,0.0301346839,0.060030317900000005,4.122931000000001e-06,14560.107336261508
0,0.3,83,10.231993700000203,0.12318649999997433,-0.03,-1.993022e-06,-0.0299096302,0.03,2.393632e-06,0.0301415545,0.060051184699999996,4.386654e-06,13689.519323839992
0,0.3,84,10.357659100000092,0.12565880000056495,-0.03,-2.172211e-06,-0.0298973397,0.03,2.320975e-06,0.030135762,0.0600331017,4.493186e-06,13360.920669654006
0,0.3,85,10.84979999999996,0.4921372999997402,-0.03,-1.943235e-06,-0.029897004,0.03,2.259221e-06,0.0301389502,0.060035954200000005,4.2024560000000005e-06,14285.920947179458
0,0.3,86,11.220668699999806,0.3708641000002899,-0.03,-1.844312e-06,-0.0298945031,0.03,1.91591e-06,0.0301452886,0.0600397917,3.760222e-06,15967.086969865075
0,0.3,87,11.342631399999846,0.12195840000003955,-0.03,-2.266561e-06,-0.029899301,0.03,1.752609e-06,0.0301184293,0.0600177303,4.01917e-06,14932.866810809197
0,0.3,88,11.470593799999733,0.12795829999959096,-0.03,-2.337764e-06,-0.0298952682,0.03,1.711881e-06,0.0301306236,0.060025891799999995,4.049645e-06,14822.507108647795
0,0.3,89,11.591363999999885,0.12076369999977032,-0.03,-1.749342e-06,-0.0298918251,0.03,2.276451e-06,0.0301337319,0.060025557,4.025793e-06,14910.244267402722
0,0.3,90,11.70527949999996,0.113911299999927,-0.03,-1.696556e-06,-0.0299309741,0.03,2.400323e-06,0.0301458547,0.060076828799999996,4.096879000000001e-06,14664.047632356236
0,0.3,91,11.827725899999677,0.12244209999971645,-0.03,-2.329412e-06,-0.0298898787,0.03,1.934907e-06,0.0301279531,0.060017831800000004,4.2643189999999994e-06,14074.423559775902
0,0.3,92,11.987410900000214,0.1596811000008529,-0.03,-1.778443e-06,-0.0298974665,0.03,2.38542e-06,0.0301340585,0.060031525,4.163863e-06,14417.267090679978
0,0.3,93,12.103543199999876,0.11612560000048688,-0.03,-2.072802e-06,-0.0298916481,0.03,2.344144e-06,0.0301173046,0.0600089527,4.416946e-06,13586.073431733148
0,0.3,94,12.22532129999945,0.1217713999994885,-0.03,-2.374651e-06,-0.0298982955,0.03,1.718986e-06,0.0301338991,0.060032194600000005,4.0936370000000005e-06,14664.757671478932
0,0.3,95,12.354627799999435,0.12930229999983567,-0.03,-2.306056e-06,-0.0299023444,0.03,1.948366e-06,0.030123614,0.060025958399999996,4.254422e-06,14109.07484024857
0,0.3,96,12.474842099999478,0.12021109999932378,-0.03,-1.667068e-06,-0.0299098809,0.03,1.79143e-06,0.0301440661,0.060053946999999996,3.4584980000000004e-06,17364.169937354305
0,0.3,97,12.618010600000162,0.14316500000040833,-0.03,-1.673548e-06,-0.029903393,0.03,2.092112e-06,0.0301445443,0.0600479373,3.76566e-06,15946.191982281991
0,0.3,98,12.732284499999878,0.11427000000003318,-0.03,-1.991762e-06,-0.0298988499,0.03,2.383898e-06,0.0301355856,0.0600344355,4.37566e-06,13720.086912602897
0,0.3,99,12.85553759999948,0.12324959999932616,-0.03,-1.679105e-06,-0.0298893173,0.03,2.378747e-06,0.0301250646,0.0600143819,4.057852e-06,14789.692157328556
0,0.3,100,12.980048100000204,0.12450680000074499,-0.03,-2.374227e-06,-0.029893159,0.03,1.872385e-06,0.0301432212,0.0600363802,4.2466120000000005e-06,14137.477170035783
0,0.3,101,13.105718099999649,0.12566619999961404,-0.03,-2.260717e-06,-0.0298750866,0.03,1.709534e-06,0.030136082,0.0600111686,3.970251e-06,15115.207728680125
0,0.3,102,13.2263825,0.1206599000006463,-0.03,-2.305002e-06,-0.0298889709,0.03,1.876063e-06,0.0301357473,0.0600247182,4.181065e-06,14356.322659418116
0,0.3,103,13.351550100000168,0.1251642000006541,-0.03,-1.667947e-06,-0.0298929242,0.03,2.336455e-06,0.0301339141,0.060026838299999996,4.004402e-06,14990.212845763237
0,0.3,104,13.472465400000146,0.12090850000004139,-0.03,-1.689334e-06,-0.0299015003,0.03,2.385133e-06,0.0301245887,0.060026089000000005,4.074467e-06,14732.255531827845
0,0.3,105,13.587503499999912,0.11503429999993386,-0.03,-1.66455e-06,-0.0298826744,0.03,2.419754e-06,0.030136624,0.060019298400000004,4.084304e-06,14695.110452111303
0,0.3,106,13.71336489999976,0.12585779999972146,-0.03,-1.921864e-06,-0.0298960645,0.03,2.385755e-06,0.0301420914,0.0600381559,4.3076189999999995e-06,13937.66623742722
0,0.3,107,13.836603599999762,0.12323500000002241,-0.03,-1.64294e-06,-0.0298887096,0.03,2.411786e-06,0.0301260227,0.0600147323,4.054726e-06,14801.180720966102
0,0.3,108,13.960658500000136,0.12405140000009851,-0.03,-1.909822e-06,-0.0298901283,0.03,1.699454e-06,0.0301412943,0.060031422599999995,3.609276e-06,16632.53865872269
0,0.3,109,14.086108099999365,0.1254434999991645,-0.03,-1.929604e-06,-0.0298965526,0.03,1.852486e-06,0.0301318731,0.0600284257,3.78209e-06,15871.760243674793
0,0.3,110,14.199058799999875,0.11294710000038322,-0.03,-2.142322e-06,-0.0299106604,0.03,2.105886e-06,0.0301244286,0.060035089,4.248208e-06,14131.861952145471
0,0.3,111,14.323395599999458,0.12433319999945525,-0.03,-2.138397e-06,-0.0299018131,0.03,2.134904e-06,0.0301396205,0.0600414336,4.273301e-06,14050.363782003657
0,0.3,112,14.439041099999486,0.1156379999993078,-0.03,-2.364344e-06,-0.0298907022,0.03,2.093603e-06,0.0301302568,0.060020959,4.457947e-06,13463.81170525356
0,0.3,113,14.555150999999569,0.1161058999996385,-0.03,-2.13295e-06,-0.029927759,0.03,1.841599e-06,0.0301209153,0.0600486743,3.974549e-06,15108.298903850477
0,0.3,114,14.680202699999427,0.12504489999992074,-0.03,-2.368156e-06,-0.0298996072,0.03,1.908566e-06,0.0301379882,0.060037595400000004,4.276722e-06,14038.227268454672
0,0.3,115,14.803086699999767,0.12287949999972625,-0.03,-2.275829e-06,-0.0298994318,0.03,1.706763e-06,0.0301214573,0.0600208891,3.9825919999999996e-06,15070.810442043778
0,0.3,116,14.923772999999528,0.1206824000000779,-0.03,-2.372888e-06,-0.0299123122,0.03,1.698484e-06,0.0301312611,0.0600435733,4.071372e-06,14747.749235392886
0,0.3,117,15.04722589999983,0.12344800000028044,-0.03,-1.679583e-06,-0.0298754565,0.03,1.920378e-06,0.0301444284,0.0600198849,3.5999610000000002e-06,16672.370867351063
0,0.3,118,15.170631799999683,0.12340210000002116,-0.03,-2.051225e-06,-0.0298960204,0.03,2.109495e-06,0.030135752,0.0600317724,4.16072e-06,14428.217327770193
0,0.3,119,15.282633400000122,0.1119979000004605,-0.03,-1.697639e-06,-0.0298999079,0.03,2.221879e-06,0.0301215167,0.0600214246,3.9195179999999996e-06,15313.470840036965
0,0.3,120,15.40602349999972,0.12338619999991352,-0.03,-2.38047e-06,-0.0298966081,0.03,1.775033e-06,0.0301501627,0.060046770799999996,4.155503e-06,14449.940428390977
0,0.3,121,15.534101799999917,0.12807470000007015,-0.03,-2.147572e-06,-0.0298799339,0.03,1.929729e-06,0.0301281641,0.060008097999999996,4.077301e-06,14717.603139920255
0,0.3,122,15.654856999999538,0.12075169999934587,-0.03,-1.6629e-06,-0.0298886217,0.03,1.748053e-06,0.0301284032,0.0600170249,3.410953e-06,17595.383137791698
0,0.3,123,15.776787299999341,0.1219264999999723,-0.03,-1.715792e-06,-0.0298898811,0.03,2.188713e-06,0.0301405343,0.0600304154,3.904505e-06,15374.654508061842
0,0.3,124,15.893063200000142,0.11627080000016576,-0.03,-1.938234e-06,-0.0298938162,0.03,1.970916e-06,0.0301373568,0.060031173,3.90915e-06,15356.579563332183
0,0.3,125,16.017889099999593,0.12482120000004215,-0.03,-2.320363e-06,-0.0298913614,0.03,2.127834e-06,0.0301466184,0.0600379798,4.448196999999999e-06,13497.14947427014
0,0.3,126,16.1388465,0.12095349999981408,-0.03,-2.012102e-06,-0.0298934655,0.03,1.96516e-06,0.0301248593,0.0600183248,3.977261999999999e-06,15090.362364863067
0,0.3,127,16.2608209,0.12196959999982937,-0.03,-2.114115e-06,-0.029908657,0.03,1.79508e-06,0.0301418362,0.0600504932,3.909195e-06,15361.345033952002
0,0.3,128,16.393851699999686,0.1330270999997083,-0.03,-1.885889e-06,-0.0298907875,0.03,2.04703e-06,0.0301352367,0.0600260242,3.9329189999999995e-06,15262.461342326147
0,0.3,129,16.51607739999963,0.12221929999941494,-0.03,-1.65806e-06,-0.0298938003,0.03,2.364061e-06,0.0301367989,0.0600305992,4.022121e-06,14925.11020926521
0,0.3,130,16.631748899999366,0.11566799999945943,-0.03,-1.881123e-06,-0.0299061369,0.03,2.321808e-06,0.0301395922,0.0600457291,4.202931e-06,14286.632138381525
0,0.3,131,16.757914099999653,0.12616019999950367,-0.03,-2.237399e-06,-0.0299026458,0.03,2.236756e-06,0.0301474353,0.0600500811,4.4741550000000005e-06,13421.546884272
0,0.3,132,16.880060599999524,0.12214299999959621,-0.03,-2.019846e-06,-0.0298943086,0.03,1.962079e-06,0.0301300754,0.060024384,3.981925e-06,15074.212598178017
0,0.3,133,17.01201149999997,0.13194660000044678,-0.03,-2.26877e-06,-0.029875291,0.03,1.845477e-06,0.0301615113,0.0600368023,4.114247e-06,14592.415647383348
0,0.3,134,17.12542249999933,0.11340339999969729,-0.03,-1.66414e-06,-0.0298855092,0.03,1.777164e-06,0.0301353997,0.0600209089,3.4413039999999997e-06,17441.327153892827
0,0.3,135,17.250747999999476,0.1253219000000172,-0.03,-2.213063e-06,-0.0299023588,0.03,2.203692e-06,0.0301418588,0.060044217600000005,4.416755e-06,13594.64529954684
0,0.3,136,17.36826209999981,0.11751000000003842,-0.03,-1.704467e-06,-0.0298976353,0.03,2.027423e-06,0.0301317358,0.0600293711,3.73189e-06,16085.514605200045
0,0.3,137,17.492700400000103,0.1244343000007575,-0.03,-1.892903e-06,-0.0299303155,0.03,2.416188e-06,0.0301381125,0.060068428,4.3090909999999995e-06,13939.930254431853
0,0.3,138,17.61389700000018,0.12119290000009642,-0.03,-1.642885e-06,-0.0298945586,0.03,2.430639e-06,0.0301295837,0.0600241423,4.073524e-06,14735.18808284915
0,0.3,139,17.735913299999993,0.12201189999996132,-0.03,-1.659817e-06,-0.0298948615,0.03,2.268701e-06,0.0301269693,0.0600218308,3.928518e-06,15278.491991127445
0,0.3,140,17.86035279999942,0.1244354000000385,-0.03,-2.364569e-06,-0.0298962006,0.03,1.819941e-06,0.0301363111,0.0600325117,4.18451e-06,14346.36593053906
0,0.3,141,17.983780399999887,0.12342360000002373,-0.03,-2.279719e-06,-0.0298989266,0.03,1.76757e-06,0.0301333468,0.0600322734,4.047289e-06,14832.712316812564
0,0.3,142,18.105702899999415,0.12191849999999249,-0.03,-2.366864e-06,-0.0299033318,0.03,1.728725e-06,0.0301325338,0.0600358656,4.095589e-06,14658.664626748436
0,0.3,143,18.23027009999987,0.12456350000047678,-0.03,-1.65586e-06,-0.0299058345,0.03,2.299305e-06,0.0301320555,0.06003789,3.955165e-06,15179.617032412049
0,0.3,144,18.352292399999897,0.12201530000038474,-0.03,-1.739139e-06,-0.0299072693,0.03,2.408556e-06,0.0301315773,0.0600388466,4.147695000000001e-06,14475.231809474899
0,0.3,145,18.48439950000011,0.13210280000021157,-0.03,-1.654836e-06,-0.0298991073,0.03,2.417687e-06,0.0301376509,0.0600367582,4.072523e-06,14741.907706844135
0,0.3,146,18.60143269999935,0.11702939999941009,-0.03,-2.344726e-06,-0.0299041129,0.03,1.983026e-06,0.0301349409,0.060039053800000006,4.327752e-06,13873.034730271052
0,0.3,147,18.724271500000214,0.12283120000029157,-0.03,-2.33315e-06,-0.0298951075,0.03,1.706898e-06,0.0301361503,0.0600312578,4.040048e-06,14859.045684605728
0,0.3,148,18.852886699999544,0.12861179999981687,-0.03,-2.356181e-06,-0.0298977696,0.03,1.874803e-06,0.0301320215,0.0600297911,4.230984e-06,14188.13947299257
0,0.3,149,18.971238600000106,0.11834600000020146,-0.03,-1.637505e-06,-0.02991658,0.03,2.082474e-06,0.0301159689,0.0600325489,3.719979e-06,16137.873063261917
0,0.3,150,19.083428500000082,0.11218640000060986,-0.03,-1.678208e-06,-0.0298947568,0.03,1.757814e-06,0.0301357996,0.0600305564,3.436022e-06,17470.94646076189
0,0.3,151,19.207180999999764,0.12374859999999899,-0.03,-2.371033e-06,-0.0298957292,0.03,2.089771e-06,0.0301434672,0.060039196399999994,4.460804000000001e-06,13459.276937520677
0,0.3,152,19.32179670000005,0.11461169999984122,-0.03,-1.777858e-06,-0.0299032374,0.03,2.39163e-06,0.0301406776,0.060043915,4.169488e-06,14400.788538065106
0,0.3,153,19.428408499999932,0.10660809999990306,-0.03,-2.34085e-06,-0.0299001727,0.03,2.257616e-06,0.0301315087,0.0600316814,4.598466e-06,13054.718986722964
0,0.3,154,19.555808299999626,0.12739309999960824,-0.03,-1.897963e-06,-0.029893334,0.03,2.430845e-06,0.0301304566,0.0600237906,4.328808e-06,13866.124485077647
0,0.3,155,19.67025719999947,0.11444549999941955,-0.03,-1.855587e-06,-0.0298976221,0.03,2.276287e-06,0.0301318116,0.060029433699999996,4.131874e-06,14528.37954400352
0,0.3,156,19.792401900000186,0.12214080000012473,-0.03,-1.736668e-06,-0.0299048594,0.03,1.93776e-06,0.0301363229,0.0600411823,3.674428e-06,16340.279983714474
0,0.3,157,19.915300599999682,0.12289520000012999,-0.03,-1.644909e-06,-0.0298918355,0.03,2.409814e-06,0.0301355737,0.0600274092,4.054723e-06,14804.318124813952
0,0.3,158,20.041236600000047,0.12593139999989944,-0.03,-1.795428e-06,-0.0298975265,0.03,2.163492e-06,0.0301406111,0.0600381376,3.95892e-06,15165.28184454346
0,0.3,159,20.158542499999385,0.11730169999918871,-0.03,-2.329786e-06,-0.0299033583,0.03,2.33029e-06,0.0301456585,0.060049016799999994,4.660076000000001e-06,12885.844951884901
0,0.3,160,20.28034839999964,0.12180199999966135,-0.03,-2.105988e-06,-0.0298929649,0.03,1.833385e-06,0.0301405255,0.0600334904,3.939372999999999e-06,15239.351643015274
0,0.3,161,20.408387599999514,0.12803540000004432,-0.03,-1.636127e-06,-0.0299052234,0.03,2.016119e-06,0.0301357432,0.060040966599999995,3.652246e-06,16439.463990103624
0,0.3,162,20.52987469999971,0.12148330000036367,-0.03,-1.931887e-06,-0.0299080928,0.03,2.179564e-06,0.0301275974,0.060035690200000005,4.1114510000000005e-06,14602.068758693706
0,0.3,163,20.65168679999988,0.12180820000048698,-0.03,-1.762014e-06,-0.0298959936,0.03,2.380025e-06,0.030131216,0.0600272096,4.142039e-06,14492.188412518568
0,0.3,164,20.77908269999989,0.1273884000001999,-0.03,-1.675785e-06,-0.0299025772,0.03,2.428687e-06,0.0301375286,0.0600401058,4.1044719999999995e-06,14627.973049883154
0,0.3,165,20.904023000000052,0.1249364000004789,-0.03,-2.157492e-06,-0.0298969643,0.03,2.249345e-06,0.030139268,0.0600362323,4.4068369999999994e-06,13623.42929861032
0,0.3,166,21.026282799999535,0.12225599999965198,-0.03,-2.360557e-06,-0.0298964701,0.03,1.798609e-06,0.0301354421,0.060031912199999996,4.159166e-06,14433.641792609382
0,0.3,167,21.14788419999968,0.12159719999999652,-0.03,-2.129157e-06,-0.0298947325,0.03,2.04502e-06,0.030134661,0.0600293935,4.174177e-06,14381.132735866255
0,0.3,168,21.258845599999404,0.11095750000004045,-0.03,-1.960133e-06,-0.0298977454,0.03,2.048785e-06,0.030144688,0.0600424334,4.008918e-06,14977.216645488883
0,0.3,169,21.381919800000105,0.1230706000005739,-0.03,-2.151003e-06,-0.0298982555,0.03,1.744696e-06,0.0301350436,0.0600332991,3.8956990000000004e-06,15410.14824297257
0,0.3,170,21.50504699999965,0.12311810000028345,-0.03,-2.352341e-06,-0.0298945571,0.03,2.074214e-06,0.030145047,0.060039604100000005,4.4265549999999995e-06,13563.505728495413
0,0.3,171,21.621209799999633,0.11615840000013122,-0.03,-1.646644e-06,-0.0299028917,0.03,2.3819e-06,0.0301380963,0.060040988,4.028544e-06,14903.892820830553
0,0.3,172,21.75801539999975,0.13680199999998877,-0.03,-2.330643e-06,-0.0298851803,0.03,2.112407e-06,0.0301399934,0.060025173700000004,4.44305e-06,13509.902814508054
0,0.3,173,21.885639799999808,0.12761829999999463,-0.03,-2.040853e-06,-0.0298960526,0.03,2.039803e-06,0.0301594106,0.0600554632,4.080655999999999e-06,14717.109994079385
0,0.3,174,22.00406320000002,0.11841030000050523,-0.03,-2.204696e-06,-0.0298934382,0.03,2.326151e-06,0.0301264746,0.060019912800000005,4.530847e-06,13246.952015815144
0,0.3,175,22.126332199999524,0.12226499999997031,-0.03,-2.358136e-06,-0.0299019511,0.03,1.826285e-06,0.0301408861,0.060042837200000004,4.184421e-06,14349.138674143927
0,0.3,176,22.241673599999558,0.11533770000005461,-0.03,-2.11643e-06,-0.0298986432,0.03,2.116307e-06,0.0301175079,0.0600161511,4.2327370000000005e-06,14179.040913716111
0,0.3,177,22.366838500000085,0.12516120000054798,-0.03,-1.783087e-06,-0.0298912142,0.03,1.948759e-06,0.0301366383,0.0600278525,3.7318459999999996e-06,16085.297330061318
0,0.3,178,22.488703799999712,0.12186139999994339,-0.03,-2.069001e-06,-0.0299007475,0.03,2.109534e-06,0.0301370528,0.0600378003,4.178535e-06,14368.145845374038
0,0.3,179,22.610803900000064,0.12209669999992911,-0.03,-1.891812e-06,-0.0298971446,0.03,2.432604e-06,0.0301301818,0.0600273264,4.324416e-06,13881.024952271011
0,0.3,180,22.736437300000034,0.12562909999996918,-0.03,-2.135518e-06,-0.029897304,0.03,2.196125e-06,0.0301489455,0.060046249499999996,4.331643e-06,13862.234145334689
0,0.3,181,22.85835059999954,0.12190879999980098,-0.03,-1.913092e-06,-0.0298957736,0.03,2.101547e-06,0.0301414687,0.0600372423,4.0146390000000005e-06,14954.580548836395
0,0.3,182,22.984661599999527,0.12630369999988034,-0.03,-2.077142e-06,-0.0298788594,0.03,1.933941e-06,0.0301396928,0.0600185522,4.011083e-06,14963.178822278172
0,0.3,183,23.10982679999961,0.12516169999980775,-0.03,-1.640685e-06,-0.0298962038,0.03,2.190267e-06,0.0301365682,0.060032772,3.830952e-06,15670.457891406628
0,0.3,184,23.2307694000001,0.12093540000023495,-0.03,-1.757675e-06,-0.0299110293,0.03,2.334296e-06,0.0301317698,0.0600427991,4.091971e-06,14673.319801142286
0,0.3,185,23.354633799999647,0.12386049999986426,-0.03,-1.700951e-06,-0.0298995834,0.03,2.25088e-06,0.0301339697,0.0600335531,3.951831e-06,15191.326020773662
0,0.3,186,23.479836499999692,0.12519820000034088,-0.03,-2.378293e-06,-0.0299021659,0.03,1.863984e-06,0.0301420681,0.060044234,4.2422770000000004e-06,14153.774965661129
0,0.3,187,23.6040981999995,0.1242575999995097,-0.03,-2.255095e-06,-0.0298999181,0.03,1.75324e-06,0.0301343884,0.060034306499999995,4.008335e-06,14977.367535398113
0,0.3,188,23.725891999999476,0.12178959999982908,-0.03,-2.355735e-06,-0.0298954798,0.03,1.78274e-06,0.0301216832,0.060017163,4.138475e-06,14502.241284531137
0,0.3,189,23.85039119999965,0.12449500000002445,-0.03,-1.662889e-06,-0.0299071488,0.03,2.32768e-06,0.0301359984,0.0600431472,3.990569e-06,15046.262124524097
0,0.3,190,23.971870399999716,0.12147499999991851,-0.03,-1.716559e-06,-0.029902478,0.03,2.374464e-06,0.0301483529,0.060050830900000005,4.091023e-06,14678.683277996728
0,0.3,191,24.086308899999494,0.11443509999935486,-0.03,-1.659476e-06,-0.0298945871,0.03,2.422302e-06,0.030140717,0.060035304100000006,4.081778e-06,14708.125748142109
0,0.3,192,24.20787779999955,0.12156539999978122,-0.03,-2.094475e-06,-0.0298930727,0.03,2.109546e-06,0.030127422,0.060020494699999996,4.204021e-06,14276.925519639412
0,0.3,193,24.32933739999953,0.12145650000002206,-0.03,-1.964184e-06,-0.0298993074,0.03,2.316847e-06,0.0301395587,0.0600388661,4.281031e-06,14024.394147110825
0,0.3,194,24.449452799999563,0.12010909999935393,-0.03,-1.798552e-06,-0.0299023522,0.03,2.190639e-06,0.030133214,0.0600355662,3.989190999999999e-06,15049.559221406047
0,0.3,195,24.570647699999427,0.1211909999992713,-0.03,-1.780677e-06,-0.029910036,0.03,2.330378e-06,0.0301412485,0.060051284499999996,4.111055e-06,14607.26857217916
0,0.3,196,24.6986452000001,0.127993900000547,-0.03,-1.696174e-06,-0.0298954337,0.03,2.403498e-06,0.0301418702,0.060037303900000005,4.099672e-06,14644.416406971095
0,0.3,197,24.828211799999735,0.1295626999999513,-0.03,-2.151814e-06,-0.0298927874,0.03,1.927865e-06,0.0301410572,0.0600338446,4.079679e-06,14715.335348687971
0,0.3,198,24.945154699999875,0.1169382999996742,-0.03,-1.928383e-06,-0.0298996581,0.03,1.970269e-06,0.0301513873,0.0600510454,3.898652000000001e-06,15403.027867067896
0,0.3,199,25.06946059999973,0.12430239999957848,-0.03,-2.226147e-06,-0.0299029458,0.03,2.070027e-06,0.0301405523,0.0600434981,4.296174e-06,13976.039634335108
0,0.3,200,25.4233693999995,0.3539050999997926,-0.03,-1.774058e-06,-0.0299089717,0.03,1.703655e-06,0.0301310046,0.0600399763,3.477713e-06,17264.21251552385
0,0.3,201,25.546088000000054,0.1227126000003409,-0.03,-2.358575e-06,-0.0298926282,0.03,1.771171e-06,0.0301328378,0.060025466,4.129746e-06,14534.90505227198
0,0.3,202,25.6865200000002,0.14042070000050444,-0.03,-2.106575e-06,-0.0298967409,0.03,2.117371e-06,0.0301312597,0.0600280006,4.2239459999999995e-06,14211.35606373756
0,0.3,203,25.813301899999715,0.12677799999983108,-0.03,-2.0632e-06,-0.0298989088,0.03,2.435444e-06,0.0301344319,0.0600333407,4.498644e-06,13344.763599875874
0,0.3,204,25.933460899999773,0.12015119999978197,-0.03,-1.657252e-06,-0.029895912,0.03,1.912826e-06,0.0301271948,0.0600231068,3.5700779999999997e-06,16812.8278429771
0,0.3,205,26.04833629999939,0.11486799999966024,-0.03,-1.65897e-06,-0.0298974741,0.03,2.118158e-06,0.0301375244,0.060034998500000006,3.7771279999999997e-06,15894.351078385485
0,0.3,206,26.167168599999968,0.11882860000059736,-0.03,-1.891304e-06,-0.0298938238,0.03,2.133467e-06,0.0301416057,0.0600354295,4.024771e-06,14916.483322902099
0,0.3,207,26.293036699999902,0.12586319999991247,-0.03,-1.82238e-06,-0.0299001045,0.03,2.397504e-06,0.0301378118,0.0600379163,4.219884e-06,14227.385468415721
0,0.3,208,26.415145799999664,0.12210479999976087,-0.03,-1.649688e-06,-0.029897825,0.03,2.335355e-06,0.030142068,0.060039893,3.985043e-06,15066.309949478587
0,0.3,209,26.53909719999956,0.12394489999951475,-0.03,-1.823453e-06,-0.0299067677,0.03,1.843808e-06,0.0301340657,0.0600408334,3.667261e-06,16372.118973806337
0,0.3,210,26.671723599999495,0.1326218999993216,-0.03,-2.004059e-06,-0.029895402,0.03,1.709933e-06,0.030143678,0.06003908,3.713992e-06,16165.64602185465
0,0.3,211,26.79424829999971,0.12252040000021225,-0.03,-1.679671e-06,-0.0299020971,0.03,2.427456e-06,0.0301370784,0.0600391755,4.1071270000000006e-06,14618.290474095393
0,0.3,212,26.909877699999925,0.11562560000038502,-0.03,-1.721079e-06,-0.029908515,0.03,2.388878e-06,0.0301326787,0.060041193699999995,4.109957e-06,14608.715784617696
0,0.3,213,27.035054599999967,0.12517320000006293,-0.03,-2.092194e-06,-0.0298997474,0.03,2.320238e-06,0.0301363133,0.0600360607,4.4124319999999995e-06,13606.115788299969
0,0.3,214,27.157217099999798,0.12215230000037991,-0.03,-1.838181e-06,-0.0298970374,0.03,2.144963e-06,0.0301410638,0.0600381012,3.9831439999999996e-06,15073.043103638734
0,0.3,215,27.27826499999992,0.12104379999982484,-0.03,-2.033389e-06,-0.0298981054,0.03,2.039847e-06,0.0301392465,0.0600373519,4.073236e-06,14739.472964493094
0,0.3,216,27.401346900000135,0.12307760000021517,-0.03,-2.077798e-06,-0.0299010705,0.03,1.750247e-06,0.0301351336,0.060036204100000004,3.828045e-06,15683.254533319227
0,0.3,217,27.528184599999804,0.12683389999983774,-0.03,-2.369599e-06,-0.0299053427,0.03,1.995417e-06,0.0301424792,0.0600478219,4.365016e-06,13756.609803950318
0,0.3,218,27.65083649999997,0.12264830000003712,-0.03,-1.877207e-06,-0.0298987567,0.03,2.431575e-06,0.0301122547,0.0600110114,4.308782e-06,13927.604459914659
0,0.3,219,27.77584729999944,0.12500699999964127,-0.03,-2.219105e-06,-0.0298847445,0.03,2.192632e-06,0.0301445994,0.060029343900000004,4.411737e-06,13606.736734306693
0,0.3,220,27.897919799999727,0.12206669999977748,-0.03,-1.921783e-06,-0.0298986292,0.03,2.010098e-06,0.0301327391,0.0600313683,3.931881e-06,15267.849739094341
0,0.3,221,28.021700499999497,0.12377699999979086,-0.03,-2.117019e-06,-0.0298977843,0.03,1.692759e-06,0.0301359592,0.0600337435,3.809778e-06,15757.80622912936
0,0.3,222,28.146004000000175,0.12429920000067796,-0.03,-1.714095e-06,-0.0298976249,0.03,1.931838e-06,0.0301436748,0.060041299699999995,3.6459330000000004e-06,16468.0205862258
0,0.3,223,28.26001180000003,0.11400349999985337,-0.03,-2.072697e-06,-0.029894147,0.03,1.748391e-06,0.0301445955,0.0600387425,3.821088e-06,15712.473122838312
0,0.3,224,28.381434199999603,0.1214150999994672,-0.03,-2.323674e-06,-0.029900348,0.03,2.199047e-06,0.0301261038,0.060026451800000005,4.522721e-06,13272.198705160015
0,0.3,225,28.50397989999965,0.1225414999998975,-0.03,-2.380516e-06,-0.0298949121,0.03,1.717545e-06,0.0301350468,0.0600299589,4.098061e-06,14648.381002625389
0,0.3,226,28.630042400000093,0.12605950000033772,-0.03,-2.274858e-06,-0.0299065332,0.03,1.940059e-06,0.0301408653,0.0600473985,4.214917000000001e-06,14246.40117468505
0,0.3,227,28.75214479999977,0.1220989000003101,-0.03,-1.687943e-06,-0.0299002365,0.03,1.846402e-06,0.0301464925,0.060046729,3.534345e-06,16989.492819744537
0,0.3,228,28.87377269999979,0.12162369999987277,-0.03,-1.64804e-06,-0.0298940832,0.03,2.401733e-06,0.0301314122,0.060025495400000003,4.049773e-06,14821.940735937545
0,0.3,229,28.99912989999939,0.12535319999915373,-0.03,-1.735174e-06,-0.0298981229,0.03,2.07538e-06,0.0301416575,0.0600397804,3.810554e-06,15756.181489620669
0,0.3,230,29.11466139999993,0.11552780000056373,-0.03,-2.26937e-06,-0.0298956361,0.03,1.699991e-06,0.0301435067,0.0600391428,3.969361e-06,15125.644354343181
0,0.3,231,29.238063499999953,0.12339849999989383,-0.03,-1.858339e-06,-0.0298986968,0.03,1.707527e-06,0.0301425502,0.060041247,3.5658660000000004e-06,16837.77433027489
0,0.3,232,29.353536200000235,0.11546810000072583,-0.03,-2.192497e-06,-0.0298924318,0.03,2.243566e-06,0.0301351852,0.060027617000000005,4.436063e-06,13531.732304072328
0,0.3,233,29.479929600000105,0.12638740000056714,-0.03,-2.381846e-06,-0.029903001,0.03,1.797752e-06,0.0301367156,0.0600397166,4.179597999999999e-06,14364.950074145889
0,0.3,234,29.600608199999442,0.12067149999984395,-0.03,-2.338631e-06,-0.0298911725,0.03,1.746836e-06,0.0301410357,0.0600322082,4.085467e-06,14694.08716310767
0,0.3,235,29.725538499999857,0.12492589999965276,-0.03,-2.361691e-06,-0.0299065352,0.03,2.371727e-06,0.0301337255,0.0600402607,4.733418e-06,12684.335230905024
0,0.3,236,29.847663599999578,0.12212069999986852,-0.03,-1.738784e-06,-0.0299013066,0.03,2.14428e-06,0.0301347936,0.0600361002,3.883064e-06,15461.012283083668
0,0.3,237,29.9694271999997,0.12175899999965623,-0.03,-1.841037e-06,-0.0299027572,0.03,2.32894e-06,0.0301355428,0.0600383,4.169977e-06,14397.753272979682
0,0.3,238,30.093545300000187,0.1241146000002118,-0.03,-1.701373e-06,-0.029906057,0.03,1.91954e-06,0.0301331835,0.0600392405,3.620913e-06,16581.24359795444
0,3.0,0,0.597987799999828,0.5979872999996587,-0.03,-2.00888e-06,-0.0298973776,0.03,2.063779e-06,0.0301376054,0.060034983,4.072659e-06,14740.979541866873
0,3.0,1,1.1971227000003637,0.5991315999999642,-0.03,-2.008146e-06,-0.0298971225,0.03,2.063488e-06,0.0301370586,0.0600341811,4.071634e-06,14744.493512923806
0,3.0,2,1.794405800000277,0.5972797000003993,-0.03,-2.008634e-06,-0.0298977076,0.03,2.063988e-06,0.0301373743,0.060035081899999995,4.072622e-06,14741.137748605197
0,3.0,3,2.390624800000296,0.5962121000002298,-0.03,-2.008248e-06,-0.0298972693,0.03,2.065082e-06,0.0301366583,0.0600339276,4.07333e-06,14738.29215899522
0,3.0,4,2.9868404999997438,0.5962119999994684,-0.03,-2.008977e-06,-0.0298986976,0.03,2.063541e-06,0.0301366711,0.0600353687,4.072518e-06,14741.584616691689
0,3.0,5,3.5841836999998122,0.5973395000000892,-0.03,-2.007878e-06,-0.0298984234,0.03,2.06416e-06,0.0301365101,0.0600349335,4.072038e-06,14743.215436594648
0,3.0,6,4.182716500000424,0.5985292000004847,-0.03,-2.007831e-06,-0.0298976821,0.03,2.063583e-06,0.0301368815,0.0600345636,4.071414e-06,14745.384183480237
0,3.0,7,4.779983999999786,0.5972633999999744,-0.03,-2.00875e-06,-0.0298971369,0.03,2.063924e-06,0.0301363969,0.0600335338,4.072674e-06,14740.569414591004
0,3.0,8,5.3798295000005965,0.5998420000005353,-0.03,-2.00934e-06,-0.0298982305,0.03,2.064342e-06,0.0301364199,0.0600346504,4.073682e-06,14737.196079615442
0,3.0,9,5.974885700000414,0.5950527000004513,-0.03,-2.007872e-06,-0.0298980064,0.03,2.064382e-06,0.0301366973,0.0600347037,4.072254e-06,14742.376998094913
0,3.0,10,6.57150030000048,0.5966102000002138,-0.03,-2.009176e-06,-0.0298979251,0.03,2.064556e-06,0.0301360373,0.0600339624,4.0737320000000005e-06,14736.846311932153
0,3.0,11,7.168846300000041,0.5973421999997299,-0.03,-2.009335e-06,-0.0298970388,0.03,2.065063e-06,0.0301352578,0.0600322966,4.074398e-06,14734.028585327207
0,3.0,12,7.7686773000004905,0.599827699999878,-0.03,-2.009896e-06,-0.0298977291,0.03,2.065126e-06,0.0301354586,0.060033187700000004,4.075021999999999e-06,14731.991066551302
0,3.0,13,8.366560600000412,0.5978758999999627,-0.03,-2.008872e-06,-0.0298977753,0.03,2.064402e-06,0.0301356388,0.0600334141,4.073274e-06,14738.368717645804
0,3.0,14,8.965142200000628,0.598576100000173,-0.03,-2.009479e-06,-0.0298974825,0.03,2.064316e-06,0.0301358038,0.0600332863,4.0737949999999995e-06,14736.452447901775
0,3.0,15,9.560024800000065,0.5948785999999018,-0.03,-2.008983e-06,-0.029897618,0.03,2.064944e-06,0.0301361114,0.0600337294,4.073927e-06,14736.083734440996
0,3.0,16,10.15729999999985,0.5972711999993408,-0.03,-2.009739e-06,-0.0298975941,0.03,2.064199e-06,0.0301361704,0.0600337645,4.073938e-06,14736.05256142828
0,3.0,17,10.755212000000029,0.5979074999995646,-0.03,-2.009106e-06,-0.0298980915,0.03,2.064284e-06,0.0301355264,0.0600336179,4.07339e-06,14737.999037656597
0,3.0,18,11.35509490000004,0.599878400000307,-0.03,-2.009273e-06,-0.0298988901,0.03,2.063916e-06,0.0301354642,0.060034354299999995,4.073189e-06,14738.907106937584
0,3.0,19,11.954873399999997,0.5997747000001254,-0.03,-2.009428e-06,-0.0298986478,0.03,2.063835e-06,0.0301353858,0.0600340336,4.073263e-06,14738.560608534239
0,3.0,20,12.53607220000049,0.5811950000006618,-0.03,-2.009308e-06,-0.029899432,0.03,2.063892e-06,0.03013555,0.060034982,4.0732e-06,14739.0214082294
0,3.0,21,13.132826799999748,0.596750400000019,-0.03,-2.009456e-06,-0.0298984548,0.03,2.064058e-06,0.0301358625,0.0600343173,4.073514e-06,14737.722099396246
0,3.0,22,13.730722899999819,0.5978924000000916,-0.03,-2.009414e-06,-0.0298989426,0.03,2.063965e-06,0.0301356855,0.0600346281,4.073379e-06,14738.286837537093
0,3.0,23,14.329296400000203,0.5985658999998122,-0.03,-2.008957e-06,-0.0298993953,0.03,2.064096e-06,0.0301352519,0.0600346472,4.073053e-06,14739.471153456634
0,3.0,24,14.931491500000448,0.6021905000006882,-0.03,-2.009505e-06,-0.0299000584,0.03,2.063531e-06,0.03013588,0.0600359384,4.073036e-06,14739.84968460873
0,3.0,25,15.530692899999849,0.5991966999999931,-0.03,-2.009811e-06,-0.0298995926,0.03,2.06401e-06,0.0301351477,0.0600347403,4.073821e-06,14736.715309779198
0,3.0,26,16.12685160000001,0.5961547999995673,-0.03,-2.010164e-06,-0.0298984895,0.03,2.06304e-06,0.0301359368,0.0600344263,4.0732039999999995e-06,14738.870505872037
0,3.0,27,16.722938400000203,0.5960828999996011,-0.03,-2.009111e-06,-0.029897643,0.03,2.063738e-06,0.0301360022,0.0600336452,4.072849e-06,14739.963401540297
0,3.0,28,17.322049200000038,0.5991063000001304,-0.03,-2.009227e-06,-0.0298974007,0.03,2.063689e-06,0.0301365665,0.060033967199999996,4.072916e-06,14739.799986054217
0,3.0,29,17.9200122000002,0.597959699999592,-0.03,-2.009623e-06,-0.0298984911,0.03,2.063844e-06,0.0301360388,0.0600345299,4.073467000000001e-06,14737.944335869173
0,3.0,30,18.50589620000028,0.5858798999997816,-0.03,-2.009879e-06,-0.0298982631,0.03,2.063694e-06,0.0301359474,0.060034210500000004,4.073573000000001e-06,14737.482426361328
0,3.0,31,19.102081400000316,0.5961806000004799,-0.03,-2.009991e-06,-0.0298984444,0.03,2.063391e-06,0.0301354389,0.0600338833,4.073382e-06,14738.09313734877
0,3.0,32,19.698869100000593,0.5967837000007421,-0.03,-2.009324e-06,-0.0298981447,0.03,2.063461e-06,0.0301352189,0.0600333636,4.072785e-06,14740.125884376415
0,3.0,33,20.296757300000536,0.5978838999999425,-0.03,-2.009249e-06,-0.0298988461,0.03,2.063308e-06,0.0301354086,0.0600342547,4.072557e-06,14741.169908733016
0,3.0,34,20.894637800000055,0.5978772999997091,-0.03,-2.009313e-06,-0.0298983248,0.03,2.063923e-06,0.0301360367,0.0600343615,4.073236e-06,14738.738806197332
0,3.0,35,21.491320500000256,0.5966786999997566,-0.03,-2.009841e-06,-0.0298984715,0.03,2.063642e-06,0.0301356987,0.0600341702,4.073482999999999e-06,14737.798144732655
0,3.0,36,22.088704400000097,0.5973800000001575,-0.03,-2.009547e-06,-0.0298982952,0.03,2.063842e-06,0.0301354573,0.0600337525,4.073389e-06,14738.035699512127
0,3.0,37,22.684816099999807,0.596107899999879,-0.03,-2.009119e-06,-0.029898614,0.03,2.063884e-06,0.0301350332,0.0600336472,4.073003e-06,14739.40657544323
0,3.0,38,23.282136800000444,0.5973143999999593,-0.03,-2.009167e-06,-0.0298983223,0.03,2.064192e-06,0.0301350667,0.060033389,4.073359e-06,14738.055005709046
0,3.0,39,23.878869799999848,0.5967293999992762,-0.03,-2.009508e-06,-0.0298987049,0.03,2.063945e-06,0.0301347495,0.0600334544,4.073453000000001e-06,14737.730961913636
0,3.0,40,24.476185800000167,0.5973119999998744,-0.03,-2.009941e-06,-0.0298987208,0.03,2.063882e-06,0.0301346984,0.0600334192,4.073823e-06,14736.38378496071
0,3.0,41,25.074718800000483,0.598527600000125,-0.03,-2.009554e-06,-0.0298978887,0.03,2.063781e-06,0.0301351142,0.0600330029,4.073335e-06,14738.047054808896
0,3.0,42,25.657031800000368,0.5823095000005196,-0.03,-2.009113e-06,-0.0298991284,0.03,2.063628e-06,0.0301341402,0.060033268599999995,4.072741e-06,14740.261804028294
0,3.0,43,26.253778799999964,0.5967432999996163,-0.03,-2.010141e-06,-0.0298983441,0.03,2.063916e-06,0.0301349133,0.0600332574,4.0740569999999995e-06,14735.49766240384
0,3.0,44,26.84939410000061,0.595611500000814,-0.03,-2.010088e-06,-0.0298990726,0.03,2.064282e-06,0.0301348942,0.060033966800000005,4.07437e-06,14734.539769338575
0,3.0,45,27.447911100000056,0.5985129000000597,-0.03,-2.009594e-06,-0.0298975837,0.03,2.063763e-06,0.0301345084,0.060032092100000004,4.073357e-06,14737.743855989054
0,3.0,46,28.045688899999732,0.5977737999992314,-0.03,-2.009524e-06,-0.029897995,0.03,2.063507e-06,0.030135331,0.060033326,4.073031e-06,14739.226389389132
0,3.0,47,28.644790700000158,0.599096500000087,-0.03,-2.009479e-06,-0.0298970802,0.03,2.063802e-06,0.0301352402,0.0600323204,4.073281e-06,14738.074883613479
0,3.0,48,29.239689500000168,0.5948943000003055,-0.03,-2.009347e-06,-0.0298975999,0.03,2.063591e-06,0.0301358699,0.0600334698,4.072938e-06,14739.598245787194
0,3.0,49,29.837157500000103,0.597464200000104,-0.03,-2.009701e-06,-0.0298977864,0.03,2.063837e-06,0.0301352928,0.060033079200000006,4.073538e-06,14737.331332124559
0,3.0,50,30.435108800000307,0.5979472999997597,-0.03,-2.010807e-06,-0.0298982136,0.03,2.063607e-06,0.0301351828,0.0600333964,4.0744139999999994e-06,14734.240653993436
0,5.0,0,0.9168469000005643,0.9168463000005431,-0.03,-2.010983e-06,-0.0298973525,0.03,2.064268e-06,0.0301360798,0.060033432299999995,4.075251e-06,14731.223254714861
0,5.0,1,1.8320341999997254,0.9151838999996471,-0.03,-2.010904e-06,-0.0298986093,0.03,2.062737e-06,0.0301354352,0.0600340445,4.073641e-06,14737.19566844501
0,5.0,2,2.7482765000004292,0.9162387000005765,-0.03,-2.010419e-06,-0.0298979273,0.03,2.064472e-06,0.0301366231,0.0600345504,4.074891e-06,14732.7990859142
0,5.0,3,3.6669078000004447,0.918626800000311,-0.03,-2.009986e-06,-0.0298976459,0.03,2.064732e-06,0.0301369463,0.0600345922,4.074717999999999e-06,14733.434853651224
0,5.0,4,4.5820372999996835,0.9151254999997036,-0.03,-2.009676e-06,-0.029895841,0.03,2.064566e-06,0.0301362184,0.060032059400000004,4.074242000000001e-06,14734.534522004336
0,5.0,5,5.497186800000236,0.9151454000002559,-0.03,-2.010373e-06,-0.0298970787,0.03,2.063941e-06,0.0301362251,0.0600333038,4.074314e-06,14734.579563578065
0,5.0,6,6.413495599999806,0.9163044999995691,-0.03,-2.010638e-06,-0.029897687,0.03,2.06349e-06,0.030136272,0.060033959,4.0741280000000004e-06,14735.413074896025
0,5.0,7,7.32990510000036,0.9164054000002579,-0.03,-2.009814e-06,-0.0298979204,0.03,2.063581e-06,0.0301366326,0.060034553000000004,4.073395e-06,14738.210509906356
0,5.0,8,8.248705099999825,0.9187965000000986,-0.03,-2.01006e-06,-0.0298981279,0.03,2.063786e-06,0.0301370155,0.060035143400000004,4.073846000000001e-06,14736.723823139117
0,5.0,9,9.165108099999998,0.9163962000002357,-0.03,-2.009767e-06,-0.0298990664,0.03,2.063223e-06,0.0301368242,0.0600358906,4.07299e-06,14740.00441935777
0,5.0,10,10.079625700000179,0.9145060999999259,-0.03,-2.009979e-06,-0.0298991486,0.03,2.064109e-06,0.0301370691,0.060036217700000005,4.074087999999999e-06,14736.112155653
0,5.0,11,10.992995900000096,0.9133664999999382,-0.03,-2.009335e-06,-0.0298994939,0.03,2.062334e-06,0.0301359251,0.060035419,4.071669e-06,14744.670797159593
0,5.0,12,11.91120950000004,0.9182099999998172,-0.03,-2.009151e-06,-0.0298981721,0.03,2.06286e-06,0.030136037,0.0600342091,4.072010999999999e-06,14743.135296049055
0,5.0,13,12.828116300000147,0.9169033999996827,-0.03,-2.009518e-06,-0.0298973428,0.03,2.063203e-06,0.030135642,0.0600329848,4.072721e-06,14740.264506210959
0,5.0,14,13.746229500000481,0.9181092000007993,-0.03,-2.009027e-06,-0.029899644,0.03,2.063027e-06,0.0301341879,0.0600338319,4.072054e-06,14742.886980378942
0,5.0,15,14.662029600000096,0.9157961999999316,-0.03,-2.010487e-06,-0.0298992298,0.03,2.063827e-06,0.0301347972,0.060034027000000004,4.074314e-06,14734.757065852067
0,5.0,16,15.58968569999979,0.9276524999995672,-0.03,-2.010215e-06,-0.0298991313,0.03,2.063603e-06,0.03013535,0.0600344813,4.073818e-06,14736.662585319225
0,5.0,17,16.50598270000046,0.9162931000000754,-0.03,-2.009896e-06,-0.0298983699,0.03,2.064013e-06,0.0301348852,0.0600332551,4.073909e-06,14736.032419968145
0,5.0,18,17.423498699999982,0.9175120999998398,-0.03,-2.009808e-06,-0.0298984216,0.03,2.064489e-06,0.0301348374,0.060033259,4.074296999999999e-06,14734.63004783402
0,5.0,19,18.342925800000558,0.9194218000002365,-0.03,-2.010375e-06,-0.0298985057,0.03,2.064226e-06,0.0301354204,0.0600339261,4.074600999999999e-06,14733.694440265443
0,5.0,20,19.25753739999982,0.9146076999995785,-0.03,-2.009958e-06,-0.0298987973,0.03,2.063373e-06,0.0301349804,0.0600337777,4.073331e-06,14738.251740406069
0,5.0,21,20.173897700000452,0.9163558999998713,-0.03,-2.009694e-06,-0.0298990144,0.03,2.063307e-06,0.0301346198,0.060033634200000005,4.073001e-06,14739.410621308467
0,5.0,22,21.09029780000037,0.9163957000000664,-0.03,-2.009879e-06,-0.0298983181,0.03,2.06302e-06,0.0301349871,0.0600333052,4.072899e-06,14739.698971175076
0,5.0,23,22.007931300000564,0.9176300000008268,-0.03,-2.01004e-06,-0.029898034,0.03,2.062273e-06,0.0301341837,0.0600322177,4.0723130000000005e-06,14741.552945463669
0,5.0,24,22.922398100000464,0.914462600000661,-0.03,-2.010436e-06,-0.0298981392,0.03,2.061849e-06,0.0301350722,0.0600332114,4.072285000000001e-06,14741.89831998497
0,5.0,25,23.840568200000234,0.9181662999999389,-0.03,-2.010646e-06,-0.029898248,0.03,2.061636e-06,0.0301344608,0.0600327088,4.072282e-06,14741.785760416396
0,5.0,26,24.7556553000004,0.9150834000001851,-0.03,-2.010072e-06,-0.029898292,0.03,2.061769e-06,0.0301343518,0.0600326438,4.071841e-06,14743.36640355063
0,5.0,27,25.668934500000432,0.9132751000006465,-0.03,-2.009772e-06,-0.0298977363,0.03,2.061909e-06,0.0301345756,0.0600323119,4.071681e-06,14743.864241820516
0,5.0,28,26.586571699999695,0.9176324000000022,-0.03,-2.01083e-06,-0.0298982662,0.03,2.061536e-06,0.0301351878,0.060033454,4.072366e-06,14741.664673558322
0,5.0,29,27.502790200000163,0.9162146999997276,-0.03,-2.010622e-06,-0.0298982423,0.03,2.062083e-06,0.0301351198,0.0600333621,4.0727049999999995e-06,14740.415055841268
0,5.0,30,28.41966709999997,0.9168730999999752,-0.03,-2.009889e-06,-0.029898074,0.03,2.062125e-06,0.0301346559,0.0600327299,4.072014e-06,14742.761174200285
0,5.0,31,29.31975440000042,0.900083800000175,-0.03,-2.010082e-06,-0.0298990694,0.03,2.062754e-06,0.0301350471,0.0600341165,4.0728359999999995e-06,14740.12616761392
0,5.0,32,30.23544420000053,0.9156845000006797,-0.03,-2.009864e-06,-0.0298976787,0.03,2.062869e-06,0.0301358066,0.060033485299999995,4.072732999999999e-06,14740.343965587728
0,2.0,0,0.2854182999999466,0.28541779999977734,-0.03,-2.009338e-06,-0.0278387082,0.03,2.061842e-06,0.0301358766,0.0579745848,4.07118e-06,14240.241109457207
0,2.0,1,0.5629271000007066,0.27750509999987116,-0.03,-2.009865e-06,-0.0298988675,0.03,2.0626e-06,0.0301359603,0.060034827799999996,4.072465e-06,14741.643648257259
0,2.0,2,0.8484308000006422,0.28549980000025243,-0.03,-2.010079e-06,-0.0298988556,0.03,2.062016e-06,0.0277087976,0.0576076532,4.072095e-06,14146.932524904256
0,2.0,3,1.1334538999999495,0.2850187999993068,-0.03,-2.009278e-06,-0.0298992621,0.03,2.062736e-06,0.0301351832,0.0600344453,4.072013999999999e-06,14743.182439942499
0,2.0,4,1.4188600000006772,0.28540160000011383,-0.03,-2.00921e-06,-0.0281077443,0.03,2.062062e-06,0.0301351688,0.0582429131,4.0712719999999995e-06,14305.827048647207
0,2.0,5,1.7044260000002396,0.2855570000001535,-0.03,-2.009887e-06,-0.0298993697,0.03,2.062561e-06,0.0279185886,0.0578179583,4.072448e-06,14197.347222113089
0,2.0,6,1.9896208000000115,0.28519109999979264,-0.03,-2.010652e-06,-0.0299000249,0.03,2.062537e-06,0.0301353649,0.0600353898,4.073189e-06,14739.161330348285
0,2.0,7,2.275032600000486,0.2854075000004741,-0.03,-2.010193e-06,-0.0277375447,0.03,2.062189e-06,0.0301354534,0.0578729981,4.072381999999999e-06,14211.092697099637
0,2.0,8,2.5605490000007194,0.2855122000000847,-0.03,-2.009509e-06,-0.0299000918,0.03,2.062899e-06,0.0281124734,0.058012565200000005,4.072408e-06,14245.27336160817
0,2.0,9,2.8460685000000012,0.28551489999972546,-0.03,-2.010427e-06,-0.0298988819,0.03,2.063278e-06,0.0301363309,0.0600352128,4.073705e-06,14737.250930050164
0,2.0,10,3.1315472000005684,0.28547450000041863,-0.03,-2.009914e-06,-0.0298991545,0.03,2.062493e-06,0.0276557132,0.0575548677,4.072407e-06,14132.886938854588
0,2.0,11,3.4165696000000025,0.2850185999996029,-0.03,-2.009748e-06,-0.0298983941,0.03,2.062392e-06,0.0301352477,0.060033641799999996,4.072140000000001e-06,14742.52894055705
0,2.0,12,3.710106400000768,0.2935321000004478,-0.03,-2.00871e-06,-0.0275488545,0.03,2.061657e-06,0.0301363716,0.0576852261,4.070367000000001e-06,14171.996308932337
0,2.0,13,3.987540699999954,0.2774303999995027,-0.03,-2.009681e-06,-0.0298982937,0.03,2.063086e-06,0.0301363094,0.0600346031,4.072767e-06,14740.495368382233
0,2.0,14,4.272778600000493,0.28523260000019945,-0.03,-2.0102e-06,-0.0281962346,0.03,2.062802e-06,0.0301367207,0.0583329553,4.073002e-06,14321.857759951996
0,2.0,15,4.557866099999956,0.28508009999950445,-0.03,-2.009077e-06,-0.0298990787,0.03,2.062239e-06,0.0283729166,0.058271995300000004,4.071316e-06,14312.815635042823
0,2.0,16,4.835679200000413,0.27780729999994946,-0.03,-2.009946e-06,-0.0298988491,0.03,2.062899e-06,0.0301361238,0.0600349729,4.072845e-06,14740.303866216367
0,2.0,17,5.121057600000313,0.2853703000000678,-0.03,-2.009922e-06,-0.0298995378,0.03,2.061658e-06,0.0301356503,0.0600351881,4.07158e-06,14744.936388330818
0,2.0,18,5.406594200000654,0.2855325000000448,-0.03,-2.009314e-06,-0.0298983733,0.03,2.062646e-06,0.0280814806,0.0579798539,4.07196e-06,14238.807331113274
0,2.0,19,5.691885500000353,0.28528780000033294,-0.03,-2.009933e-06,-0.0298982489,0.03,2.062843e-06,0.0301364801,0.060034729,4.072776e-06,14740.493707485999
0,2.0,20,5.977207900000394,0.2853183999995963,-0.03,-2.010526e-06,-0.0276652465,0.03,2.062389e-06,0.030135911,0.057801157500000006,4.072915e-06,14191.594349501525
0,2.0,21,6.2625651000007565,0.285353700000087,-0.03,-2.010187e-06,-0.0298992867,0.03,2.061948e-06,0.028076153,0.0579754397,4.072135e-06,14237.111416983964
0,2.0,22,6.548004000000219,0.2854345999994621,-0.03,-2.009531e-06,-0.029898072,0.03,2.061548e-06,0.0301363701,0.0600344421,4.071079e-06,14746.567703549847
0,2.0,23,6.833332400000472,0.28532350000023143,-0.03,-2.009784e-06,-0.0277353606,0.03,2.061574e-06,0.0301356862,0.057871046800000006,4.071358e-06,14214.18769855169
0,2.0,24,7.118753500000821,0.2854170000000522,-0.03,-2.009208e-06,-0.0298989065,0.03,2.06152e-06,0.0281758609,0.0580747674,4.070728e-06,14266.432785487019
0,2.0,25,7.404363999999987,0.28560529999958817,-0.03,-2.010258e-06,-0.0298988587,0.03,2.062887e-06,0.0301360353,0.060034894,4.073145e-06,14739.19882547761
0,2.0,26,7.689679100000831,0.28530660000069474,-0.03,-2.01012e-06,-0.0298978807,0.03,2.061619e-06,0.0284635595,0.0583614402,4.071739e-06,14333.295970100244
0,2.0,27,7.9749309000008,0.28524620000007417,-0.03,-2.008936e-06,-0.029897644,0.03,2.061918e-06,0.030135569,0.060033213,4.070854e-06,14747.080833653086
0,2.0,28,8.260182700000769,0.28524840000045515,-0.03,-2.010063e-06,-0.0280615366,0.03,2.062686e-06,0.0301359731,0.0581975097,4.072749e-06,14289.490881957125
0,2.0,29,8.545387400000436,0.2852002999998149,-0.03,-2.010097e-06,-0.0298975842,0.03,2.062199e-06,0.0283068336,0.058204417800000005,4.072296000000001e-06,14292.77680207922
0,2.0,30,8.83093430000008,0.28554279999934806,-0.03,-2.010034e-06,-0.0298986746,0.03,2.062096e-06,0.0301353299,0.0600340045,4.07213e-06,14742.654212905778
0,2.0,31,9.116442400000778,0.28550410000025295,-0.03,-2.0101e-06,-0.0273029255,0.03,2.062506e-06,0.0301353395,0.057438265,4.072606e-06,14103.565382951358
0,2.0,32,9.401827700000467,0.2853808999998364,-0.03,-2.009838e-06,-0.0298995258,0.03,2.06278e-06,0.028625271,0.0585247968,4.072618e-06,14370.313346353623
0,2.0,33,9.687078400000246,0.2852456999999049,-0.03,-2.010494e-06,-0.0298998797,0.03,2.062578e-06,0.0301345695,0.0600344492,4.073072e-06,14739.353785054622
0,2.0,34,9.972549800000706,0.2854674000000159,-0.03,-2.009231e-06,-0.0280441025,0.03,2.062395e-06,0.0301358153,0.0581799178,4.0716259999999996e-06,14289.111475366355
0,2.0,35,10.258118100000502,0.2855650000001333,-0.03,-2.008984e-06,-0.0298979303,0.03,2.062304e-06,0.0279996313,0.0578975616,4.071288e-06,14220.944723144126
0,2.0,36,10.54365610000059,0.2855338999997912,-0.03,-2.009315e-06,-0.0298986739,0.03,2.062913e-06,0.0301345331,0.060033207,4.072228e-06,14742.103585555624
0,2.0,37,10.821144400000776,0.27748460000020714,-0.03,-2.010643e-06,-0.0298994989,0.03,2.062518e-06,0.0301348989,0.0600343978,4.073161e-06,14739.019105800138
0,2.0,38,11.125212100000681,0.30406370000036986,-0.03,-2.009022e-06,-0.029897892,0.03,2.062874e-06,0.0301346239,0.0600325159,4.071896e-06,14743.135851210345
0,2.0,39,11.40239980000024,0.27718319999985397,-0.03,-2.008807e-06,-0.0298982077,0.03,2.062933e-06,0.0301342366,0.0600324443,4.07174e-06,14743.68311827376
0,2.0,40,11.687651300000653,0.2852475999998205,-0.03,-2.009979e-06,-0.0298987648,0.03,2.062243e-06,0.0301342868,0.0600330516,4.072222e-06,14742.087145543637
0,2.0,41,11.973302100000183,0.28564639999967767,-0.03,-2.00996e-06,-0.0298991091,0.03,2.061788e-06,0.0281457858,0.058044894900000005,4.071748e-06,14255.522419363871
0,2.0,42,12.266725000000406,0.2934189999996306,-0.03,-2.008859e-06,-0.0287536886,0.03,2.062628e-06,0.030134325,0.0588880136,4.071486999999999e-06,14463.51507446788
0,2.0,43,12.544175700000778,0.27744610000081593,-0.03,-2.009019e-06,-0.02989953,0.03,2.063079e-06,0.0301350424,0.0600345724,4.072098e-06,14742.909527226506
0,2.0,44,12.829582100000152,0.2854014999993524,-0.03,-2.009786e-06,-0.028253681,0.03,2.062752e-06,0.0301344853,0.0583881663,4.072537999999999e-06,14337.046406933468
0,2.0,45,13.11473500000011,0.2851450999996814,-0.03,-2.009501e-06,-0.0298997476,0.03,2.062395e-06,0.0280844445,0.0579841921,4.071896e-06,14240.096529970313
0,2.0,46,13.400232100000721,0.2854927000007592,-0.03,-2.009387e-06,-0.029898772,0.03,2.062621e-06,0.0301351309,0.060033902900000005,4.0720079999999995e-06,14743.070961550176
0,2.0,47,13.685737300000255,0.2855006999998295,-0.03,-2.008939e-06,-0.0298989298,0.03,2.062721e-06,0.0276310051,0.0575299349,4.07166e-06,14129.356306764317
0,2.0,48,13.97085960000004,0.28511879999950906,-0.03,-2.009044e-06,-0.0298995921,0.03,2.062882e-06,0.0301356091,0.0600352012,4.071926e-06,14743.686697646273
0,2.0,49,14.256304400000772,0.2854406000005838,-0.03,-2.010075e-06,-0.0280589696,0.03,2.063317e-06,0.0301351428,0.0581941124,4.0733920000000005e-06,14286.401210588127
0,2.0,50,14.54161010000007,0.2853019999993194,-0.03,-2.009533e-06,-0.0299004123,0.03,2.062784e-06,0.0280404705,0.057940882799999996,4.072317e-06,14227.989324013823
0,2.0,51,14.827066200000445,0.28545200000007753,-0.03,-2.009779e-06,-0.0298999915,0.03,2.062656e-06,0.0301360634,0.0600360549,4.072434999999999e-06,14742.053562549188
0,2.0,52,15.112506700000267,0.28543489999992744,-0.03,-2.00936e-06,-0.0298988915,0.03,2.06298e-06,0.0283688051,0.0582676966,4.072339999999999e-06,14308.16105727911
0,2.0,53,15.3977945000006,0.2852833000006285,-0.03,-2.009906e-06,-0.0298993435,0.03,2.06339e-06,0.0301351739,0.0600345174,4.073296e-06,14738.559976981785
0,2.0,54,15.691249900000003,0.293443099999422,-0.03,-2.009365e-06,-0.0281662475,0.03,2.063119e-06,0.0301360061,0.058302253600000006,4.072484e-06,14316.14061589929
0,2.0,55,15.968728400000145,0.27747069999986707,-0.03,-2.009216e-06,-0.0298987098,0.03,2.063075e-06,0.0301358291,0.060034538900000003,4.072291e-06,14742.202583263328
0,2.0,56,16.254037000000608,0.28530510000018694,-0.03,-2.01025e-06,-0.0280275591,0.03,2.063509e-06,0.0301357813,0.0581633404,4.073758999999999e-06,14277.560454607159
0,2.0,57,16.53918490000069,0.2851442999999563,-0.03,-2.010112e-06,-0.0299001314,0.03,2.062544e-06,0.0281577218,0.058057853199999995,4.0726560000000005e-06,14255.525927060864
0,2.0,58,16.82474430000002,0.2855549999994764,-0.03,-2.009389e-06,-0.0298983452,0.03,2.062725e-06,0.0301356485,0.060033993699999996,4.0721139999999995e-06,14742.70948701338
0,2.0,59,17.110136400000556,0.2853859000006196,-0.03,-2.009699e-06,-0.0298985054,0.03,2.063203e-06,0.0282792517,0.058177757100000005,4.072902e-06,14284.104331506136
0,2.0,60,17.395488600000135,0.28534810000019206,-0.03,-2.009526e-06,-0.0298992658,0.03,2.06324e-06,0.0301360024,0.060035268200000005,4.072766e-06,14740.662291916602
0,2.0,61,17.68107770000006,0.2855839999992895,-0.03,-2.010588e-06,-0.0274988877,0.03,2.063772e-06,0.0301358518,0.0576347395,4.07436e-06,14145.716014294268
0,2.0,62,17.958520600000156,0.2774387999997998,-0.03,-2.010558e-06,-0.0298990625,0.03,2.063589e-06,0.0301359044,0.0600349669,4.074147e-06,14735.59174472595
0,2.0,63,18.26471810000021,0.30619339999975637,-0.03,-2.009731e-06,-0.027868576,0.03,2.062911e-06,0.0301360048,0.0580045808,4.072642e-06,14242.494380797527
0,2.0,64,18.542127800000344,0.27740410000023985,-0.03,-2.009812e-06,-0.0298991797,0.03,2.063149e-06,0.0301357872,0.0600349669,4.072961e-06,14739.882581738446
0,2.0,65,18.827743800000462,0.28561030000037135,-0.03,-2.009036e-06,-0.0298993686,0.03,2.063213e-06,0.0273533129,0.0572526815,4.0722490000000005e-06,14059.229064823883
0,2.0,66,19.112943400000404,0.28519520000008924,-0.03,-2.009974e-06,-0.0299002079,0.03,2.064151e-06,0.0301349718,0.060035179699999996,4.0741250000000006e-06,14735.723548001102
0,2.0,67,19.39847330000066,0.2855260000005728,-0.03,-2.01051e-06,-0.0298964203,0.03,2.064201e-06,0.0301347901,0.0600312104,4.074711e-06,14732.630215983414
0,2.0,68,19.684039400000074,0.28556209999987914,-0.03,-2.009555e-06,-0.0298992108,0.03,2.063389e-06,0.0279180718,0.0578172826,4.072944e-06,14195.452380391187
0,2.0,69,19.969195600000603,0.28515210000023217,-0.03,-2.010089e-06,-0.0298999999,0.03,2.063789e-06,0.030135266,0.0600352659,4.073878e-06,14736.638136929972
0,2.0,70,20.25453010000001,0.28533040000002075,-0.03,-2.009228e-06,-0.0298985293,0.03,2.063754e-06,0.0301348762,0.0600334055,4.0729820000000006e-06,14739.42322848468
0,2.0,71,20.540012899999965,0.2854794999993828,-0.03,-2.010242e-06,-0.0298989167,0.03,2.06349e-06,0.0276526232,0.057551539900000004,4.0737320000000005e-06,14127.473260391207
0,2.0,72,20.817273900000146,0.2772570999995878,-0.03,-2.010135e-06,-0.0298984982,0.03,2.063266e-06,0.0301348379,0.0600333361,4.073401e-06,14737.890057963848
0,2.0,73,21.102582800000164,0.28530510000018694,-0.03,-2.010881e-06,-0.0280498561,0.03,2.061703e-06,0.0301349192,0.0581847753,4.072584e-06,14286.94295808263
0,2.0,74,21.38824999999997,0.28566329999921436,-0.03,-2.010074e-06,-0.029900349,0.03,2.062064e-06,0.02750232,0.057402669,4.072138e-06,14096.444914194952
0,2.0,75,21.67341790000046,0.2851407999996809,-0.03,-2.010981e-06,-0.0298994858,0.03,2.062117e-06,0.030135199,0.0600346848,4.0730979999999995e-06,14739.317541586284
0,2.0,76,21.95874619999995,0.28532349999932194,-0.03,-2.011439e-06,-0.0277850258,0.03,2.062263e-06,0.0301345629,0.057919588699999996,4.073702e-06,14217.924801568695
0,2.0,77,22.24429330000021,0.2855410000001939,-0.03,-2.0114e-06,-0.0298990458,0.03,2.061886e-06,0.0281233795,0.0580224253,4.0732860000000005e-06,14244.623456344581
0,2.0,78,22.52936200000022,0.28506449999986216,-0.03,-2.01152e-06,-0.0298985795,0.03,2.062166e-06,0.0301356772,0.0600342567,4.073686e-06,14737.084964329602
0,2.0,79,22.82278900000074,0.29342300000007526,-0.03,-2.010804e-06,-0.0282651339,0.03,2.062297e-06,0.0301355816,0.0584007155,4.073100999999999e-06,14338.145678194576
0,2.0,80,23.100194600000577,0.277401600000303,-0.03,-2.010348e-06,-0.0298985678,0.03,2.062656e-06,0.0301350221,0.0600335899,4.073004e-06,14739.388888397852
0,2.0,81,23.385467600000084,0.28526849999980186,-0.03,-2.011776e-06,-0.0278069673,0.03,2.062619e-06,0.0301337428,0.0579407101,4.074395e-06,14220.690458337987
0,2.0,82,23.67076460000044,0.2852929000000586,-0.03,-2.012194e-06,-0.0298996415,0.03,2.063624e-06,0.0283360276,0.0582356691,4.075818e-06,14288.093604768417
0,2.0,83,23.956267200000184,0.28549829999974463,-0.03,-2.011445e-06,-0.0298995506,0.03,2.062427e-06,0.0301357251,0.0600352757,4.073872e-06,14736.66224662925
0,2.0,84,24.24165770000036,0.2853867000003447,-0.03,-2.011486e-06,-0.0275099473,0.03,2.062492e-06,0.0301355481,0.057645495399999996,4.073978e-06,14149.682546150223
0,2.0,85,24.527245200000834,0.28557940000064264,-0.03,-2.011826e-06,-0.0298991011,0.03,2.061493e-06,0.030135376,0.0600344771,4.073319e-06,14738.466862035602
0,2.0,86,24.812732600000345,0.28548380000029283,-0.03,-2.011207e-06,-0.0298987424,0.03,2.062272e-06,0.0301352492,0.0600339916,4.073479e-06,14737.76877209874
0,2.0,87,25.098060900000746,0.2853238000006968,-0.03,-2.011697e-06,-0.0280135147,0.03,2.061984e-06,0.0301357944,0.0581493091,4.073680999999999e-06,14274.389452684196
0,2.0,88,25.38360929999999,0.2855439999993905,-0.03,-2.01268e-06,-0.0298993354,0.03,2.062389e-06,0.028067961,0.0579672964,4.0750689999999995e-06,14224.862548339674
0,2.0,89,25.669157400000586,0.28553590000046825,-0.03,-2.012194e-06,-0.0298993378,0.03,2.062541e-06,0.0301364903,0.060035828099999994,4.074734999999999e-06,14733.676693085565
0,2.0,90,25.954425300000366,0.2852634000000762,-0.03,-2.012379e-06,-0.0298985415,0.03,2.062175e-06,0.0275808901,0.057479431600000006,4.074554e-06,14106.925960485492
0,2.0,91,26.232054000000062,0.27762389999952575,-0.03,-2.011515e-06,-0.0298978887,0.03,2.062673e-06,0.0301361196,0.0600340083,4.0741879999999996e-06,14735.208169087928
0,2.0,92,26.517612399999962,0.2855543999994552,-0.03,-2.012634e-06,-0.0298979246,0.03,2.062787e-06,0.028389674,0.058287598600000004,4.075421e-06,14302.227573543936
0,2.0,93,26.8028776000001,0.2852560999999696,-0.03,-2.011446e-06,-0.0298983048,0.03,2.06269e-06,0.0301358853,0.0600341901,4.074136e-06,14735.44086402614
0,2.0,94,27.088202700000693,0.28532040000027337,-0.03,-2.011337e-06,-0.0282992197,0.03,2.060979e-06,0.0301352732,0.058434492899999996,4.072316e-06,14349.203966489828
0,2.0,95,27.373959900000045,0.28575069999988045,-0.03,-2.011156e-06,-0.0298984004,0.03,2.061656e-06,0.0277366545,0.057635054899999996,4.0728120000000005e-06,14151.169977892421
0,2.0,96,27.65906940000059,0.285105900000417,-0.03,-2.011556e-06,-0.029898893,0.03,2.061612e-06,0.0301357849,0.0600346779,4.073168e-06,14739.0625429641
0,2.0,97,27.952646700000514,0.29357280000022,-0.03,-2.01166e-06,-0.0274623868,0.03,2.061774e-06,0.0301348403,0.057597227099999995,4.073434e-06,14139.722676248097
0,2.0,98,28.230124100000467,0.2774728000003961,-0.03,-2.011523e-06,-0.0298989026,0.03,2.062274e-06,0.0301352492,0.0600341518,4.073797e-06,14736.657668509255
0,2.0,99,28.51555830000052,0.28543050000007497,-0.03,-2.010668e-06,-0.0273374191,0.03,2.062437e-06,0.0301351488,0.0574725679,4.073105e-06,14110.259347598452
0,2.0,100,28.80105040000035,0.2854866999996375,-0.03,-2.011523e-06,-0.0298978552,0.03,2.061684e-06,0.0283216853,0.0582195405,4.073207e-06,14293.292852536097
0,2.0,101,29.086611700000503,0.28555729999970936,-0.03,-2.010319e-06,-0.0298980346,0.03,2.062388e-06,0.030135247,0.0600332816,4.072707e-06,14740.388051485168
0,2.0,102,29.38018700000066,0.2935717000000295,-0.03,-2.010018e-06,-0.0275916599,0.03,2.062127e-06,0.0301351872,0.0577268471,4.072144999999999e-06,14176.029365359045
0,2.0,103,29.657703100000617,0.27751290000014706,-0.03,-2.01033e-06,-0.0298987807,0.03,2.062317e-06,0.0301356822,0.0600344629,4.072647e-06,14740.89527032419
0,2.0,104,29.951393900000767,0.2936866000000009,-0.03,-2.012268e-06,-0.0279817447,0.03,2.061932e-06,0.0301350174,0.0581167621,4.074200000000001e-06,14264.582519267582
0,2.0,105,30.22873570000047,0.277333500000168,-0.03,-2.011106e-06,-0.0298975468,0.03,2.06259e-06,0.0301344364,0.0600319832,4.073696e-06,14736.490695427443
0,10.0,0,1.713494200000241,1.7134936000002199,-0.03,-2.010641e-06,-0.0298980915,0.03,2.06232e-06,0.030135517,0.0600336085,4.072961e-06,14739.549065164141
0,10.0,1,3.42940820000058,1.7159105999999156,-0.03,-2.010957e-06,-0.0298995789,0.03,2.062671e-06,0.0301348408,0.0600344197,4.073628e-06,14737.334803276097
0,10.0,2,5.1458502000004955,1.716437500000211,-0.03,-2.010276e-06,-0.0298993373,0.03,2.062951e-06,0.0301344414,0.0600337787,4.073227e-06,14738.62829152414
0,10.0,3,6.8635088999999425,1.7176545999991504,-0.03,-2.010103e-06,-0.0298997143,0.03,2.06256e-06,0.0301338584,0.0600335727,4.072663e-06,14740.618779407972
0,10.0,4,8.576395699999921,1.712883099999999,-0.03,-2.009525e-06,-0.0298986082,0.03,2.06315e-06,0.030134878,0.0600334862,4.072675e-06,14740.5541075583
0,10.0,5,10.290318300000763,1.7139188999999533,-0.03,-2.009761e-06,-0.0298986067,0.03,2.064003e-06,0.0301348861,0.060033492800000005,4.073764e-06,14736.61527766459
0,10.0,6,12.006152500000098,1.7158302999996522,-0.03,-2.010449e-06,-0.0298987086,0.03,2.063425e-06,0.0301346422,0.060033350799999996,4.073874000000001e-06,14736.182513253965
0,10.0,7,13.723151300000609,1.7169907000006788,-0.03,-2.009733e-06,-0.0298983872,0.03,2.063124e-06,0.0301353156,0.060033702800000005,4.072857e-06,14739.948591369646
0,10.0,8,15.442633200000273,1.7194775999996637,-0.03,-2.010248e-06,-0.0298979243,0.03,2.063082e-06,0.0301346634,0.0600325877,4.07333e-06,14737.963214372516
0,10.0,9,17.15488550000009,1.7122474999996484,-0.03,-2.010143e-06,-0.0298989315,0.03,2.062624e-06,0.0301337451,0.0600326766,4.072767000000001e-06,14740.022348442715
0,10.0,10,18.870870100000502,1.715980099999797,-0.03,-2.009889e-06,-0.0298989263,0.03,2.062451e-06,0.0301345414,0.060033467699999996,4.072339999999999e-06,14741.76215640148
0,10.0,11,20.586717500000304,1.7158429999999498,-0.03,-2.011213e-06,-0.0298991974,0.03,2.06223e-06,0.0301348924,0.060034089799999996,4.073443e-06,14737.92312792888
0,10.0,12,22.29966230000082,1.712939600000027,-0.03,-2.0096e-06,-0.0298985078,0.03,2.062974e-06,0.0301351966,0.0600337044,4.072574e-06,14740.973251805859
0,10.0,13,24.01503000000048,1.7153628000005483,-0.03,-2.010287e-06,-0.0298978603,0.03,2.062251e-06,0.0301348346,0.0600326949,4.072537999999999e-06,14740.855677712525
0,10.0,14,25.729163599999993,1.714128399999936,-0.03,-2.010572e-06,-0.0298986592,0.03,2.062219e-06,0.030134788,0.0600334472,4.072791e-06,14740.124695816703
0,10.0,15,27.443265200000496,1.7140957000001436,-0.03,-2.010138e-06,-0.0298983665,0.03,2.06214e-06,0.0301350085,0.060033375,4.072278e-06,14741.963834492637
0,10.0,16,29.15663610000047,1.713366799999676,-0.03,-2.01013e-06,-0.0298977773,0.03,2.062148e-06,0.030134294,0.0600320713,4.072278e-06,14741.643694266453
0,10.0,17,30.871292700000595,1.7146487999998499,-0.03,-2.010251e-06,-0.0298987826,0.03,2.0622e-06,0.0301352782,0.0600340608,4.072451e-06,14741.505987426246
0,0.1,0,0.11679079999976238,0.11679019999974116,-0.03,-2.530033e-06,-0.0297463832,0.03,1.800877e-06,0.0301369398,0.059883323,4.33091e-06,13826.960846565733
0,0.1,1,0.23725459999968734,0.12045889999990322,-0.03,-1.943803e-06,-0.0298119759,0.03,1.916164e-06,0.0301893384,0.0600013143,3.859967e-06,15544.514836525803
0,0.1,2,0.35322199999973236,0.11596379999991768,-0.03,-2.147986e-06,-0.0298345708,0.03,1.996914e-06,0.0301217923,0.0599563631,4.1449e-06,14465.092788728318
0,0.1,3,0.47737379999944096,0.12414739999985613,-0.03,-1.869903e-06,-0.0298761742,0.03,1.51112e-06,0.0302642966,0.0601404708,3.381023e-06,17787.655038134908
0,0.1,4,0.5870873999992909,0.10970929999984946,-0.03,-2.163514e-06,-0.0299227389,0.03,2.518151e-06,0.0300684063,0.0599911452,4.6816650000000005e-06,12814.06192027836
0,0.1,5,0.7053136999993512,0.11822269999993296,-0.03,-1.874033e-06,-0.0299726369,0.03,2.609913e-06,0.03015431,0.0601269469,4.483946e-06,13409.382472491861
0,0.1,6,0.8306758999997328,0.12535840000055032,-0.03,-1.857379e-06,-0.0298829078,0.03,2.541511e-06,0.0301230451,0.0600059529,4.39889e-06,13641.15786027839
0,0.1,7,0.9470135999999911,0.11632670000017242,-0.03,-1.514499e-06,-0.0300494537,0.03,2.340618e-06,0.0301096544,0.0601591081,3.855117e-06,15605.001897478076
0,0.1,8,1.0576274999993984,0.11061049999989336,-0.03,-1.858548e-06,-0.029802116,0.03,2.215638e-06,0.0302167757,0.0600188917,4.074186e-06,14731.505066288088
0,0.1,9,1.1744734999992943,0.11684199999945122,-0.03,-2.152292e-06,-0.0298523339,0.03,1.905422e-06,0.0302079278,0.0600602617,4.057714e-06,14801.501954055904
0,0.1,10,1.2924239999993006,0.11793659999966621,-0.03,-1.987745e-06,-0.0298503611,0.03,1.87147e-06,0.0301796501,0.0600300112,3.859215e-06,15554.979756245766
0,0.1,11,1.4100712999997995,0.11764289999973698,-0.03,-2.548417e-06,-0.0298825245,0.03,2.571908e-06,0.0299774024,0.0598599269,5.120325e-06,11690.649890387816
0,0.1,12,1.5201225000000704,0.11004760000014358,-0.03,-1.473032e-06,-0.0299273701,0.03,1.580293e-06,0.0301972273,0.0601245974,3.053325e-06,19691.515773787592
0,0.1,13,1.644399999999223,0.12427429999934247,-0.03,-1.860188e-06,-0.0299312559,0.03,2.018892e-06,0.0302075695,0.0601388254,3.87908e-06,15503.373325633913
0,0.1,14,1.7616438999993989,0.11723970000002737,-0.03,-2.072516e-06,-0.0298466052,0.03,1.899485e-06,0.0301531082,0.0599997134,3.972001e-06,15105.664223145968
0,0.1,15,1.881294999999227,0.11964699999953154,-0.03,-2.44632e-06,-0.0297859269,0.03,2.195306e-06,0.0301133329,0.0598992598,4.641626e-06,12904.8009899979
0,0.1,16,1.9965358999997989,0.11523480000050768,-0.03,-2.469752e-06,-0.0297646995,0.03,1.90477e-06,0.0301698841,0.059934583599999994,4.374522e-06,13700.830307859918
0,0.1,17,2.114423899999565,0.1178834000002098,-0.03,-2.130267e-06,-0.0299675295,0.03,1.934814e-06,0.0301812422,0.0601487717,4.065081e-06,14796.450968627685
0,0.1,18,2.2375758999996833,0.12314770000011777,-0.03,-2.402819e-06,-0.0297975181,0.03,1.614126e-06,0.0301609172,0.0599584353,4.016945e-06,14926.376960600655
0,0.1,19,2.3565844999993715,0.11900449999939156,-0.03,-2.159111e-06,-0.0298655205,0.03,1.920092e-06,0.0301767723,0.0600422928,4.079203e-06,14719.123515059193
0,0.1,20,2.480758799999421,0.12417029999960505,-0.03,-2.110638e-06,-0.0299347998,0.03,1.678731e-06,0.0301276967,0.0600624965,3.789369e-06,15850.263328802237
0,0.1,21,2.6056172999997216,0.12485459999970772,-0.03,-1.851704e-06,-0.0297599578,0.03,2.438701e-06,0.0300884841,0.0598484419,4.290405e-06,13949.36885911703
0,0.1,22,2.720286199999464,0.11466509999991104,-0.03,-2.00942e-06,-0.0299582914,0.03,1.957579e-06,0.0301473221,0.0601056135,3.966999e-06,15151.40626453397
0,0.1,23,2.831824599999891,0.11153300000023592,-0.03,-2.488264e-06,-0.0298783831,0.03,2.329703e-06,0.0301601742,0.0600385573,4.817967e-06,12461.388236988756
0,0.1,24,2.948762199999692,0.11693389999982173,-0.03,-1.529536e-06,-0.0300888575,0.03,2.261582e-06,0.0300775023,0.0601663598,3.791118e-06,15870.347427856374
0,0.1,25,3.0724364999996396,0.12367050000011659,-0.03,-1.865266e-06,-0.0299795256,0.03,2.174676e-06,0.0301198246,0.0600993502,4.039942e-06,14876.290352683282
0,0.1,26,3.1925736999992296,0.12013349999961065,-0.03,-2.462737e-06,-0.0298578655,0.03,2.366441e-06,0.0301306425,0.059988507999999996,4.829178e-06,12422.095023210988
0,0.1,27,3.3107732999997097,0.11819610000020475,-0.03,-1.614876e-06,-0.0300101839,0.03,2.473742e-06,0.0300905302,0.0601007141,4.088618e-06,14699.518052310095
0,0.1,28,3.4345016999996005,0.12372450000020763,-0.03,-1.513206e-06,-0.029899233,0.03,2.012533e-06,0.0301610705,0.0600603035,3.525739e-06,17034.81270167758
0,0.1,29,3.5537791999995534,0.1192732999998043,-0.03,-1.767389e-06,-0.0299064663,0.03,2.467708e-06,0.0301532839,0.0600597502,4.235097e-06,14181.434380369565
0,0.1,30,3.677073500000006,0.12329070000032516,-0.03,-1.653237e-06,-0.0298989928,0.03,2.637731e-06,0.030029666,0.0599286588,4.290968e-06,13966.232980530267
0,0.1,31,3.801332000000002,0.12425450000046112,-0.03,-2.100982e-06,-0.0299490256,0.03,1.712182e-06,0.030131585,0.0600806106,3.813164e-06,15756.104536809851
0,0.1,32,3.9220162999999957,0.12068040000031033,-0.03,-2.563534e-06,-0.0298250496,0.03,1.902418e-06,0.0302048113,0.060029860899999996,4.4659520000000005e-06,13441.671764497243
0,0.1,33,4.081199299999753,0.15917910000007396,-0.03,-2.591285e-06,-0.0298722459,0.03,1.698565e-06,0.030188891,0.0600611369,4.28985e-06,14000.754548527337
0,0.1,34,4.199559299999237,0.11835559999963152,-0.03,-2.490086e-06,-0.0298599914,0.03,1.550745e-06,0.0301814188,0.0600414102,4.040831e-06,14858.678870757029
0,0.1,35,4.325292699999409,0.1257298999998966,-0.03,-2.152105e-06,-0.0298094196,0.03,1.922689e-06,0.0301056508,0.059915070400000006,4.074794000000001e-06,14703.828070817812
0,0.1,36,4.451174599999831,0.12587770000027376,-0.03,-1.638111e-06,-0.0299984034,0.03,2.446144e-06,0.0300316431,0.0600300465,4.084255e-06,14697.918347409748
0,0.1,37,4.568050399999265,0.11686909999934869,-0.03,-1.569408e-06,-0.029920092,0.03,2.213709e-06,0.0300471262,0.0599672182,3.783117e-06,15851.272429586501
0,0.1,38,4.693121999999676,0.1250675000001138,-0.03,-1.888797e-06,-0.0298206185,0.03,2.382927e-06,0.0301510836,0.059971702099999996,4.271724e-06,14039.226808660858
0,0.1,39,4.801864799999748,0.10873330000049464,-0.03,-2.381465e-06,-0.0298962045,0.03,2.439899e-06,0.0301393349,0.0600355394,4.821364e-06,12451.982343585756
0,0.1,40,4.918082599999252,0.11621549999927083,-0.03,-2.548093e-06,-0.0297991806,0.03,1.915174e-06,0.0301906867,0.0599898673,4.463267e-06,13440.797357630632
0,0.1,41,5.036483599999883,0.118393499999911,-0.03,-2.094988e-06,-0.0299450452,0.03,1.96836e-06,0.030080391,0.060025436200000004,4.063348e-06,14772.408417885941
0,0.1,42,5.155309299999317,0.11882119999972929,-0.03,-1.981929e-06,-0.0298705586,0.03,2.405011e-06,0.0301699892,0.060040547799999996,4.38694e-06,13686.202181930914
0,0.1,43,5.273096099999748,0.11778349999985949,-0.03,-1.741559e-06,-0.0298441886,0.03,1.731236e-06,0.0301602451,0.0600044337,3.4727949999999997e-06,17278.426656338772
0,0.1,44,5.388873599999897,0.11577350000061415,-0.03,-1.518214e-06,-0.03008767,0.03,2.321514e-06,0.0300931125,0.0601807825,3.839728e-06,15673.188960259686
0,0.1,45,5.505242299999736,0.11636530000032508,-0.03,-1.880856e-06,-0.0298627202,0.03,2.080935e-06,0.0300923951,0.0599551153,3.961791e-06,15133.336236060912
0,0.1,46,5.63151359999938,0.12626540000019304,-0.03,-1.506145e-06,-0.0299690068,0.03,2.431364e-06,0.0300669234,0.060035930200000004,3.9375090000000005e-06,15247.185517544212
0,0.1,47,5.749044899999717,0.1175241000000824,-0.03,-1.562838e-06,-0.0297255366,0.03,1.499818e-06,0.0302916847,0.06001722130000001,3.062656e-06,19596.461796558284
0,0.1,48,5.87325569999939,0.12420719999954599,-0.03,-1.881852e-06,-0.0298294284,0.03,2.361281e-06,0.0301561106,0.059985539000000004,4.243133e-06,14137.086676283774
0,0.1,49,5.992229499999667,0.11896960000012768,-0.03,-1.46179e-06,-0.030035598,0.03,2.21688e-06,0.0301042821,0.0601398801,3.6786700000000005e-06,16348.267199830372
0,0.1,50,6.117011699999239,0.12477820000003703,-0.03,-1.533244e-06,-0.0299497535,0.03,2.204586e-06,0.0301170747,0.0600668282,3.73783e-06,16069.973273262829
0,0.1,51,6.226067799999328,0.10905219999949622,-0.03,-1.946258e-06,-0.0299794632,0.03,2.143463e-06,0.0301448716,0.0601243348,4.089721e-06,14701.329210476704
0,0.1,52,6.342784199999187,0.11671269999987999,-0.03,-2.228819e-06,-0.0299037843,0.03,1.626012e-06,0.0301198843,0.060023668599999996,3.8548310000000006e-06,15571.02467008281
0,0.1,53,6.462127199999486,0.11933899999985442,-0.03,-2.5553e-06,-0.0298183616,0.03,2.19671e-06,0.0302858464,0.060104208,4.75201e-06,12648.165302682442
0,0.1,54,6.579663199999231,0.11753229999976611,-0.03,-2.422255e-06,-0.0298687055,0.03,1.82758e-06,0.0301395068,0.0600082123,4.249835e-06,14120.127557893424
0,0.1,55,6.695335699999305,0.11566880000009405,-0.03,-2.152921e-06,-0.0299623791,0.03,2.123876e-06,0.0301732821,0.060135661199999996,4.2767969999999996e-06,14060.910817137217
0,0.1,56,6.812613399999464,0.11727350000001024,-0.03,-2.588082e-06,-0.0298644015,0.03,2.589649e-06,0.0299789996,0.0598434011,5.177731e-06,11557.842827292494
0,0.1,57,6.928816599999664,0.11619669999981852,-0.03,-1.521865e-06,-0.0299211876,0.03,1.770387e-06,0.0301331062,0.0600542938,3.292252e-06,18241.098737277705
0,0.1,58,7.041890699999385,0.11307049999959418,-0.03,-1.931557e-06,-0.029953229,0.03,2.39281e-06,0.0302970205,0.060250249500000005,4.324367e-06,13932.732698219184
0,0.1,59,7.15773099999933,0.11583659999996598,-0.03,-2.248338e-06,-0.0298300249,0.03,1.915887e-06,0.0301131997,0.0599432246,4.164225e-06,14394.809262227665
0,0.1,60,7.283619599999838,0.12588450000021112,-0.03,-1.979655e-06,-0.029873783,0.03,1.64192e-06,0.0302962314,0.0601700144,3.621575e-06,16614.3223321345
0,0.1,61,7.408009399999173,0.12438609999935579,-0.03,-1.845398e-06,-0.029927029,0.03,2.207222e-06,0.0301848017,0.0601118307,4.0526200000000005e-06,14832.831773025844
0,0.1,62,7.525675099999717,0.11766119999992952,-0.03,-2.044096e-06,-0.0299291213,0.03,1.732029e-06,0.0301222719,0.0600513932,3.776125e-06,15902.914548644441
0,0.1,63,7.648528199999419,0.12285059999976511,-0.03,-2.36868e-06,-0.0297827211,0.03,2.197862e-06,0.030084491,0.0598672121,4.566542e-06,13109.966381563992
0,0.1,64,7.768783699999403,0.1202514999995401,-0.03,-1.743207e-06,-0.0299816283,0.03,2.21281e-06,0.0301524783,0.0601341066,3.956017000000001e-06,15200.669410672399
0,0.1,65,7.887571100000059,0.11878240000078222,-0.03,-1.966876e-06,-0.0299443265,0.03,1.962431e-06,0.0300733311,0.060017657599999996,3.929307e-06,15274.362018544236
0,0.1,66,8.01073499999984,0.12316030000056344,-0.03,-2.13276e-06,-0.0297223089,0.03,2.388285e-06,0.0301432126,0.059865521500000005,4.521044999999999e-06,13241.52303283865
0,0.1,67,8.128632999999354,0.11789150000004156,-0.03,-1.862545e-06,-0.0298471265,0.03,2.111152e-06,0.0301870517,0.060034178199999996,3.973697e-06,15107.890259373073
0,0.1,68,8.24644409999928,0.11780699999962962,-0.03,-2.004659e-06,-0.0299374774,0.03,2.007038e-06,0.0300758051,0.0600132825,4.011696999999999e-06,14959.575087550234
0,0.1,69,8.371225899999445,0.12477760000001581,-0.03,-1.462512e-06,-0.0300674338,0.03,2.271543e-06,0.030065344,0.0601327778,3.7340549999999998e-06,16103.881115837878
0,0.1,70,8.487708299999213,0.11647739999989426,-0.03,-1.875128e-06,-0.0299753764,0.03,2.175314e-06,0.0301828672,0.0601582436,4.050442e-06,14852.266394630511
0,0.1,71,8.616065299999718,0.128353000000061,-0.03,-2.158531e-06,-0.0299017583,0.03,2.410572e-06,0.0301452883,0.0600470466,4.569103e-06,13141.977013869026
0,0.1,72,8.739347099999577,0.1232756999997946,-0.03,-2.570245e-06,-0.0298171754,0.03,1.894962e-06,0.0302186935,0.0600358689,4.465207e-06,13445.259962192122
0,0.1,73,8.855744699999377,0.11639279999963037,-0.03,-2.08543e-06,-0.0298904607,0.03,2.171352e-06,0.030148576,0.0600390367,4.256782e-06,14104.324980701384
0,0.1,74,8.974845899999309,0.11909599999944476,-0.03,-1.635845e-06,-0.030004812,0.03,1.900094e-06,0.0301566216,0.060161433599999994,3.5359390000000003e-06,17014.273605964354
0,0.1,75,9.091156399999818,0.11630650000006426,-0.03,-1.492473e-06,-0.0300547018,0.03,2.585325e-06,0.0300989979,0.0601536997,4.077798e-06,14751.515327635161
0,0.1,76,9.209635299999718,0.11846710000008898,-0.03,-1.860083e-06,-0.0298908577,0.03,2.120459e-06,0.0301450251,0.060035882799999996,3.980542e-06,15082.33873678509
0,0.1,77,9.325547899999947,0.11590400000022782,-0.03,-1.80257e-06,-0.0299322222,0.03,1.887228e-06,0.0300940963,0.0600263185,3.689798e-06,16268.185548368772
0,0.1,78,9.443043599999328,0.11749220000001515,-0.03,-2.42861e-06,-0.0298752863,0.03,2.132886e-06,0.0301720271,0.060047313399999996,4.561496e-06,13163.951782485394
0,0.1,79,9.553039099999296,0.10999219999939669,-0.03,-2.247193e-06,-0.029864586,0.03,2.467674e-06,0.0300030937,0.059867679699999996,4.714866999999999e-06,12697.639127466375
0,0.1,80,9.668346699999347,0.11530369999945833,-0.03,-1.784493e-06,-0.0299647141,0.03,2.178136e-06,0.0302046661,0.0601693802,3.962629e-06,15184.207302778028
0,0.1,81,9.795903199999884,0.1275525999999445,-0.03,-2.131984e-06,-0.0298980019,0.03,2.608249e-06,0.0299750829,0.059873084800000004,4.740233e-06,12630.831606800763
0,0.1,82,9.92054409999946,0.12463709999974526,-0.03,-2.453842e-06,-0.0298528344,0.03,1.917337e-06,0.0302110887,0.0600639231,4.371179e-06,13740.897615952126
0,0.1,83,10.037950399999318,0.11740269999972952,-0.03,-2.120792e-06,-0.0299368826,0.03,2.121629e-06,0.0301638636,0.0601007462,4.242420999999999e-06,14166.61528877026
0,0.1,84,10.16149299999961,0.12353820000043925,-0.03,-1.759792e-06,-0.0298437481,0.03,1.546904e-06,0.0301671514,0.060010899500000006,3.306696e-06,18148.296517127674
0,0.1,85,10.279442499999277,0.11794629999985773,-0.03,-2.17264e-06,-0.0298390936,0.03,1.905896e-06,0.0301348539,0.0599739475,4.078536e-06,14704.773354948931
0,0.1,86,10.395010700000057,0.1155642000003354,-0.03,-1.9968e-06,-0.0298686813,0.03,2.343293e-06,0.0301529653,0.060021646600000006,4.340093e-06,13829.57614041911
0,0.1,87,10.511984399999164,0.11696519999986776,-0.03,-2.166556e-06,-0.0300413061,0.03,2.613006e-06,0.0300947459,0.060136052,4.779562e-06,12581.916920420741
0,0.1,88,10.631524399999762,0.11953619999985676,-0.03,-1.85382e-06,-0.0299649161,0.03,2.110651e-06,0.0301955505,0.060160466600000004,3.964471e-06,15174.903940525737
0,0.1,89,10.748910199999955,0.1173822000000655,-0.03,-1.868288e-06,-0.0298460007,0.03,2.331788e-06,0.0302008105,0.0600468112,4.200076e-06,14296.601109122788
0,0.1,90,10.884302699999353,0.13538890000018,-0.03,-2.134461e-06,-0.0299159937,0.03,1.917206e-06,0.0302931587,0.0602091524,4.051667e-06,14860.340793061225
0,0.1,91,11.000008899999557,0.1157020000000557,-0.03,-2.412934e-06,-0.029877381,0.03,1.920465e-06,0.0302278276,0.0601052086,4.3333990000000005e-06,13870.222566627259
0,0.1,92,11.127904099999796,0.12789130000055593,-0.03,-2.015011e-06,-0.0299624623,0.03,1.740806e-06,0.0300818382,0.060044300499999995,3.755817e-06,15987.014409914007
0,0.1,93,11.244861299999684,0.11695109999982378,-0.03,-1.481054e-06,-0.0298941977,0.03,1.474307e-06,0.0302331927,0.0601273904,2.955361e-06,20345.19315914367
0,0.1,94,11.365949099999852,0.12108429999989312,-0.03,-2.484274e-06,-0.0298620381,0.03,1.910863e-06,0.0301468752,0.060008913299999994,4.395136999999999e-06,13653.479584367906
0,0.1,95,11.478159099999175,0.11220439999942755,-0.03,-2.588094e-06,-0.0298508599,0.03,2.314545e-06,0.0301646059,0.0600154658,4.9026389999999995e-06,12241.46134357435
0,0.1,96,11.594231999999465,0.11606810000012047,-0.03,-1.705755e-06,-0.0298543524,0.03,2.53197e-06,0.0299731343,0.0598274867,4.237725e-06,14117.831312791652
0,0.1,97,11.71892409999964,0.12468580000040674,-0.03,-1.738467e-06,-0.0299300918,0.03,2.079263e-06,0.0300711716,0.0600012634,3.81773e-06,15716.476387801125
0,0.1,98,11.84423869999955,0.1253110999996352,-0.03,-2.410648e-06,-0.0298264955,0.03,1.534589e-06,0.030177578,0.060004073500000005,3.945237e-06,15209.244336905489
0,0.1,99,11.962668099999973,0.11842280000018945,-0.03,-2.260577e-06,-0.0298551637,0.03,1.920957e-06,0.0302189607,0.0600741244,4.181534e-06,14366.52778621434
0,0.1,100,12.087092299999313,0.12442079999982525,-0.03,-2.16815e-06,-0.0299289267,0.03,1.814163e-06,0.0301209881,0.0600499148,3.982313e-06,15079.154953415265
0,0.1,101,12.195142900000064,0.10804690000077244,-0.03,-1.537869e-06,-0.0299267748,0.03,1.48186e-06,0.0300172173,0.059943992099999996,3.019729e-06,19850.785318815033
0,0.1,102,12.313140599999315,0.11799419999988459,-0.03,-1.613346e-06,-0.0299259379,0.03,2.206246e-06,0.030093761,0.0600196989,3.8195920000000004e-06,15713.641378450891
0,0.1,103,12.428685899999437,0.11554179999984626,-0.03,-2.053882e-06,-0.0299761148,0.03,2.110231e-06,0.0301533005,0.0601294153,4.164113e-06,14439.909603797976
0,0.1,104,12.547963099999834,0.1192735000004177,-0.03,-2.307497e-06,-0.0299069513,0.03,1.668805e-06,0.0302762651,0.0601832164,3.976302e-06,15135.47421699861
0,0.1,105,12.669596400000046,0.12162980000084644,-0.03,-2.372445e-06,-0.0298004264,0.03,2.20822e-06,0.0302180407,0.0600184671,4.580665e-06,13102.566352265447
0,0.1,106,12.787046499999633,0.1174460000002,-0.03,-2.210886e-06,-0.0299254919,0.03,2.156924e-06,0.0300705179,0.0599960098,4.36781e-06,13735.947717506027
0,0.1,107,12.893777499999487,0.10672449999947276,-0.03,-2.506387e-06,-0.029728879,0.03,1.667699e-06,0.0300740449,0.0598029239,4.174086e-06,14327.190168099078
0,0.1,108,13.009877899999992,0.11609709999993356,-0.03,-1.873789e-06,-0.0299741519,0.03,2.163917e-06,0.0301949185,0.060169070399999997,4.037706e-06,14901.795821686868
0,0.1,109,13.127153699999326,0.11726739999994606,-0.03,-2.189476e-06,-0.0298970371,0.03,1.701991e-06,0.0302231941,0.0601202312,3.891467e-06,15449.246055536383
0,0.1,110,13.24627959999998,0.1191225000002305,-0.03,-1.694316e-06,-0.0299424722,0.03,1.529395e-06,0.0302840939,0.060226566100000004,3.2237110000000002e-06,18682.37137261994
0,0.1,111,13.362236999999368,0.11595330000000104,-0.03,-2.573236e-06,-0.0298266269,0.03,1.921613e-06,0.0302313715,0.0600579984,4.4948490000000004e-06,13361.516349047542
0,0.1,112,13.486900500000047,0.12465920000067854,-0.03,-2.107596e-06,-0.0299201759,0.03,1.765511e-06,0.0301051245,0.060025300399999995,3.873106999999999e-06,15497.971112081335
0,0.1,113,13.604767199999515,0.11786299999948824,-0.03,-2.386695e-06,-0.0297268015,0.03,1.504925e-06,0.0302838154,0.0600106169,3.89162e-06,15420.47191144048
0,0.1,114,13.722210199999608,0.11743949999981851,-0.03,-2.177189e-06,-0.0298775233,0.03,1.920303e-06,0.0302055699,0.0600830932,4.097492e-06,14663.382674084538
0,0.1,115,13.840493899999274,0.11827969999922061,-0.03,-2.110835e-06,-0.0299753745,0.03,2.114521e-06,0.0300662344,0.0600416089,4.225356e-06,14209.83436661905
0,0.1,116,13.956747799999903,0.11624990000018443,-0.03,-1.876665e-06,-0.0298757898,0.03,2.353205e-06,0.0301320467,0.0600078365,4.22987e-06,14186.685761028115
0,0.1,117,14.076104799999484,0.11934980000023643,-0.03,-1.448224e-06,-0.029861487,0.03,1.788654e-06,0.0299684836,0.059829970600000004,3.236878e-06,18483.850982335447
0,0.1,118,14.18565099999978,0.1095420000001468,-0.03,-1.562921e-06,-0.0299477402,0.03,1.633397e-06,0.0303019621,0.0602497023,3.1963180000000003e-06,18849.720928893807
0,0.1,119,14.303695599999628,0.11804120000033436,-0.03,-2.308337e-06,-0.0298708117,0.03,2.057712e-06,0.0301598796,0.0600306913,4.366049e-06,13749.431419574083
0,0.1,120,14.42055739999978,0.11685800000032032,-0.03,-2.169128e-06,-0.0298373982,0.03,2.044304e-06,0.0301817568,0.060019155000000005,4.213432e-06,14244.71903189609
0,0.1,121,14.546573699999499,0.12601269999959186,-0.03,-2.132843e-06,-0.0299566921,0.03,2.126469e-06,0.0301372773,0.0600939694,4.2593119999999995e-06,14108.844198311843
0,0.1,122,14.656783599999471,0.11020319999988715,-0.03,-2.441483e-06,-0.0298936288,0.03,2.412058e-06,0.0300999173,0.0599935461,4.853541e-06,12360.778676846452
0,0.1,123,14.773628999999346,0.11684239999976853,-0.03,-1.471307e-06,-0.030058251,0.03,2.258977e-06,0.0300954341,0.0601536851,3.730284e-06,16125.765518121409
0,0.1,124,14.8928621999994,0.11922940000022209,-0.03,-1.865186e-06,-0.0298262018,0.03,2.364855e-06,0.0300534629,0.0598796647,4.230041e-06,14155.811894021832
0,0.1,125,15.008795099999588,0.11592910000035772,-0.03,-1.91808e-06,-0.029836775,0.03,1.956731e-06,0.0301164664,0.059953241399999996,3.874811000000001e-06,15472.558893840238
0,0.1,126,15.1261070999999,0.1173079999998663,-0.03,-2.386495e-06,-0.0297927804,0.03,1.601593e-06,0.0302016467,0.0599944271,3.9880880000000005e-06,15043.406038181702
0,0.1,127,15.24178259999917,0.11566809999931138,-0.03,-1.862695e-06,-0.0298578757,0.03,1.913399e-06,0.0300784491,0.0599363248,3.776094e-06,15872.572239991909
0,0.1,128,15.360233999999764,0.11844769999970595,-0.03,-1.975477e-06,-0.0298626594,0.03,1.986793e-06,0.0301171996,0.059979858999999996,3.962270000000001e-06,15137.751591890505
0,0.1,129,15.485531899999842,0.12528610000026674,-0.03,-1.727481e-06,-0.0298618225,0.03,1.516678e-06,0.0302464418,0.0601082643,3.244159e-06,18528.149914970258
0,0.1,130,15.604094399999667,0.11855819999982486,-0.03,-2.163835e-06,-0.0298205155,0.03,1.910035e-06,0.0302130253,0.0600335408,4.07387e-06,14736.243620930467
0,0.1,131,15.730075799999213,0.12597729999924923,-0.03,-2.15361e-06,-0.0299566913,0.03,2.15978e-06,0.0301487891,0.0601054804,4.313389999999999e-06,13934.626917575273
0,0.1,132,15.854485099999692,0.12440530000003491,-0.03,-2.328872e-06,-0.0299484519,0.03,2.559305e-06,0.0301233809,0.0600718328,4.8881770000000005e-06,12289.20982198476
0,0.1,133,15.971251199999642,0.1167619999996532,-0.03,-1.854365e-06,-0.0298574017,0.03,2.038616e-06,0.0302240568,0.060081458500000004,3.8929809999999995e-06,15433.278122857526
0,0.1,134,16.087084299999333,0.11582929999985936,-0.03,-2.157182e-06,-0.029897636,0.03,1.726805e-06,0.0302235785,0.0601212145,3.883987e-06,15479.252247754692
0,0.1,135,16.206525599999623,0.11943840000003547,-0.03,-1.869465e-06,-0.0299435213,0.03,1.663277e-06,0.0302994674,0.0602429887,3.532742e-06,17052.756385832876
0,0.1,136,16.322225799999615,0.11569630000030884,-0.03,-2.32152e-06,-0.0298742338,0.03,1.908283e-06,0.0301180278,0.0599922616,4.229803e-06,14183.228296920684
0,0.1,137,16.440626099999463,0.11839319999944564,-0.03,-1.984856e-06,-0.0298444026,0.03,1.758227e-06,0.0301830711,0.0600274737,3.743083e-06,16036.906929394834
0,0.1,138,16.559318899999198,0.11868869999943854,-0.03,-1.73952e-06,-0.0298470928,0.03,2.608372e-06,0.030035205,0.0598822978,4.347892e-06,13772.719699569354
0,0.1,139,16.677148299999317,0.11782539999967412,-0.03,-1.623254e-06,-0.0299831956,0.03,2.152874e-06,0.030059774,0.060042969599999996,3.776128e-06,15900.671163689365
0,0.1,140,16.793521899999178,0.11636989999988145,-0.03,-2.155498e-06,-0.0299311286,0.03,2.199212e-06,0.0300662899,0.0599974185,4.35471e-06,13777.59219328038
0,0.1,141,16.911128099999587,0.11760200000026089,-0.03,-1.930365e-06,-0.0299318459,0.03,1.880608e-06,0.0301264272,0.060058273100000004,3.810973e-06,15759.301653409773
0,0.1,142,17.028244399999494,0.11711250000007567,-0.03,-2.255093e-06,-0.0297834761,0.03,2.292629e-06,0.0301166525,0.059900128600000005,4.547722e-06,13171.457841970114
0,0.1,143,17.146497299999282,0.11824939999951312,-0.03,-2.600491e-06,-0.0297409529,0.03,1.521082e-06,0.0302995105,0.0600404634,4.121573e-06,14567.366245848369
0,0.1,144,17.26414179999938,0.11764059999950405,-0.03,-2.21563e-06,-0.0298132828,0.03,1.907552e-06,0.0302237132,0.060036995999999995,4.1231820000000005e-06,14560.840632307763
0,0.1,145,17.3894894999994,0.12534469999991416,-0.03,-2.092159e-06,-0.029933733,0.03,1.743725e-06,0.030133151,0.060066884,3.8358839999999995e-06,15659.202415922902
0,0.1,146,17.50784079999994,0.11834760000056121,-0.03,-2.413871e-06,-0.0299096854,0.03,1.491891e-06,0.0302511204,0.0601608058,3.905762e-06,15403.090562097741
0,0.1,147,17.631384699999217,0.12353709999933926,-0.03,-2.559274e-06,-0.0298326959,0.03,2.100725e-06,0.0300884135,0.059921109400000006,4.659999e-06,12858.609926740328
0,0.1,148,17.755885199999284,0.12449680000008811,-0.03,-1.56194e-06,-0.0299029906,0.03,2.648898e-06,0.0300423272,0.059945317799999995,4.210838e-06,14235.959160623133
0,0.1,149,17.876428999999916,0.12053629999991244,-0.03,-1.868008e-06,-0.029917591,0.03,2.571574e-06,0.0300872906,0.060004881600000004,4.439582e-06,13515.885414437667
0,0.1,150,17.993449799999325,0.11701679999987391,-0.03,-1.853745e-06,-0.0299159174,0.03,2.140532e-06,0.0300750968,0.0599910142,3.9942770000000004e-06,15019.242330965026
0,0.1,151,18.108844299999873,0.11539069999980711,-0.03,-1.962667e-06,-0.0299539931,0.03,1.784459e-06,0.0300696574,0.0600236505,3.747126e-06,16018.583442350217
0,0.1,152,18.222956599999634,0.11410840000007738,-0.03,-2.519108e-06,-0.0300344483,0.03,1.965342e-06,0.0300683423,0.0601027906,4.48445e-06,13402.488733289478
0,0.1,153,18.342731400000048,0.11976860000049783,-0.03,-2.312661e-06,-0.0298985233,0.03,2.006834e-06,0.030183834,0.0600823573,4.3194949999999995e-06,13909.579082739998
0,0.1,154,18.459673699999257,0.11693819999982225,-0.03,-1.974727e-06,-0.0298370743,0.03,2.383264e-06,0.0301665588,0.060003633099999995,4.357991e-06,13768.645483664375
0,0.1,155,18.583877899999607,0.12420029999975668,-0.03,-1.592547e-06,-0.0299340299,0.03,1.927346e-06,0.0302402024,0.0601742323,3.519893e-06,17095.472021450652
0,0.1,156,18.70211979999931,0.11823829999957525,-0.03,-2.079334e-06,-0.0298680379,0.03,2.04091e-06,0.030120361,0.0599883989,4.120244e-06,14559.428737715532
0,0.1,157,18.82785419999982,0.12572090000048775,-0.03,-1.844182e-06,-0.0298902858,0.03,2.302284e-06,0.0301153997,0.0600056855,4.146466e-06,14471.52478761432
0,0.1,158,18.95194039999933,0.12408239999967918,-0.03,-2.445568e-06,-0.0298688267,0.03,2.144017e-06,0.0301009939,0.0599698206,4.589585e-06,13066.501786109202
0,0.1,159,19.071108699999968,0.11916400000063732,-0.03,-2.230532e-06,-0.029892079,0.03,1.704568e-06,0.0301002498,0.059992328799999994,3.9351e-06,15245.439455159969
0,0.1,160,19.196190399999978,0.12507750000077067,-0.03,-2.331506e-06,-0.0299406409,0.03,1.502245e-06,0.0301141183,0.0600547592,3.833751e-06,15664.752144831526
0,0.1,161,19.305249699999877,0.10905600000023696,-0.03,-1.87355e-06,-0.0297406249,0.03,1.768217e-06,0.0301603267,0.0599009516,3.641767e-06,16448.320719035568
0,0.1,162,19.420913299999484,0.11565969999992376,-0.03,-2.162166e-06,-0.0299730404,0.03,2.134502e-06,0.0301477135,0.060120753900000004,4.296668e-06,13992.413167598708
0,0.1,163,19.54078159999972,0.11986440000055154,-0.03,-1.667904e-06,-0.0298600008,0.03,1.533175e-06,0.0301392766,0.0599992774,3.2010789999999998e-06,18743.454129060858
0,0.1,164,19.658714999999575,0.117929500000173,-0.03,-1.666179e-06,-0.0298746901,0.03,2.410011e-06,0.0301598408,0.0600345309,4.07619e-06,14728.099254450846
0,0.1,165,19.776407899999867,0.11768889999984822,-0.03,-1.450682e-06,-0.0299913796,0.03,2.214524e-06,0.0300835021,0.0600748817,3.665206e-06,16390.588059716152
0,0.1,166,19.892857799999547,0.11644599999999627,-0.03,-2.102981e-06,-0.0299827115,0.03,2.204014e-06,0.0302263757,0.0602090872,4.306995e-06,13979.372439485069
0,0.1,167,20.011972699999205,0.11910809999972116,-0.03,-2.09712e-06,-0.02982507,0.03,2.069117e-06,0.0300573607,0.0598824307,4.166237e-06,14373.265539142396
0,0.1,168,20.1360296999992,0.12404979999973875,-0.03,-2.289762e-06,-0.0299366712,0.03,2.414994e-06,0.0301333958,0.060070067000000005,4.704756e-06,12767.945245194438
0,0.1,169,20.252673699999832,0.1166401999998925,-0.03,-1.869316e-06,-0.0299987782,0.03,2.176038e-06,0.030211284,0.0602100622,4.045354e-06,14883.756081668005
0,0.1,170,20.37077969999973,0.11810200000036275,-0.03,-2.184588e-06,-0.0298904048,0.03,1.696764e-06,0.0301576834,0.0600480882,3.881352e-06,15470.920493683645
0,0.1,171,20.486835899999278,0.116052899999886,-0.03,-1.44215e-06,-0.0298625642,0.03,1.471503e-06,0.0301918159,0.0600543801,2.9136530000000003e-06,20611.370022442614
0,0.1,172,20.6054639999993,0.11862429999928281,-0.03,-2.138966e-06,-0.0298104989,0.03,1.978848e-06,0.0300879239,0.059898422800000004,4.117814e-06,14546.170079561633
0,0.1,173,20.72767759999988,0.1221984000003431,-0.03,-2.147404e-06,-0.0298753564,0.03,1.662477e-06,0.0303214717,0.0601968281,3.8098810000000003e-06,15800.18591131849
0,0.1,174,20.846779699999388,0.11909860000014305,-0.03,-2.288564e-06,-0.0297194345,0.03,1.600162e-06,0.030160306,0.0598797405,3.888726e-06,15398.292525624074
0,0.1,175,20.96260869999969,0.11582490000000689,-0.03,-2.14828e-06,-0.0298033639,0.03,1.945619e-06,0.0301007063,0.0599040702,4.0938990000000005e-06,14632.522736882369
0,0.1,176,21.08004769999934,0.11743529999966995,-0.03,-2.367853e-06,-0.029864159,0.03,2.430633e-06,0.0301631156,0.0600272746,4.798486e-06,12509.627953483661
0,0.1,177,21.205833600000005,0.12577670000064245,-0.03,-1.539631e-06,-0.0300944269,0.03,1.93132e-06,0.0302061617,0.060300588599999996,3.4709510000000004e-06,17372.929954931657
0,0.1,178,21.32299519999924,0.11715759999970032,-0.03,-2.159212e-06,-0.0299423661,0.03,1.581853e-06,0.0300441673,0.0599865334,3.7410649999999997e-06,16034.614047069485
0,0.1,179,21.441444499999307,0.11844589999964228,-0.03,-2.366406e-06,-0.0298637006,0.03,2.37079e-06,0.0301495533,0.0600132539,4.737196e-06,12668.518233148892
0,0.1,180,21.562265199999274,0.120810899999924,-0.03,-1.640644e-06,-0.0300184014,0.03,2.443329e-06,0.0301208008,0.0601392022,4.083973e-06,14725.66106582977
0,0.1,181,21.683478099999775,0.1212095999999292,-0.03,-1.716835e-06,-0.0298248839,0.03,2.023861e-06,0.030082328,0.0599072119,3.7406960000000003e-06,16014.990766424215
0,0.1,182,21.799502899999425,0.11602140000013605,-0.03,-1.955876e-06,-0.029869594,0.03,2.439839e-06,0.0301595548,0.0600291488,4.395715e-06,13656.287725660102
0,0.1,183,21.917339499999798,0.11783130000003439,-0.03,-1.447353e-06,-0.0299526184,0.03,2.588622e-06,0.0300653524,0.0600179708,4.035975e-06,14870.74890206208
0,0.1,184,22.04322669999965,0.12588340000002063,-0.03,-2.121245e-06,-0.0299839991,0.03,2.105686e-06,0.0300286741,0.0600126732,4.226931e-06,14197.694071656244
0,0.1,185,22.15962169999966,0.11639070000001084,-0.03,-1.872942e-06,-0.0298742105,0.03,2.381838e-06,0.0301482269,0.0600224374,4.25478e-06,14107.060153521452
0,0.1,186,22.277391699999498,0.1177668000000267,-0.03,-1.434882e-06,-0.0300098424,0.03,1.957347e-06,0.0300778103,0.0600876527,3.392229e-06,17713.324395257514
0,0.1,187,22.392353700000058,0.11495490000015707,-0.03,-1.870123e-06,-0.0299893392,0.03,2.115767e-06,0.0300858801,0.060075219299999996,3.9858899999999995e-06,15071.971203420066
0,0.1,188,22.512160099999164,0.11980249999942316,-0.03,-2.326153e-06,-0.0298989303,0.03,2.044572e-06,0.0300692401,0.0599681704,4.370725e-06,13720.417184791995
0,0.1,189,22.636356499999238,0.12419299999965006,-0.03,-1.459922e-06,-0.0299186571,0.03,1.914965e-06,0.0301430662,0.060061723299999994,3.374887e-06,17796.66202157287
0,0.1,190,22.75445319999926,0.11809269999957905,-0.03,-1.861818e-06,-0.0298274957,0.03,2.187359e-06,0.030192981,0.060020476700000006,4.049177e-06,14822.882946336998
0,0.1,191,22.87339939999947,0.11894029999984923,-0.03,-2.018465e-06,-0.029946932,0.03,2.529037e-06,0.0301247644,0.0600716964,4.547502e-06,13209.82297533899
0,0.1,192,22.993003300000055,0.1195995000007315,-0.03,-2.159288e-06,-0.0299120239,0.03,1.698069e-06,0.0301418002,0.0600538241,3.857357e-06,15568.645603712592
0,0.1,193,23.107071599999472,0.11406429999988177,-0.03,-2.266731e-06,-0.0298352136,0.03,1.507979e-06,0.0301985266,0.060033740200000005,3.7747100000000003e-06,15904.199315973943
0,0.1,194,23.224360799999886,0.11728470000070956,-0.03,-1.954548e-06,-0.0298895487,0.03,1.918749e-06,0.0301202813,0.06000983,3.873297e-06,15493.216760811267
0,0.1,195,23.391514099999767,0.1671489999998812,-0.03,-2.000222e-06,-0.0298601993,0.03,2.281206e-06,0.0301875492,0.0600477485,4.281428e-06,14025.168355044158
0,0.1,196,23.5047741999997,0.11325579999993352,-0.03,-2.380376e-06,-0.0298092811,0.03,1.991559e-06,0.0301033836,0.0599126647,4.371935e-06,13703.923937569976
0,0.1,197,23.61990009999954,0.11511780000000726,-0.03,-2.033704e-06,-0.0298739592,0.03,2.393189e-06,0.0301609486,0.0600349078,4.426893e-06,13561.40927734192
0,0.1,198,23.746176799999375,0.12627400000019406,-0.03,-2.150662e-06,-0.0298529821,0.03,1.928529e-06,0.0301982696,0.0600512517,4.079191e-06,14721.363059489002
0,0.1,199,23.862262399999963,0.11608160000014323,-0.03,-2.147628e-06,-0.0299642909,0.03,2.081912e-06,0.0301534947,0.0601177856,4.22954e-06,14213.788166088983
0,0.1,200,23.988615999999638,0.12634869999965304,-0.03,-1.645565e-06,-0.0298803011,0.03,1.481671e-06,0.0303001338,0.060180434899999996,3.127236e-06,19243.969722783953
0,0.1,201,24.113943399999698,0.1253206000001228,-0.03,-1.861944e-06,-0.0298125116,0.03,2.151124e-06,0.0302254423,0.060037953899999996,4.013068e-06,14960.612155089324
0,0.1,202,24.231824099999358,0.11787679999997636,-0.03,-2.099767e-06,-0.029926073,0.03,1.916465e-06,0.0301043323,0.060030405300000006,4.016232e-06,14946.94661563376
0,0.1,203,24.351059499999792,0.11923170000045502,-0.03,-2.369098e-06,-0.0299303172,0.03,2.219522e-06,0.0301180812,0.0600483984,4.58862e-06,13086.37420400905
0,0.1,204,24.547714899999846,0.19665170000007492,-0.03,-2.457349e-06,-0.0297768084,0.03,1.508786e-06,0.0302325566,0.060009364999999995,3.966135e-06,15130.439331994497
0,0.1,205,24.66862999999921,0.12091109999983018,-0.03,-2.143827e-06,-0.0298344944,0.03,1.967808e-06,0.0300486798,0.0598831742,4.111635e-06,14564.321541187388
0,0.1,206,24.780953799999224,0.11231989999942016,-0.03,-2.223838e-06,-0.0298850065,0.03,1.615009e-06,0.030160584,0.060045590499999996,3.838847e-06,15641.569070087971
0,0.1,207,24.901364399999693,0.12040410000008706,-0.03,-1.533429e-06,-0.0298959007,0.03,2.424573e-06,0.0301600635,0.0600559642,3.958002e-06,15173.303146385475
0,0.1,208,25.017867199999273,0.11649799999941024,-0.03,-1.577623e-06,-0.0299109051,0.03,2.373606e-06,0.0300491743,0.0599600794,3.951229e-06,15175.045384613244
0,0.1,209,25.13271629999963,0.11484540000037669,-0.03,-2.109969e-06,-0.0299693084,0.03,2.062113e-06,0.0301051868,0.060074495199999994,4.172081999999999e-06,14399.164541828277
0,0.1,210,25.258059899999353,0.12533999999959633,-0.03,-2.350788e-06,-0.0299313492,0.03,1.546525e-06,0.0302780065,0.060209355699999995,3.897313e-06,15448.940257043763
0,0.1,211,25.36919880000005,0.1111337000002095,-0.03,-1.871371e-06,-0.0298095668,0.03,1.516824e-06,0.0302000929,0.060009659699999995,3.388195e-06,17711.394916762463
0,0.1,212,25.484791299999415,0.11558849999983067,-0.03,-2.349598e-06,-0.02988913,0.03,1.914364e-06,0.0300735444,0.0599626744,4.2639619999999995e-06,14062.666224511382
0,0.1,213,25.60999189999984,0.12519659999998112,-0.03,-1.971079e-06,-0.029959069,0.03,1.688398e-06,0.0302224496,0.0601815186,3.659477e-06,16445.387851870637
0,0.1,214,25.735650199999327,0.12565399999948568,-0.03,-1.879328e-06,-0.0299961997,0.03,2.194339e-06,0.0300559163,0.060052116,4.073667e-06,14741.53778401622
0,0.1,215,25.849698399999397,0.11404059999949823,-0.03,-1.973711e-06,-0.0298758148,0.03,2.06656e-06,0.0301837736,0.0600595884,4.040271e-06,14865.237604111211
0,0.1,216,25.962220200000047,0.11251810000067053,-0.03,-2.415639e-06,-0.0299079732,0.03,2.438081e-06,0.0301205324,0.060028505600000004,4.85372e-06,12367.525444401408
0,0.1,217,26.07806039999923,0.11583329999939451,-0.03,-1.640792e-06,-0.0299894452,0.03,2.60654e-06,0.0300828148,0.06007226,4.247332e-06,14143.528219597622
0,0.1,218,26.196991799999523,0.1189275999995516,-0.03,-1.879777e-06,-0.0297292341,0.03,2.293119e-06,0.0301225796,0.059851813700000006,4.172896e-06,14342.991941328039
0,0.1,219,26.312810599999466,0.11581440000009025,-0.03,-1.88173e-06,-0.0298235049,0.03,2.037703e-06,0.030101119,0.0599246239,3.9194329999999995e-06,15289.105311916292
0,0.1,220,26.430237399999896,0.11742310000045109,-0.03,-2.385736e-06,-0.0299081513,0.03,1.683202e-06,0.0302583972,0.0601665485,4.068938e-06,14786.7941217094
0,0.1,221,26.54877099999976,0.1185299999997369,-0.03,-1.878448e-06,-0.0298507041,0.03,1.925013e-06,0.0301614741,0.0600121782,3.803461e-06,15778.307757066525
0,0.1,222,26.6667637999999,0.1179879000001165,-0.03,-2.162823e-06,-0.0298539487,0.03,1.910939e-06,0.0302166539,0.0600706026,4.073761999999999e-06,14745.731979433263
0,0.1,223,26.792524699999376,0.1257568999999421,-0.03,-2.126814e-06,-0.0299757262,0.03,1.687412e-06,0.0301222564,0.0600979826,3.814226e-06,15756.27207197476
0,0.1,224,26.907704499999454,0.11517579999963345,-0.03,-2.383345e-06,-0.029773242,0.03,1.634246e-06,0.0301352294,0.059908471399999996,4.017591e-06,14911.540622228595
0,0.1,225,27.03477269999985,0.12706429999980173,-0.03,-2.167019e-06,-0.0298363778,0.03,1.91853e-06,0.0302075581,0.0600439359,4.085549e-06,14696.66277408495
0,0.1,226,27.158327399999507,0.12355109999953129,-0.03,-2.125906e-06,-0.0299001038,0.03,2.633601e-06,0.0300833335,0.0599834373,4.759507e-06,12602.867755000676
0,0.1,227,27.275169599999572,0.11683519999951386,-0.03,-1.874299e-06,-0.0299152881,0.03,2.205712e-06,0.0300854856,0.060000773699999996,4.080011e-06,14706.032336677523
0,0.1,228,27.387597499999174,0.11242389999915758,-0.03,-2.070208e-06,-0.0299432056,0.03,1.811662e-06,0.0300687351,0.0600119407,3.88187e-06,15459.54416299361
0,0.1,229,27.511599899999965,0.12399880000066332,-0.03,-2.021506e-06,-0.029918926,0.03,1.792428e-06,0.0300927664,0.0600116924,3.813934e-06,15734.85340858022
0,0.1,230,27.63067189999947,0.11906809999982215,-0.03,-2.538349e-06,-0.0297280511,0.03,1.804273e-06,0.0301402313,0.0598682824,4.342622e-06,13786.206213665386
0,0.1,231,27.752762399999483,0.12208659999942029,-0.03,-2.506135e-06,-0.0298055249,0.03,1.88822e-06,0.0301275581,0.059933083,4.394355e-06,13638.65299913184
0,0.1,232,27.863639499999408,0.11087320000024192,-0.03,-2.38549e-06,-0.0298750566,0.03,2.056616e-06,0.030162771,0.0600378276,4.442106e-06,13515.62245475457
0,0.1,233,27.981358099999852,0.11771270000008371,-0.03,-1.654633e-06,-0.0298649542,0.03,2.044414e-06,0.0301541032,0.0600190574,3.699047e-06,16225.54603929066
0,0.1,234,28.0974570999997,0.1160952999998699,-0.03,-2.160076e-06,-0.0300600098,0.03,2.194984e-06,0.0300680822,0.060128091999999994,4.355060000000001e-06,13806.48992206766
0,0.1,235,28.219446099999914,0.12198570000055042,-0.03,-1.892095e-06,-0.0298745784,0.03,2.028958e-06,0.0301026938,0.0599772722,3.921053e-06,15296.215633912625
0,0.1,236,28.33417349999945,0.11472319999938918,-0.03,-1.85313e-06,-0.0298714139,0.03,2.433624e-06,0.0301139383,0.0599853522,4.286754e-06,13993.18743272882
0,0.1,237,28.44910129999971,0.11492189999989932,-0.03,-2.3009e-06,-0.0299222855,0.03,1.488832e-06,0.0302537014,0.0601759869,3.789732e-06,15878.691923333892
0,0.1,238,28.566601300000002,0.11749290000079782,-0.03,-2.146925e-06,-0.0298623275,0.03,1.722984e-06,0.0302219588,0.0600842863,3.8699090000000005e-06,15526.020456811773
0,0.1,239,28.676398299999164,0.1097937999993519,-0.03,-2.060083e-06,-0.0298326176,0.03,2.359717e-06,0.0300705024,0.059903120000000004,4.4198e-06,13553.35535544595
0,0.1,240,28.784748299999592,0.10834650000015245,-0.03,-2.002115e-06,-0.0298731695,0.03,1.979296e-06,0.0301723664,0.0600455359,3.981411000000001e-06,15081.471342697349
0,0.1,241,28.899989300000016,0.11523639999995794,-0.03,-1.783608e-06,-0.0298615126,0.03,2.475138e-06,0.030031885,0.0598933976,4.2587459999999996e-06,14063.622859874717
0,0.1,242,29.01733679999961,0.11734230000001844,-0.03,-1.778499e-06,-0.0299893799,0.03,2.241083e-06,0.0300896916,0.0600790715,4.019582e-06,14946.5968103151
0,0.1,243,29.14365099999941,0.12631009999950038,-0.03,-1.876438e-06,-0.0298582248,0.03,2.304708e-06,0.030139834,0.059998058800000004,4.181146e-06,14349.668440183626
0,0.1,244,29.261189299999387,0.11753419999968173,-0.03,-1.621308e-06,-0.0298968966,0.03,2.48948e-06,0.0301372038,0.0600341004,4.110788e-06,14604.037084860614
0,0.1,245,29.37793319999946,0.11673909999990428,-0.03,-1.533578e-06,-0.0299572118,0.03,2.002279e-06,0.0301190912,0.060076303,3.535857e-06,16990.59181409203
0,0.1,246,29.494570399999247,0.11663309999948979,-0.03,-1.879015e-06,-0.029843934,0.03,2.116148e-06,0.0301010982,0.0599450322,3.995163e-06,15004.40212326756
0,0.1,247,29.60638899999958,0.1118122999996558,-0.03,-2.297245e-06,-0.0299472719,0.03,1.910106e-06,0.0300644367,0.0600117086,4.207351e-06,14263.537460981981
0,0.1,248,29.72987699999976,0.12348370000017894,-0.03,-2.305183e-06,-0.0299090746,0.03,1.620675e-06,0.0302958932,0.060204967799999995,3.925858e-06,15335.492980133258
0,0.1,249,29.848593199999414,0.11871309999969526,-0.03,-2.173246e-06,-0.0298556343,0.03,1.879366e-06,0.0301829147,0.060038549,4.052612e-06,14814.778468799874
0,0.1,250,29.9671402999993,0.11854349999975966,-0.03,-2.163825e-06,-0.029934659,0.03,1.690241e-06,0.0301006243,0.0600352833,3.8540659999999996e-06,15577.12901128315
0,0.1,251,30.08519999999953,0.11805600000025152,-0.03,-2.076921e-06,-0.029924746,0.03,2.204889e-06,0.0301588513,0.0600835973,4.28181e-06,14032.289452357763
1,2.0,0,0.36406840000017837,0.3640677000003052,-0.03,-2.011463e-06,-0.0298980272,0.03,2.062335e-06,0.0301367989,0.0600348261,4.073798e-06,14736.819572300836
1,2.0,1,0.6410808000000543,0.27700800000002346,-0.03,-2.010607e-06,-0.0298978909,0.03,2.062443e-06,0.030136476,0.0600343669,4.07305e-06,14739.413191588612
1,2.0,2,0.9264919000006557,0.2854071000001568,-0.03,-2.01055e-06,-0.0277419762,0.03,2.062218e-06,0.0301365071,0.057878483300000005,4.072768e-06,14211.092627913007
1,2.0,3,1.212088300000687,0.28559190000032686,-0.03,-2.010031e-06,-0.0298985771,0.03,2.062073e-06,0.0285186809,0.058417258,4.0721040000000005e-06,14345.718576932219
1,2.0,4,1.4977285000004485,0.2856362000002264,-0.03,-2.011613e-06,-0.0298981611,0.03,2.062734e-06,0.0301363039,0.060034465,4.0743469999999995e-06,14734.745224204029
1,2.0,5,1.7912706000006438,0.2935376000004908,-0.03,-2.011984e-06,-0.0275930009,0.03,2.062332e-06,0.0301367821,0.057729783,4.074316e-06,14169.19625281888
1,2.0,6,2.0688939000001483,0.27761699999973644,-0.03,-2.010544e-06,-0.0298976422,0.03,2.062304e-06,0.0301360767,0.060033718900000005,4.072848e-06,14739.985116066204
1,2.0,7,2.3542084000000614,0.2853103999996165,-0.03,-2.011328e-06,-0.0275313228,0.03,2.063264e-06,0.0301363493,0.0576676721,4.074592e-06,14152.993011324816
1,2.0,8,2.639582600000722,0.285369800000808,-0.03,-2.011667e-06,-0.0298980104,0.03,2.063505e-06,0.0282439998,0.0581420102,4.075172e-06,14267.375757391344
1,2.0,9,2.917217900000651,0.2776305000006687,-0.03,-2.009779e-06,-0.029898228,0.03,2.0627e-06,0.0301376071,0.060035835100000004,4.072479e-06,14741.840313970928
1,2.0,10,3.202658600000177,0.28543660000013915,-0.03,-2.011543e-06,-0.0298978359,0.03,2.062771e-06,0.0284710938,0.0583689297,4.074313999999999e-06,14326.075432575892
1,2.0,11,3.4993703000000096,0.2967078000001493,-0.03,-2.011451e-06,-0.0298979817,0.03,2.062927e-06,0.030138004,0.0600359857,4.074377999999999e-06,14735.006349435425
1,2.0,12,3.785011200000554,0.2856359000006705,-0.03,-2.010714e-06,-0.0298990506,0.03,2.06216e-06,0.0282747123,0.0581737629,4.072874e-06,14283.221847766466
1,2.0,13,4.0702076000006855,0.28518850000000384,-0.03,-2.010678e-06,-0.0298976828,0.03,2.062944e-06,0.0301370882,0.060034771,4.073622e-06,14737.442747510693
1,2.0,14,4.355687600000238,0.2854749999996784,-0.03,-2.010476e-06,-0.0274480571,0.03,2.062778e-06,0.0301367773,0.0575848344,4.073254e-06,14137.305063715645
1,2.0,15,4.641201299999921,0.28550819999964006,-0.03,-2.00981e-06,-0.0298969559,0.03,2.062023e-06,0.0277898525,0.0576868084,4.071833e-06,14167.282499061233
1,2.0,16,4.9266115000000354,0.285405599999649,-0.03,-2.010261e-06,-0.0298970324,0.03,2.062029e-06,0.0301364426,0.060033475,4.07229e-06,14741.944949893057
1,2.0,17,5.2120488999999,0.2854331999997157,-0.03,-2.010577e-06,-0.0298975107,0.03,2.061745e-06,0.0301366578,0.0600341685,4.072322e-06,14741.999404762197
1,2.0,18,5.4975629999999,0.2855099999997037,-0.03,-2.009747e-06,-0.0298971209,0.03,2.062286e-06,0.02843684,0.0583339609,4.0720329999999996e-06,14325.512808958083
1,2.0,19,5.782772100000329,0.2852050000001327,-0.03,-2.009655e-06,-0.0298983284,0.03,2.061831e-06,0.0301361461,0.060034474500000004,4.071486e-06,14745.10154277824
1,2.0,20,6.076388400000724,0.2936120000003939,-0.03,-2.01112e-06,-0.0280954333,0.03,2.062695e-06,0.0301367486,0.0582321819,4.073814999999999e-06,14294.26272425233
1,2.0,21,6.353894700000637,0.27750230000037845,-0.03,-2.010901e-06,-0.0298979148,0.03,2.062606e-06,0.0301361987,0.0600341135,4.073507e-06,14737.697394407325
1,2.0,22,6.647315300000628,0.2934169000000111,-0.03,-2.01065e-06,-0.0279786959,0.03,2.062077e-06,0.0301370533,0.0581157492,4.072727e-06,14269.492946617831
1,2.0,23,6.924779300000409,0.2774558999999499,-0.03,-2.009051e-06,-0.029898016,0.03,2.062524e-06,0.0301363837,0.060034399700000005,4.071575e-06,14744.760860355023
1,2.0,24,7.210023200000251,0.2852402999997139,-0.03,-2.011103e-06,-0.0281351672,0.03,2.062244e-06,0.030137388,0.0582725552,4.073347e-06,14305.816617145556
1,2.0,25,7.495643900000687,0.2856162000007316,-0.03,-2.010942e-06,-0.0298970954,0.03,2.062887e-06,0.0281390093,0.0580361047,4.073829e-06,14246.082665718173
1,2.0,26,7.781061200000295,0.2854135999996288,-0.03,-2.010182e-06,-0.0298970356,0.03,2.062461e-06,0.0301381269,0.0600351625,4.072643e-06,14741.081528628953
1,2.0,27,8.066368200000397,0.2853026000002501,-0.03,-2.009294e-06,-0.0280738405,0.03,2.062043e-06,0.0301367233,0.058210563800000004,4.071337e-06,14297.653031424323
1,2.0,28,8.351890500000081,0.28551819999938743,-0.03,-2.010022e-06,-0.0298983555,0.03,2.06241e-06,0.0284824901,0.0583808456,4.072431999999999e-06,14335.621957591928
1,2.0,29,8.637459800000215,0.28556509999998525,-0.03,-2.01054e-06,-0.0298979945,0.03,2.063114e-06,0.0301365224,0.0600345169,4.0736540000000005e-06,14737.264603228452
1,2.0,30,8.922820200000388,0.28535639999972773,-0.03,-2.010389e-06,-0.0274698686,0.03,2.063513e-06,0.0301369361,0.0576068047,4.0739020000000006e-06,14140.449303886051
1,2.0,31,9.20024580000063,0.2774208999999246,-0.03,-2.010711e-06,-0.0298972843,0.03,2.062699e-06,0.0301365846,0.060033868899999995,4.07341e-06,14737.988294819328
1,2.0,32,9.485629100000551,0.28537910000068223,-0.03,-2.010498e-06,-0.0298966004,0.03,2.062772e-06,0.0279205283,0.0578171287,4.07327e-06,14194.27847896162
1,2.0,33,9.770982000000004,0.2853423999995357,-0.03,-2.011672e-06,-0.0298972891,0.03,2.063017e-06,0.0301366228,0.0600339119,4.074689e-06,14733.372755564904
1,2.0,34,10.056348400000388,0.2853624999997919,-0.03,-2.010786e-06,-0.0275147032,0.03,2.06232e-06,0.0301371083,0.0576518115,4.073106e-06,14154.262496483028
1,2.0,35,10.341810599999917,0.28545819999999367,-0.03,-2.009385e-06,-0.0298969208,0.03,2.062741e-06,0.0283780236,0.0582749444,4.072126e-06,14310.692842019133
1,2.0,36,10.627240600000732,0.2854261000002225,-0.03,-2.011207e-06,-0.0298983125,0.03,2.063258e-06,0.0301368931,0.0600352056,4.074465e-06,14734.500259543278
1,2.0,37,10.920736099999885,0.2934910999993008,-0.03,-2.011374e-06,-0.0275822661,0.03,2.06259e-06,0.0301373115,0.0577195776,4.073964e-06,14167.91547495265
1,2.0,38,11.198098000000755,0.27735800000027666,-0.03,-2.009986e-06,-0.0298997783,0.03,2.063173e-06,0.0301373115,0.0600370898,4.073159e-06,14739.687255027364
1,2.0,39,11.483480200000486,0.28537800000049174,-0.03,-2.010231e-06,-0.0279486502,0.03,2.062814e-06,0.0301359916,0.0580846418,4.0730449999999996e-06,14260.74148456499
1,2.0,40,11.768730300000243,0.28524600000037026,-0.03,-2.010748e-06,-0.0298986806,0.03,2.063196e-06,0.0280824208,0.0579811014,4.0739440000000004e-06,14232.179283760403
1,2.0,41,12.05435000000034,0.2856152000003931,-0.03,-2.011548e-06,-0.0298983291,0.03,2.06303e-06,0.0301367423,0.0600350714,4.074578e-06,14734.058692703884
1,2.0,42,12.339682300000277,0.28532819999963976,-0.03,-2.011415e-06,-0.0298982597,0.03,2.063524e-06,0.0282689341,0.0581671938,4.074939000000001e-06,14274.37166544088
1,2.0,43,12.624698100000387,0.2850114000002577,-0.03,-2.009562e-06,-0.0298970235,0.03,2.063675e-06,0.0301358624,0.0600328859,4.073237e-06,14738.372920603442
1,2.0,44,12.910114700000122,0.2854117999995651,-0.03,-2.011663e-06,-0.0279311338,0.03,2.063379e-06,0.030136771,0.0580679048,4.075042000000001e-06,14249.645721442868
1,2.0,45,13.195732400000452,0.2856135000001814,-0.03,-2.010352e-06,-0.0298980971,0.03,2.064089e-06,0.0301373067,0.0600354038,4.074441e-06,14734.635696037813
1,2.0,46,13.473056700000598,0.2773200999999972,-0.03,-2.008909e-06,-0.0298982812,0.03,2.062817e-06,0.0301358122,0.0600340934,4.071726e-06,14744.138824665511
1,2.0,47,13.758478900000227,0.2854171999997561,-0.03,-2.009859e-06,-0.0279982161,0.03,2.062723e-06,0.030136343,0.0581345591,4.072582e-06,14274.619663888905
1,2.0,48,14.043672800000422,0.28518809999968653,-0.03,-2.010444e-06,-0.0298983482,0.03,2.062935e-06,0.0287235888,0.058621937,4.073379e-06,14391.476216674168
1,2.0,49,14.32902550000017,0.28534810000019206,-0.03,-2.010427e-06,-0.0298974395,0.03,2.06356e-06,0.0301361756,0.0600336151,4.073987e-06,14735.838651424268
1,2.0,50,14.614546400000108,0.2855162999994718,-0.03,-2.008884e-06,-0.0279938044,0.03,2.062807e-06,0.030136245,0.058130049399999995,4.071691e-06,14276.63577614313
1,2.0,51,14.899874499999896,0.2853235999991739,-0.03,-2.00924e-06,-0.029897693,0.03,2.063721e-06,0.0283981806,0.0582958736,4.072961e-06,14312.897570097039
1,2.0,52,15.185403500000575,0.2855247000006784,-0.03,-2.01018e-06,-0.0298982047,0.03,2.06294e-06,0.0301365224,0.060034727100000004,4.07312e-06,14739.248315787409
1,2.0,53,15.470918100000745,0.2855105000007825,-0.03,-2.009182e-06,-0.0298978795,0.03,2.062512e-06,0.0283529272,0.0582508067,4.071694000000001e-06,14306.283011444373
1,2.0,54,15.755943600000137,0.28501779999987775,-0.03,-2.010914e-06,-0.0298983865,0.03,2.06299e-06,0.0301355324,0.0600339189,4.073904e-06,14736.2134453831
1,2.0,55,16.041435200000706,0.2854869000002509,-0.03,-2.009408e-06,-0.0278464238,0.03,2.062807e-06,0.0301357548,0.0579821786,4.072215e-06,14238.486573032122
1,2.0,56,16.32702010000048,0.2855801000005158,-0.03,-2.011025e-06,-0.0298971789,0.03,2.063564e-06,0.0279811848,0.057878363700000005,4.074589e-06,14204.712107159767
1,2.0,57,16.612483599999905,0.28545739999935904,-0.03,-2.009536e-06,-0.0298975256,0.03,2.062985e-06,0.0301356735,0.060033199100000004,4.072521e-06,14741.041016117535
1,2.0,58,16.905783900000642,0.2932961000005889,-0.03,-2.009174e-06,-0.028523088,0.03,2.063069e-06,0.0301365845,0.058659672499999996,4.072243e-06,14404.75740273849
1,2.0,59,17.18307830000049,0.27729009999984555,-0.03,-2.009478e-06,-0.0298980804,0.03,2.064213e-06,0.0301354367,0.0600335171,4.073691e-06,14736.885320953406
1,2.0,60,17.46817800000008,0.28509570000005624,-0.03,-2.010539e-06,-0.0276436873,0.03,2.063395e-06,0.0301370173,0.057780704599999996,4.073934e-06,14183.024221796426
1,2.0,61,17.753535499999998,0.2853529999993043,-0.03,-2.010488e-06,-0.0298977456,0.03,2.063005e-06,0.0279610963,0.0578588419,4.073493e-06,14203.741580014988
1,2.0,62,18.039011900000332,0.2854717999998684,-0.03,-2.0092e-06,-0.0298969371,0.03,2.06392e-06,0.0301372942,0.060034231300000004,4.07312e-06,14739.12659091802
1,2.0,63,18.324315800000477,0.28529710000020714,-0.03,-2.009347e-06,-0.0298957798,0.03,2.062532e-06,0.0283144494,0.058210229200000005,4.071879e-06,14295.667724900472
1,2.0,64,18.60968000000048,0.2853603000003204,-0.03,-2.009476e-06,-0.0298970519,0.03,2.063686e-06,0.0301365243,0.060033576199999994,4.073162e-06,14738.813776618754
1,2.0,65,18.894868100000167,0.28518179999991844,-0.03,-2.010424e-06,-0.027479011,0.03,2.062886e-06,0.0301360723,0.0576150833,4.0733099999999995e-06,14144.536826315702
1,2.0,66,19.180194700000357,0.2853224999998929,-0.03,-2.009089e-06,-0.0298981327,0.03,2.062585e-06,0.0283190572,0.0582171899,4.071674e-06,14298.09702348469
1,2.0,67,19.465696900000694,0.28549870000006194,-0.03,-2.009309e-06,-0.0298982499,0.03,2.06298e-06,0.0301355582,0.0600338081,4.072289e-06,14742.03036670531
1,2.0,68,19.75927640000009,0.2935755999997127,-0.03,-2.009572e-06,-0.027335655,0.03,2.061947e-06,0.0301355606,0.0574712156,4.071519e-06,14115.423653923755
1,2.0,69,20.036809600000197,0.2775291999996625,-0.03,-2.010104e-06,-0.0298970471,0.03,2.062193e-06,0.0301359432,0.060032990300000005,4.072297e-06,14741.800585762778
1,2.0,70,20.322636599999896,0.28582319999986794,-0.03,-2.009309e-06,-0.0279110544,0.03,2.063089e-06,0.0301362373,0.0580472917,4.072398e-06,14253.835627067887
1,2.0,71,20.607486599999902,0.28484579999985726,-0.03,-2.008294e-06,-0.0298980347,0.03,2.062334e-06,0.0287661984,0.058664233100000004,4.0706279999999995e-06,14411.592781261272
1,2.0,72,20.892808100000366,0.2853173000003153,-0.03,-2.00912e-06,-0.0298969874,0.03,2.063021e-06,0.0301361847,0.0600331721,4.072141e-06,14742.40997548955
1,2.0,73,21.17820430000029,0.28538810000009107,-0.03,-2.009431e-06,-0.0280089732,0.03,2.063752e-06,0.0301359025,0.0581448757,4.073183e-06,14275.046247615193
1,2.0,74,21.463794400000552,0.2855858000002627,-0.03,-2.008958e-06,-0.029897798,0.03,2.063284e-06,0.0301360938,0.0600338918,4.072242e-06,14742.221066429747
1,2.0,75,21.74894519999998,0.2851468999997451,-0.03,-2.008542e-06,-0.0298984412,0.03,2.063607e-06,0.0301366725,0.0600351137,4.072149e-06,14742.857812914017
1,2.0,76,22.042354400000477,0.29340529999990395,-0.03,-2.010023e-06,-0.0282916466,0.03,2.063956e-06,0.0301354458,0.058427092400000005,4.0739789999999995e-06,14341.53008643393
1,2.0,77,22.319801600000574,0.27744150000035006,-0.03,-2.009718e-06,-0.029898972,0.03,2.064426e-06,0.0301352402,0.0600342122,4.074144e-06,14735.417353927598
1,2.0,78,22.61305960000027,0.2932537999995475,-0.03,-2.009531e-06,-0.0293600382,0.03,2.0634e-06,0.0301357399,0.0594957781,4.072931e-06,14607.60766632187
1,2.0,79,22.89078040000004,0.27771539999957895,-0.03,-2.008795e-06,-0.0298987449,0.03,2.063589e-06,0.0301353741,0.060034119,4.072384e-06,14741.76281018686
1,2.0,80,23.176173700000618,0.2853893000001335,-0.03,-2.008852e-06,-0.0278202493,0.03,2.063195e-06,0.0301359408,0.0579561901,4.0720469999999995e-06,14232.691837790675
1,2.0,81,23.45370770000045,0.27752980000059324,-0.03,-2.009058e-06,-0.0298983527,0.03,2.063307e-06,0.0301365123,0.060034865,4.072365e-06,14742.014775198195
1,2.0,82,23.73880360000021,0.28509200000007695,-0.03,-2.008397e-06,-0.0298981638,0.03,2.063212e-06,0.029101886,0.059000049799999996,4.071609e-06,14490.59813945789
1,2.0,83,24.024189300000216,0.28538140000000567,-0.03,-2.009311e-06,-0.0298973795,0.03,2.064098e-06,0.0301370254,0.060034404900000005,4.073409e-06,14738.12349803322
1,2.0,84,24.3095529000002,0.2853599000000031,-0.03,-2.009487e-06,-0.0282801084,0.03,2.062509e-06,0.0301371497,0.0584172581,4.071996e-06,14346.099087523662
1,2.0,85,24.595188400000552,0.28563160000067,-0.03,-2.009333e-06,-0.0298979333,0.03,2.062782e-06,0.0274643818,0.0573623151,4.072115e-06,14086.61471986916
1,2.0,86,24.88064620000023,0.2854538000001412,-0.03,-2.008758e-06,-0.0298972422,0.03,2.063517e-06,0.0301369991,0.0600342413,4.072275e-06,14742.187425947413
1,2.0,87,25.165954400000373,0.2853040999998484,-0.03,-2.009305e-06,-0.0275999132,0.03,2.063987e-06,0.0301367671,0.057736680299999996,4.073292e-06,14174.45159836319
1,2.0,88,25.45166370000061,0.2857056000002558,-0.03,-2.011086e-06,-0.0298977467,0.03,2.063137e-06,0.028046941,0.0579446877,4.074223e-06,14222.267092400194
1,2.0,89,25.737121600000137,0.28545020000001387,-0.03,-2.010169e-06,-0.0298990404,0.03,2.063223e-06,0.0301358226,0.060034863,4.0733920000000005e-06,14738.297468056106
1,2.0,90,26.02236500000072,0.28523970000060217,-0.03,-2.009412e-06,-0.0280484699,0.03,2.063109e-06,0.0301366834,0.0581851533,4.0725209999999995e-06,14287.256787626144
1,2.0,91,26.307579400000577,0.2852106999998796,-0.03,-2.009112e-06,-0.0298980193,0.03,2.063402e-06,0.0281733251,0.0580713444,4.072514e-06,14259.335732179188
1,2.0,92,26.592965200000435,0.28538190000017494,-0.03,-2.009073e-06,-0.0298981126,0.03,2.062866e-06,0.030135452,0.0600335646,4.071939e-06,14743.237705672898
1,2.0,93,26.878329600000143,0.28535869999996066,-0.03,-2.009837e-06,-0.0281053585,0.03,2.062154e-06,0.0301356767,0.0582410352,4.071991e-06,14302.839863840565
1,2.0,94,27.163880600000084,0.2855467999997927,-0.03,-2.00899e-06,-0.0298976965,0.03,2.062982e-06,0.0283594604,0.0582571569,4.071971999999999e-06,14306.865788861027
1,2.0,95,27.451792599999862,0.28790809999918565,-0.03,-2.008806e-06,-0.0298981724,0.03,2.062844e-06,0.0301356456,0.060033818,4.07165e-06,14744.346395196051
1,2.0,96,27.734939200000554,0.2831430000005639,-0.03,-2.009016e-06,-0.0298986578,0.03,2.062437e-06,0.027823826,0.0577224838,4.071453e-06,14177.367097200928
1,2.0,97,28.020553299999847,0.28561009999975795,-0.03,-2.010069e-06,-0.0298974909,0.03,2.063148e-06,0.0301362578,0.0600337487,4.073217e-06,14738.6571105836
1,2.0,98,28.3061402000003,0.2855831999995644,-0.03,-2.010158e-06,-0.0298986889,0.03,2.062628e-06,0.0276224397,0.0575211286,4.072785999999999e-06,14123.287744556184
1,2.0,99,28.591688100000283,0.2855440000003,-0.03,-2.009251e-06,-0.0298984067,0.03,2.062337e-06,0.0301367312,0.0600351379,4.071588000000001e-06,14744.895087616918
1,2.0,100,28.8770284000002,0.2853362999994715,-0.03,-2.009489e-06,-0.0275279052,0.03,2.063528e-06,0.0301360832,0.057663988400000005,4.073017e-06,14157.56143418994
1,2.0,101,29.16260450000027,0.2855720999996265,-0.03,-2.00887e-06,-0.0298980456,0.03,2.06345e-06,0.028015021,0.0579130666,4.07232e-06,14221.148288936038
1,2.0,102,29.44814000000042,0.28553180000017164,-0.03,-2.010009e-06,-0.0298985095,0.03,2.063839e-06,0.0301362577,0.0600347672,4.0738479999999995e-06,14736.624243221644
1,2.0,103,29.73364070000025,0.28549310000016703,-0.03,-2.00936e-06,-0.0298986099,0.03,2.063089e-06,0.0277263754,0.0576249853,4.072449e-06,14149.95873490374
1,2.0,104,30.018662100000256,0.28501719999985653,-0.03,-2.009016e-06,-0.0298984354,0.03,2.063039e-06,0.030135923,0.0600343584,4.072055e-06,14743.012655772087
1,5.0,0,0.916317600000184,0.9163166999996974,-0.03,-2.009436e-06,-0.0298976884,0.03,2.063216e-06,0.0301365108,0.0600341992,4.0726519999999995e-06,14740.812423943908
1,5.0,1,1.8369059000006018,0.9205834000003961,-0.03,-2.009306e-06,-0.0298973881,0.03,2.063127e-06,0.030136528,0.0600339161,4.0724330000000005e-06,14741.535612740588
1,5.0,2,2.7526255000002493,0.9157153999994989,-0.03,-2.009578e-06,-0.0298970944,0.03,2.061883e-06,0.0301364764,0.060033570800000005,4.071461e-06,14744.970122518675
1,5.0,3,3.6704317000003357,0.9178020999997898,-0.03,-2.009377e-06,-0.0298973667,0.03,2.062628e-06,0.0301367076,0.060034074300000004,4.072005e-06,14743.123915614055
1,5.0,4,4.585850800000117,0.9154142999996111,-0.03,-2.008781e-06,-0.0298978449,0.03,2.062753e-06,0.0301366167,0.060034461600000005,4.0715339999999996e-06,14744.92454195397
1,5.0,5,5.50235100000009,0.9164952999999514,-0.03,-2.00806e-06,-0.029898151,0.03,2.063176e-06,0.0301352279,0.0600333789,4.071236e-06,14745.737879110913
1,5.0,6,6.427137900000162,0.9247826999999234,-0.03,-2.00896e-06,-0.0298979721,0.03,2.063091e-06,0.0301360314,0.0600340035,4.0720510000000005e-06,14742.939982824379
1,5.0,7,7.342245100000582,0.9151031999999759,-0.03,-2.008654e-06,-0.029898151,0.03,2.06316e-06,0.0301351323,0.060033283300000004,4.0718140000000005e-06,14743.621221401567
1,5.0,8,8.25737560000016,0.9151265999998941,-0.03,-2.009936e-06,-0.0298972586,0.03,2.062679e-06,0.0301352266,0.0600324852,4.072615e-06,14740.525485468183
1,5.0,9,9.171787900000709,0.9144083000001046,-0.03,-2.009671e-06,-0.029897659,0.03,2.062206e-06,0.0301344394,0.0600320984,4.0718769999999995e-06,14743.102112367344
1,5.0,10,10.09603000000061,0.924237300000641,-0.03,-2.009642e-06,-0.0298987341,0.03,2.062268e-06,0.0301347197,0.0600334538,4.07191e-06,14743.315495676476
1,5.0,11,11.014749800000573,0.9187157000005755,-0.03,-2.008986e-06,-0.0298982214,0.03,2.062766e-06,0.0301348928,0.0600331142,4.071752e-06,14743.80419043203
1,5.0,12,11.930543200000102,0.915789899999254,-0.03,-2.010109e-06,-0.0298976963,0.03,2.062801e-06,0.0301354686,0.0600331649,4.07291e-06,14739.624715498254
1,5.0,13,12.84320580000076,0.9126590000005308,-0.03,-2.010048e-06,-0.0298979335,0.03,2.063251e-06,0.0301366757,0.060034609200000005,4.073298999999999e-06,14738.571658991892
1,5.0,14,13.746316400000069,0.9031052000000273,-0.03,-2.010365e-06,-0.0298979317,0.03,2.063442e-06,0.0301361601,0.0600340918,4.073807e-06,14736.60676610355
1,5.0,15,14.66205330000048,0.9157327000002624,-0.03,-2.010145e-06,-0.0298978494,0.03,2.063084e-06,0.0301356063,0.0600334557,4.0732289999999996e-06,14738.541756429606
1,5.0,16,15.578959000000395,0.9169008999997459,-0.03,-2.012959e-06,-0.0298988088,0.03,2.062829e-06,0.0301350113,0.060033820099999996,4.075788e-06,14729.37750933071
1,5.0,17,16.4952815000006,0.9163183999999092,-0.03,-2.009695e-06,-0.0298986242,0.03,2.062835e-06,0.0301358616,0.0600344858,4.07253e-06,14741.324385578499
1,5.0,18,17.412383200000477,0.9170973000000231,-0.03,-2.008945e-06,-0.0298985104,0.03,2.062902e-06,0.0301351739,0.0600336843,4.071847e-06,14743.600213858723
1,5.0,19,18.332302200000413,0.919911900000443,-0.03,-2.009089e-06,-0.0298987696,0.03,2.063697e-06,0.0301347726,0.0600335422,4.072785999999999e-06,14740.166117247507
1,5.0,20,19.248143200000413,0.9158361999998306,-0.03,-2.010446e-06,-0.0298986685,0.03,2.063956e-06,0.0301351868,0.0600338553,4.074402e-06,14734.39667956181
1,5.0,21,20.16386860000057,0.9157187000000704,-0.03,-2.009033e-06,-0.0298990932,0.03,2.063025e-06,0.0301352662,0.0600343594,4.072058e-06,14743.002039754838
1,5.0,22,21.068241500000113,0.9043685999995432,-0.03,-2.008696e-06,-0.0298981195,0.03,2.062714e-06,0.0301349553,0.0600330748,4.07141e-06,14745.032998396133
1,5.0,23,21.986388199999965,0.9181427999992593,-0.03,-2.008928e-06,-0.0298985222,0.03,2.063454e-06,0.0301344618,0.060032984,4.072381999999999e-06,14741.491343395588
1,5.0,24,22.903955900000255,0.9175626999995075,-0.03,-2.009617e-06,-0.0298976642,0.03,2.063189e-06,0.030135139,0.0600328032,4.072806e-06,14739.912286516961
1,5.0,25,23.807738600000448,0.9037780999997267,-0.03,-2.010075e-06,-0.0298978693,0.03,2.062926e-06,0.0301347367,0.060032606,4.073001e-06,14739.158178453676
1,5.0,26,24.72210730000006,0.9143635999998878,-0.03,-2.008742e-06,-0.0298981314,0.03,2.063039e-06,0.0301353594,0.0600334908,4.071781e-06,14743.79167248926
1,5.0,27,25.63730190000024,0.9151905999997325,-0.03,-2.009455e-06,-0.0298974992,0.03,2.062915e-06,0.0301352446,0.060032743799999996,4.07237e-06,14741.475799104699
1,5.0,28,26.554788200000075,0.9174821999995402,-0.03,-2.009918e-06,-0.0298981151,0.03,2.063429e-06,0.0301351777,0.0600332928,4.073347000000001e-06,14738.074806786652
1,5.0,29,27.471094300000004,0.9163009999992937,-0.03,-2.010891e-06,-0.0298989157,0.03,2.062681e-06,0.0301355163,0.060034432,4.0735719999999995e-06,14737.54041907201
1,5.0,30,28.390464700000848,0.9193664000003992,-0.03,-2.010297e-06,-0.0298986201,0.03,2.063349e-06,0.0301346044,0.060033224499999996,4.073646e-06,14736.976286108315
1,5.0,31,29.304333200000656,0.913863499999934,-0.03,-2.009944e-06,-0.0298979142,0.03,2.06363e-06,0.0301350386,0.0600329528,4.073574e-06,14737.17006245621
1,5.0,32,30.21774010000081,0.9134001000002172,-0.03,-2.00997e-06,-0.0298970026,0.03,2.063303e-06,0.030134614,0.060031616600000004,4.073273e-06,14737.931044641497
