nplc,round,sample_index,sample_wall_time,sample_started_s,sample_ended_s,sample_elapsed_s,differential_resistance_ohm,compliance_hit,negative_source_voltage_v,negative_measured_voltage_v,negative_current_a,negative_resistance_ohm,positive_source_voltage_v,positive_measured_voltage_v,positive_current_a,positive_resistance_ohm
5.0,1,0,2026-05-27T21:47:17.231,16514.9405961,16515.8820183,0.9414221999977599,35223.341123543214,False,-0.03,-0.0298774903,-8.609467e-07,34703.066171227554,0.03,0.0301211494,8.424306e-07,35755.05139533156
5.0,1,1,2026-05-27T21:47:18.172,16515.8820898,16516.823471,0.9413811999984318,35252.2517578726,False,-0.03,-0.029877959,-8.59668e-07,34755.22992597142,0.03,0.0301218917,8.423467e-07,35759.49392334534
5.0,1,2,2026-05-27T21:47:19.124,16516.823538,16517.7754425,0.9519044999979087,35242.184096871526,False,-0.03,-0.0298770503,-8.588607e-07,34786.840636671346,0.03,0.0301219787,8.436169e-07,35705.75542049952
5.0,1,3,2026-05-27T21:47:20.067,16517.7755075,16518.7174172,0.941909700002725,35245.64329845928,False,-0.03,-0.0298779705,-8.594913e-07,34762.38851981399,0.03,0.0301215939,8.428344e-07,35738.44862051193
5.0,1,4,2026-05-27T21:47:21.005,16518.7174792,16519.655797,0.938317799998913,35239.27200844137,False,-0.03,-0.029878395,-8.602991e-07,34730.240912724425,0.03,0.0301221955,8.423635e-07,35759.141392047495
5.0,1,5,2026-05-27T21:47:21.946,16519.6558636,16520.5970714,0.941207799998665,35246.62848891838,False,-0.03,-0.0298780344,-8.586586e-07,34796.17440505458,0.03,0.0301223189,8.436419e-07,35705.100588294634
5.0,1,6,2026-05-27T21:47:22.888,16520.5971425,16521.5390882,0.9419457000003604,35304.92002066276,False,-0.03,-0.0298781148,-8.579013e-07,34826.98394325781,0.03,0.030121986,8.415814e-07,35792.124208068286
5.0,1,7,2026-05-27T21:47:23.830,16521.5391499,16522.4810623,0.9419124000014563,35259.62466532051,False,-0.03,-0.0298776423,-8.590455e-07,34780.04634213205,0.03,0.0301211223,8.425825e-07,35748.57334444995
5.0,1,8,2026-05-27T21:47:24.776,16522.4811214,16523.4267328,0.9456113999985973,35312.844361159674,False,-0.03,-0.0298783606,-8.583218e-07,34810.20824590498,0.03,0.0301206374,8.407483e-07,35825.98668352942
5.0,1,9,2026-05-27T21:47:25.717,16523.4267884,16524.3681633,0.9413749000013922,35236.25491950231,False,-0.03,-0.0298781603,-8.601643e-07,34735.410781405364,0.03,0.0301199605,8.42574e-07,35747.5551108864
5.0,1,10,2026-05-27T21:47:26.657,16524.3682179,16525.3078927,0.9396747999999207,35292.51454629751,False,-0.03,-0.0298786874,-8.587006e-07,34795.232936835026,0.03,0.0301205143,8.41354e-07,35800.04884983016
5.0,1,11,2026-05-27T21:47:27.601,16525.3079687,16526.251012,0.943043300001591,35285.17258117767,False,-0.03,-0.0298780838,-8.577163e-07,34834.45959928708,0.03,0.0301208166,8.426835e-07,35743.925922365874
5.0,1,12,2026-05-27T21:47:28.554,16526.2510687,16527.2050799,0.9540111999995133,35210.57469089644,False,-0.03,-0.0298771331,-8.599708e-07,34742.03205504187,0.03,0.0301219749,8.440374e-07,35687.96228697923
7.0,1,0,2026-05-27T21:47:33.850,16531.2395146,16532.5013159,1.261801299999206,35260.81913068008,False,-0.03,-0.0298769051,-8.583249e-07,34808.386777547756,0.03,0.0301214943,8.432351e-07,35721.34781865698
7.0,1,1,2026-05-27T21:47:35.113,16532.5013727,16533.76418,1.262807299997803,35262.96548110146,False,-0.03,-0.0298766605,-8.58667e-07,34794.23396962967,0.03,0.0301209197,8.427662e-07,35740.54073359847
7.0,1,2,2026-05-27T21:47:36.379,16533.7642329,16535.0296766,1.2654436999982863,35232.864579198256,False,-0.03,-0.0298770308,-8.604758e-07,34721.52360356909,0.03,0.0301214089,8.424354e-07,35755.15570689456
7.0,1,3,2026-05-27T21:47:38.005,16535.0297315,16536.6558332,1.6261016999997082,35296.11008891291,False,-0.03,-0.0298777605,-8.580902e-07,34818.90423640778,0.03,0.0301212817,8.417867e-07,35782.55833692787
7.0,1,4,2026-05-27T21:47:39.260,16536.6558915,16537.9114181,1.2555266000017582,35277.93114433257,False,-0.03,-0.0298775693,-8.585652e-07,34799.418029055916,0.03,0.0301215379,8.421895e-07,35765.74856371398
7.0,1,5,2026-05-27T21:47:40.519,16537.911474,16539.1692687,1.2577946999990672,35251.682836835724,False,-0.03,-0.0298767289,-8.589195e-07,34784.08500447364,0.03,0.0301213568,8.430726e-07,35728.069919482616
7.0,1,6,2026-05-27T21:47:41.781,16539.1693256,16540.4319878,1.2626621999988856,35297.87031642102,False,-0.03,-0.0298782539,-8.574594e-07,34845.09458990128,0.03,0.0301214614,8.423518e-07,35758.76658659719
7.0,1,7,2026-05-27T21:47:43.051,16540.4320482,16541.7019033,1.269855099999404,35266.18032984994,False,-0.03,-0.0298774641,-8.584627e-07,34803.45051683667,0.03,0.0301219888,8.428685e-07,35737.471266277
7.0,1,8,2026-05-27T21:47:44.314,16541.7019643,16542.9648189,1.2628546000014467,35281.492790672,False,-0.03,-0.0298777743,-8.584208e-07,34805.51065398229,0.03,0.0301225039,8.421954e-07,35766.64500898485
7.0,1,9,2026-05-27T21:47:45.575,16542.9648744,16544.2258249,1.2609505000000354,35266.378444399124,False,-0.03,-0.0298779739,-8.596705e-07,34755.146186823906,0.03,0.0301224438,8.416785e-07,35788.53897301642
0.3,1,0,2026-05-27T21:47:47.049,16545.5397985,16545.700179,0.1603804999977001,62390.61300251648,False,-0.03,-0.0298798934,-5.119963e-07,58359.58853608903,0.03,0.0301186635,4.496637e-07,66980.42003390534
0.3,1,1,2026-05-27T21:47:47.205,16545.7002353,16545.8554188,0.1551835000027495,58026.57783561509,False,-0.03,-0.0298722101,-5.098919e-07,58585.37878322836,0.03,0.0301190142,5.239658e-07,57482.78647194149
0.3,1,2,2026-05-27T21:47:47.365,16545.8554765,16546.0159188,0.16044229999897652,40214.72574023493,False,-0.03,-0.0298722037,-9.013666e-07,33141.01465485852,0.03,0.030125151,5.905584e-07,51011.29879788349
0.3,1,3,2026-05-27T21:47:47.533,16546.015971,16546.1834029,0.16743189999760943,40130.546879112284,False,-0.03,-0.0298738775,-8.365884e-07,35709.17012475908,0.03,0.0301269204,6.585519e-07,45747.22265625533
0.3,1,4,2026-05-27T21:47:47.718,16546.1834579,16546.3681374,0.18467950000194833,33090.71538345005,False,-0.03,-0.0298766033,-1.077054e-06,27739.187914440685,0.03,0.0301260596,7.362239e-07,40919.69793428331
0.3,1,5,2026-05-27T21:47:47.869,16546.3681984,16546.519871,0.151672600000893,38519.62693986487,False,-0.03,-0.0298759019,-1.091909e-06,27361.164620861266,0.03,0.0301203623,4.656415e-07,64685.73419680161
0.3,1,6,2026-05-27T21:47:48.026,16546.5199272,16546.6765056,0.15657840000130818,57756.307540017515,False,-0.03,-0.0298801597,-5.23072e-07,57124.37236173987,0.03,0.0301232956,5.158354e-07,58397.108069744725
0.3,1,7,2026-05-27T21:47:48.183,16546.6765605,16546.8341131,0.15755260000150884,38335.87060581131,False,-0.03,-0.0298833002,-7.841452e-07,38109.39632098749,0.03,0.0301264679,7.812234e-07,38563.191911558206
0.3,1,8,2026-05-27T21:47:48.339,16546.8341875,16546.9903763,0.1561887999996543,29153.435841915267,False,-0.03,-0.0298737673,-1.021387e-06,29248.235291813977,0.03,0.0301213507,1.036522e-06,29060.020626672664
0.3,1,9,2026-05-27T21:47:48.500,16546.9904315,16547.1507098,0.16027830000166432,25849.953128056044,False,-0.03,-0.0298799199,-1.218239e-06,24527.14114389705,0.03,0.0301234566,1.102979e-06,27310.99739886254
0.3,1,10,2026-05-27T21:47:48.658,16547.1507675,16547.3084222,0.15765470000042114,24515.265514021063,False,-0.03,-0.0298800315,-1.233669e-06,24220.4606746218,0.03,0.0301288767,1.214149e-06,24814.80996154508
0.3,1,11,2026-05-27T21:47:48.814,16547.3084783,16547.4656505,0.1571721999971487,26747.82203035851,False,-0.03,-0.0298785011,-1.14449e-06,26106.388959274438,0.03,0.0301237914,1.098769e-06,27415.945844850008
0.3,1,12,2026-05-27T21:47:49.009,16547.4657083,16547.6599349,0.19422660000054748,31374.204109944505,False,-0.03,-0.0298708971,-9.371139e-07,31875.417812071722,0.03,0.0301238035,9.751163e-07,30892.52379434125
0.3,1,13,2026-05-27T21:47:49.168,16547.6599933,16547.819179,0.15918569999848842,59637.156101659784,False,-0.03,-0.0298863555,-5.077894e-07,58855.80813620765,0.03,0.030122847,4.984491e-07,60433.145530807466
0.3,1,14,2026-05-27T21:47:49.324,16547.8192354,16547.9752255,0.15599010000005364,54752.967437578685,False,-0.03,-0.0298814455,-5.296624e-07,56416.0217904839,0.03,0.0301183674,5.661652e-07,53197.136454165666
0.3,1,15,2026-05-27T21:47:49.481,16547.9752834,16548.1315183,0.15623490000143647,33856.1469011546,False,-0.03,-0.0298835976,-8.705151e-07,34328.63783752861,0.03,0.0301199935,9.01795e-07,33400.044910428645
0.3,1,16,2026-05-27T21:47:49.650,16548.1316915,16548.3010008,0.16930929999944055,29125.43150597533,False,-0.03,-0.029879932,-1.199874e-06,24902.558101934035,0.03,0.0301275819,8.604393e-07,35014.18624184181
0.3,1,17,2026-05-27T21:47:49.807,16548.3010782,16548.4570673,0.1559891000033531,35873.11271797729,False,-0.03,-0.0298813508,-1.21628e-06,24567.82221199066,0.03,0.0301175387,4.562509e-07,66010.91351271856
0.3,1,18,2026-05-27T21:47:49.991,16548.4571238,16548.6426442,0.1855204000021331,27886.228722802964,False,-0.03,-0.0298754365,-9.727302e-07,30712.973134791126,0.03,0.0301193083,1.178681e-06,25553.401047442017
0.3,1,19,2026-05-27T21:47:50.151,16548.6426985,16548.8021363,0.15943780000088736,48503.03922090917,False,-0.03,-0.0298809706,-5.955597e-07,50172.922378730465,0.03,0.0301178273,6.414514e-07,46952.62540544771
0.3,1,20,2026-05-27T21:47:50.306,16548.8021939,16548.9572669,0.15507300000172108,60124.781625866075,False,-0.03,-0.0298785157,-5.335896e-07,55995.311190472974,0.03,0.030115723,4.642392e-07,64871.13324337971
0.3,1,21,2026-05-27T21:47:50.464,16548.9573245,16549.1140469,0.15672239999912563,46786.21639081956,False,-0.03,-0.0298763795,-6.379092e-07,46834.846558099496,0.03,0.0301242996,6.445343e-07,46738.08608789323
0.3,1,22,2026-05-27T21:47:50.622,16549.1141019,16549.2731916,0.15908970000236877,30540.96455552056,False,-0.03,-0.029884956,-9.781995e-07,30550.982698314605,0.03,0.0301266589,9.867553e-07,30531.033276436414
0.3,1,23,2026-05-27T21:47:50.783,16549.2732679,16549.4338484,0.16058049999992363,31501.42896009696,False,-0.03,-0.0298783003,-1.02503e-06,29148.70813537165,0.03,0.0301215831,8.796418e-07,34243.01016618356
0.3,1,24,2026-05-27T21:47:50.941,16549.4339027,16549.5919814,0.15807870000207913,29984.238410218728,False,-0.03,-0.0298806756,-1.029796e-06,29016.111540538128,0.03,0.0301173267,9.711887e-07,31010.787810854883
0.3,1,25,2026-05-27T21:47:51.102,16549.5920374,16549.7532616,0.16122419999737758,40928.02916559171,False,-0.03,-0.0298760844,-5.30505e-07,56316.31068510193,0.03,0.0301222208,9.354416e-07,32201.07038215961
0.3,1,26,2026-05-27T21:47:51.287,16549.7533159,16549.9380786,0.18476269999882788,42551.352724009674,False,-0.03,-0.0298776148,-7.13199e-07,41892.39581098684,0.03,0.0301268433,6.969667e-07,43225.65669206291
0.3,1,27,2026-05-27T21:47:51.445,16549.9381349,16550.0959545,0.1578196000009484,51263.32216273474,False,-0.03,-0.029880807,-6.280907e-07,47574.03190335408,0.03,0.0301190002,5.42333e-07,55535.99024953303
0.3,1,28,2026-05-27T21:47:51.601,16550.0960106,16550.2519879,0.15597730000081356,36785.689986094876,False,-0.03,-0.0298777144,-8.176546e-07,36540.75253780753,0.03,0.0301243405,8.134703e-07,37031.88733503854
0.3,1,29,2026-05-27T21:47:51.758,16550.2520443,16550.4091925,0.1571481999999378,25033.978499110217,False,-0.03,-0.0298785433,-1.184454e-06,25225.583517806517,0.03,0.0301190161,1.212191e-06,24846.757730423673
0.3,1,30,2026-05-27T21:47:51.909,16550.4092591,16550.5600405,0.15078139999968698,34020.58489014053,False,-0.03,-0.0298793953,-1.197915e-06,24942.83425785636,0.03,0.0301212712,5.657427e-07,53241.99711282178
0.3,1,31,2026-05-27T21:47:52.075,16550.5600978,16550.725545,0.1654472000009264,62543.838850580156,False,-0.03,-0.0298815155,-4.868995e-07,61371.01290923486,0.03,0.0301238378,4.725132e-07,63752.37305539824
0.3,1,32,2026-05-27T21:47:52.226,16550.7255949,16550.8771602,0.1515653000024031,43054.494367793915,False,-0.03,-0.0298836994,-8.887416e-07,33624.73344333156,0.03,0.0301247464,5.050373e-07,59648.55744318291
0.3,1,33,2026-05-27T21:47:52.386,16550.8772157,16551.0369086,0.15969290000066394,42841.835428900486,False,-0.03,-0.0298755375,-7.075907e-07,42221.495421011045,0.03,0.0301181467,6.927621e-07,43475.45383905961
0.3,1,34,2026-05-27T21:47:52.546,16551.0369632,16551.1962392,0.15927599999849917,46140.85518767929,False,-0.03,-0.0298792982,-6.608977e-07,45210.17125645921,0.03,0.0301216193,6.394882e-07,47102.69759473278
0.3,1,35,2026-05-27T21:47:52.702,16551.1962996,16551.3527884,0.1564887999993516,33123.104463433396,False,-0.03,-0.029881801,-1.013109e-06,29495.149090571696,0.03,0.0301187021,7.983306e-07,37727.10466065061
0.3,1,36,2026-05-27T21:47:52.861,16551.3528451,16551.5119359,0.15909079999983078,34462.32366052237,False,-0.03,-0.0298823111,-6.757637e-07,44220.05961551353,0.03,0.0301223048,1.065402e-06,28273.182141576606
0.3,1,37,2026-05-27T21:47:53.047,16551.512058,16551.6974734,0.18541539999932866,50269.8509328427,False,-0.03,-0.0298797765,-6.234663e-07,47925.247122418645,0.03,0.0301201057,5.700897e-07,52833.97630232576
0.3,1,38,2026-05-27T21:47:53.206,16551.6975355,16551.8567368,0.1592013000008592,51419.00642802726,False,-0.03,-0.0298851126,-6.339831e-07,47138.658112495425,0.03,0.0301168058,5.329379e-07,56510.910182968786
0.3,1,39,2026-05-27T21:47:53.363,16551.8567851,16552.0139504,0.1571652999991784,46959.432816905944,False,-0.03,-0.0298748782,-6.388877e-07,46760.76593742531,0.03,0.0301240433,6.387879e-07,47158.13073478693
0.3,1,40,2026-05-27T21:47:53.524,16552.0140069,16552.1746856,0.16067869999824325,30546.944719119067,False,-0.03,-0.0298803461,-9.797392e-07,30498.265354698473,0.03,0.0301212854,9.845041e-07,30595.3884803527
0.3,1,41,2026-05-27T21:47:53.682,16552.1747457,16552.3332597,0.1585140000024694,35282.477857266145,False,-0.03,-0.0298748701,-8.42197e-07,35472.54395349306,0.03,0.0301190495,8.581915e-07,35095.95410814486
0.3,1,42,2026-05-27T21:47:53.848,16552.3333184,16552.4983009,0.16498249999858672,27731.60313197182,False,-0.03,-0.0298813106,-1.032601e-06,28937.905928814707,0.03,0.0301193683,1.13102e-06,26630.27028699758
0.3,1,43,2026-05-27T21:47:53.998,16552.4983559,16552.6491593,0.1508033999998588,33932.51469218174,False,-0.03,-0.0298809917,-5.624706e-07,53124.539664828706,0.03,0.0301283755,1.206021e-06,24981.634233566416
0.3,1,44,2026-05-27T21:47:54.157,16552.64922,16552.8070533,0.15783329999976559,25339.011280919905,False,-0.03,-0.0298790468,-1.183885e-06,25238.132757826985,0.03,0.0301209953,1.184007e-06,25439.879409496734
0.3,1,45,2026-05-27T21:47:54.351,16552.8071058,16553.0018341,0.19472830000086105,32803.50504450202,False,-0.03,-0.0298759567,-6.356643e-07,46999.582484024984,0.03,0.0301285198,1.193545e-06,25242.885521702156
0.3,1,46,2026-05-27T21:47:54.513,16553.0018907,16553.1633493,0.1614585999996052,44524.60886816499,False,-0.03,-0.0298836725,-5.560187e-07,53745.80477239344,0.03,0.0301311502,7.918836e-07,38049.9737587696
0.3,1,47,2026-05-27T21:47:54.672,16553.1634175,16553.3227158,0.15929830000095535,47718.877722218815,False,-0.03,-0.0298795117,-6.858566e-07,43565.24629200915,0.03,0.0301194804,5.714863e-07,52703.76630200934
0.3,1,48,2026-05-27T21:47:54.831,16553.3227744,16553.481934,0.15915959999983897,48381.339589737145,False,-0.03,-0.0298797127,-6.310374e-07,47350.14549058424,0.03,0.0301249486,6.092065e-07,49449.48650416567
0.3,1,49,2026-05-27T21:47:54.989,16553.4819948,16553.6400511,0.1580562999988615,55912.05271697515,False,-0.03,-0.0298810837,-5.833642e-07,51222.004538502704,0.03,0.0301272761,4.898992e-07,61496.88772710794
0.3,1,50,2026-05-27T21:47:55.145,16553.6401073,16553.7964363,0.1563289999976405,58876.47029906355,False,-0.03,-0.0298854837,-5.055463e-07,59115.22584578307,0.03,0.0301177586,5.135916e-07,58641.45480572502
0.3,1,51,2026-05-27T21:47:55.305,16553.7964912,16553.9557036,0.15921240000170656,47248.40423232478,False,-0.03,-0.0298815741,-6.861393e-07,43550.30254060655,0.03,0.0301224204,5.838294e-07,51594.55895849028
0.3,1,52,2026-05-27T21:47:55.464,16553.9557603,16554.1144561,0.15869580000071437,37537.64230660151,False,-0.03,-0.0298797887,-1.000486e-06,29865.2741767501,0.03,0.0301179726,5.978499e-07,50377.147508095266
0.3,1,53,2026-05-27T21:47:55.647,16554.1145183,16554.2972021,0.1826837999979034,44540.41155129569,False,-0.03,-0.0298812553,-4.772252e-07,62614.57965757047,0.03,0.030129658,8.701111e-07,34627.36884979401
0.3,1,54,2026-05-27T21:47:55.806,16554.2972518,16554.4574384,0.1601866000019072,54306.52950672892,False,-0.03,-0.0298809205,-5.924802e-07,50433.61870995858,0.03,0.0301176067,5.123322e-07,58785.309024105845
0.3,1,55,2026-05-27T21:47:55.964,16554.4574935,16554.6143764,0.1568829000025289,49121.14480442667,False,-0.03,-0.029875407,-6.144926e-07,48618.00939506839,0.03,0.0301237283,6.069597e-07,49630.52456365719
0.3,1,56,2026-05-27T21:47:56.123,16554.6145059,16554.7740403,0.15953439999793773,34342.854411766384,False,-0.03,-0.029879217,-8.971601e-07,33304.21961475995,0.03,0.0301204284,8.499179e-07,35439.22112947615
0.3,1,57,2026-05-27T21:47:56.279,16554.7740945,16554.9302089,0.15611440000066068,31501.68958739332,False,-0.03,-0.0298795837,-9.266028e-07,32246.37752011973,0.03,0.0301206197,9.780634e-07,30796.183253560044
0.3,1,58,2026-05-27T21:47:56.439,16554.9302574,16555.0893808,0.1591234000006807,24543.061465658186,False,-0.03,-0.0298801541,-1.255816e-06,23793.417268134825,0.03,0.0301210291,1.188915e-06,25334.888616932243
0.3,1,59,2026-05-27T21:47:56.597,16555.0894309,16555.2472282,0.15779730000213021,24546.83637306772,False,-0.03,-0.0298809352,-1.214319e-06,24607.15446270708,0.03,0.0301227508,1.230138e-06,24487.293945882495
0.3,1,60,2026-05-27T21:47:56.756,16555.2472753,16555.407013,0.15973769999982323,53996.700809956645,False,-0.03,-0.0298759455,-6.126696e-07,48763.55134969974,0.03,0.0301209335,4.984516e-07,60429.00353815697
0.3,1,61,2026-05-27T21:47:56.938,16555.4070826,16555.5892583,0.18217569999978878,33235.243228032705,False,-0.03,-0.0298760093,-1.239265e-06,24107.845618168834,0.03,0.0301232928,5.660265e-07,53218.87367464245
0.3,1,62,2026-05-27T21:47:57.096,16555.5893469,16555.7471345,0.1577876000010292,24286.92035810881,False,-0.03,-0.0298806125,-1.241515e-06,24067.8626516796,0.03,0.03012105,1.229019e-06,24508.20532473461
0.3,1,63,2026-05-27T21:47:57.254,16555.7471923,16555.9048239,0.15763159999914933,27104.971543294043,False,-0.03,-0.0298761809,-1.127942e-06,26487.33791276502,0.03,0.0301217036,1.085596e-06,27746.697298074057
0.3,1,64,2026-05-27T21:47:57.410,16555.9048869,16556.0609514,0.15606449999904726,37117.14939757158,False,-0.03,-0.0298771214,-8.714968e-07,34282.53712463431,0.03,0.0301193284,7.44911e-07,40433.459030676146
0.3,1,65,2026-05-27T21:47:57.569,16556.0610101,16556.2201813,0.1591712000008556,53465.25310601349,False,-0.03,-0.0298756913,-4.812914e-07,62074.018567545565,0.03,0.0301218395,6.408866e-07,47000.26416529851
0.3,1,66,2026-05-27T21:47:57.727,16556.2202394,16556.3780497,0.15781029999925522,63422.75241529503,False,-0.03,-0.0298829445,-4.833939e-07,61819.035159525185,0.03,0.0301210425,4.627017e-07,65098.18853053706
0.3,1,67,2026-05-27T21:47:57.885,16556.3781125,16556.5359117,0.15779920000204584,56015.11873403882,False,-0.03,-0.0298828648,-5.456469e-07,54765.93892497144,0.03,0.0301179817,5.255076e-07,57312.171508080944
0.3,1,68,2026-05-27T21:47:58.080,16556.5359678,16556.7304242,0.19445640000049025,37959.281595565146,False,-0.03,-0.029878194,-1.003157e-06,29784.165389864196,0.03,0.0301178133,5.773789e-07,52162.99608454691
0.3,1,69,2026-05-27T21:47:58.241,16556.730484,16556.8919419,0.16145790000155102,25435.580185823615,False,-0.03,-0.0298765822,-1.209414e-06,24703.35402103829,0.03,0.0301207626,1.149382e-06,26206.050381857378
0.3,1,70,2026-05-27T21:47:58.398,16556.8920014,16557.0496144,0.15761299999940093,27529.266504598483,False,-0.03,-0.0298781924,-1.078726e-06,27697.665950389626,0.03,0.0301284785,1.101015e-06,27364.2761451933
0.3,1,71,2026-05-27T21:47:58.556,16557.0496683,16557.2067861,0.15711780000128783,24709.43307193606,False,-0.03,-0.0298879169,-1.214741e-06,24604.353438304952,0.03,0.0301217829,1.213874e-06,24814.587757872727
0.3,1,72,2026-05-27T21:47:58.716,16557.2068376,16557.3669406,0.16010300000198185,25640.252792902138,False,-0.03,-0.029875403,-1.13692e-06,26277.489181296834,0.03,0.0301191989,1.20294e-06,25037.989342776866
0.3,1,73,2026-05-27T21:47:58.873,16557.3669977,16557.5238535,0.15685579999990296,26832.673350131445,False,-0.03,-0.029874016,-1.104391e-06,27050.21681632683,0.03,0.0301229293,1.131575e-06,26620.35596403243
0.3,1,74,2026-05-27T21:47:59.030,16557.5239133,16557.6809926,0.15707929999916814,37795.77908474242,False,-0.03,-0.0298738088,-8.159738e-07,36611.23531172201,0.03,0.0301223076,7.714023e-07,39048.76560518422
0.7,1,0,2026-05-27T21:48:00.633,16559.0882361,16559.284571,0.19633489999978337,34193.73681339689,False,-0.03,-0.0298662416,-9.29183e-07,32142.475271286712,0.03,0.0301324518,8.254861e-07,36502.67618073763
0.7,1,1,2026-05-27T21:48:00.819,16559.284626,16559.4701425,0.18551649999790243,33393.30856131753,False,-0.03,-0.029865046,-1.012348e-06,29500.770486038393,0.03,0.0301319735,7.843299e-07,38417.4739481435
0.7,1,2,2026-05-27T21:48:01.020,16559.470196,16559.6710647,0.20086870000159252,35513.03791799593,False,-0.03,-0.0298702042,-8.735393e-07,34194.45948224654,0.03,0.0301280861,8.159329e-07,36924.710475579544
0.7,1,3,2026-05-27T21:48:01.201,16559.6711251,16559.8521303,0.18100520000007236,35369.861831317976,False,-0.03,-0.0298754922,-8.230043e-07,36300.529900026035,0.03,0.0301166356,8.731326e-07,34492.62528967536
0.7,1,4,2026-05-27T21:48:01.399,16559.8521834,16560.0500513,0.1978679000021657,41104.15075175018,False,-0.03,-0.0298892177,-7.609896e-07,39276.77553017808,0.03,0.0301326704,6.992495e-07,43092.87371674917
0.7,1,5,2026-05-27T21:48:01.581,16560.0501069,16560.2318065,0.18169960000159335,33856.63027216585,False,-0.03,-0.0298743504,-8.689146e-07,34381.22733810665,0.03,0.0301186166,9.030564e-07,33351.86661652583
0.7,1,6,2026-05-27T21:48:01.778,16560.2318752,16560.4288193,0.19694410000010976,39262.17058260529,False,-0.03,-0.0298841066,-7.839452e-07,38120.14742867232,0.03,0.0301351844,7.447347e-07,40464.3215899568
0.7,1,7,2026-05-27T21:48:01.957,16560.4288746,16560.6077362,0.17886160000125528,35883.27822936544,False,-0.03,-0.0298629273,-9.035237e-07,33051.625873233876,0.03,0.0301357583,7.685277e-07,39212.325463350244
0.7,1,8,2026-05-27T21:48:02.158,16560.6078329,16560.8089217,0.20108880000043428,32446.007397038196,False,-0.03,-0.0298597846,-9.469705e-07,31531.905798543885,0.03,0.0301349726,9.020939e-07,33405.58294430325
0.7,1,9,2026-05-27T21:48:02.338,16560.808976,16560.9889284,0.17995239999800106,34344.97085824779,False,-0.03,-0.0298666917,-9.241973e-07,32316.358963610906,0.03,0.0301332168,8.227807e-07,36623.63105989239
0.7,1,10,2026-05-27T21:48:02.533,16560.9889835,16561.1839755,0.19499200000063865,35174.249133451485,False,-0.03,-0.0298668147,-9.040058e-07,33038.29986489025,0.03,0.0301340913,8.018133e-07,37582.42885220287
0.7,1,11,2026-05-27T21:48:02.720,16561.1840313,16561.3710206,0.18698930000027758,32214.124297365026,False,-0.03,-0.0298713657,-9.966654e-07,29971.30802373595,0.03,0.0301225056,8.656814e-07,34796.29526520958
0.7,1,12,2026-05-27T21:48:02.918,16561.3710765,16561.5688431,0.19776660000206903,39195.99128693965,False,-0.03,-0.0298839025,-8.029347e-07,37218.3472703322,0.03,0.0301355275,7.283298e-07,41376.211024181626
0.7,1,13,2026-05-27T21:48:03.098,16561.5689056,16561.7486144,0.17970879999847966,34899.13019969933,False,-0.03,-0.0298676764,-9.143424e-07,32665.74578626125,0.03,0.0301336897,8.049373e-07,37436.070734950415
0.7,1,14,2026-05-27T21:48:03.294,16561.7486745,16561.9443708,0.19569630000114557,36111.508627514966,False,-0.03,-0.0298635976,-9.088726e-07,32857.847843581156,0.03,0.0301370715,7.526661e-07,40040.42629261502
0.7,1,15,2026-05-27T21:48:03.476,16561.9444285,16562.1273499,0.18292140000266954,34197.83730817242,False,-0.03,-0.0298640417,-1.002256e-06,29796.82007391325,0.03,0.0301360194,7.522427e-07,40061.564439242815
0.7,1,16,2026-05-27T21:48:03.676,16562.1274078,16562.3271362,0.19972840000264114,31195.146340805302,False,-0.03,-0.0298643628,-9.818841e-07,30415.364501777753,0.03,0.0301380007,9.415678e-07,32008.317085609768
0.7,1,17,2026-05-27T21:48:03.857,16562.3271923,16562.5080425,0.180850200002169,34691.67237757248,False,-0.03,-0.0298612884,-9.870495e-07,30253.080924512906,0.03,0.0301358636,7.423901e-07,40593.02999864896
0.7,1,18,2026-05-27T21:48:04.057,16562.5081017,16562.7070712,0.19896949999747449,31879.769203013886,False,-0.03,-0.0298642784,-9.211303e-07,32421.339738797,0.03,0.0301367723,9.60974e-07,31360.653149825077
0.7,1,19,2026-05-27T21:48:04.237,16562.707138,16562.8883051,0.18116709999958402,33902.229891083574,False,-0.03,-0.0298647088,-9.763553e-07,30587.95174256749,0.03,0.030131942,7.93341e-07,37981.072451820844
0.7,1,20,2026-05-27T21:48:04.432,16562.8883598,16563.0832775,0.1949177000024065,32512.077842893617,False,-0.03,-0.0298610673,-9.295449e-07,32124.394744137695,0.03,0.0301326799,9.157308e-07,32905.60926857544
0.7,1,21,2026-05-27T21:48:04.612,16563.0833767,16563.2632152,0.1798385000001872,35355.282082285936,False,-0.03,-0.0298635678,-9.96064e-07,29981.575280303277,0.03,0.0301363965,7.00994e-07,42990.947854047256
0.7,1,22,2026-05-27T21:48:04.813,16563.2632712,16563.4637654,0.20049419999850215,30154.57238566095,False,-0.03,-0.0298637728,-9.952212e-07,30007.17106910504,0.03,0.0301354674,9.945016e-07,30302.08035864397
0.7,1,23,2026-05-27T21:48:04.994,16563.4638237,16563.6452516,0.18142789999910747,35870.68040518189,False,-0.03,-0.0298621468,-9.994293e-07,29879.198858788706,0.03,0.0301352214,6.731726e-07,44765.9655190957
0.7,1,24,2026-05-27T21:48:05.188,16563.6453075,16563.839454,0.194146500001807,29794.957127010453,False,-0.03,-0.0298653793,-1.010245e-06,29562.511371004064,0.03,0.0301130314,1.002794e-06,30029.130010749966
0.7,1,25,2026-05-27T21:48:05.371,16563.839517,16564.0214047,0.1818877000005159,36989.82091253715,False,-0.03,-0.0298829442,-8.434944e-07,35427.55494286625,0.03,0.0301255202,7.788023e-07,38681.85828418842
0.7,1,26,2026-05-27T21:48:05.566,16564.021464,16564.216975,0.19551099999807775,32012.38473819391,False,-0.03,-0.0298740012,-9.28945e-07,32159.063453702856,0.03,0.0301055777,9.446917e-07,31868.150953374523
0.7,1,27,2026-05-27T21:48:05.746,16564.2170315,16564.3963313,0.17929979999826173,35247.3078536041,False,-0.03,-0.0298965944,-7.220515e-07,41405.072075883785,0.03,0.0301053454,9.802612e-07,30711.554634621873
0.7,1,28,2026-05-27T21:48:05.945,16564.3963869,16564.5959094,0.19952249999914784,41826.000407383486,False,-0.03,-0.0298946132,-7.119583e-07,41989.275495489,0.03,0.030105646,7.225623e-07,41665.121471186634
0.7,1,29,2026-05-27T21:48:06.122,16564.5959787,16564.7723354,0.17635670000163373,35582.207532612665,False,-0.03,-0.0298943809,-7.143017e-07,41851.19663021941,0.03,0.0301111799,9.720906e-07,30975.692903521543
0.7,1,30,2026-05-27T21:48:06.318,16564.7723917,16564.9683685,0.1959768000015174,35016.151705841105,False,-0.03,-0.0298889966,-7.572032e-07,39472.88733063991,0.03,0.0301193136,9.565291e-07,31488.130993610128
0.7,1,31,2026-05-27T21:48:06.499,16564.9684229,16565.1500741,0.18165120000048773,33290.860593258636,False,-0.03,-0.0298762616,-9.090531e-07,32865.25462593989,0.03,0.0301263233,8.93321e-07,33723.96182335353
0.7,1,32,2026-05-27T21:48:06.679,16565.150145,16565.3300419,0.1798969000010402,34581.17805525265,False,-0.03,-0.0298757492,-8.380862e-07,35647.585176799235,0.03,0.0301230097,8.969258e-07,33584.728747907575
0.7,1,33,2026-05-27T21:48:06.864,16565.3301033,16565.5150885,0.1849852000013925,34853.06418085474,False,-0.03,-0.0298907387,-7.198278e-07,41524.84622016543,0.03,0.0301040643,1.001536e-06,30057.89537270752
0.7,1,34,2026-05-27T21:48:07.045,16565.5151439,16565.6957229,0.18057899999985239,35153.99520289389,False,-0.03,-0.0298959174,-7.126781e-07,41948.69661352018,0.03,0.0301056493,9.941426e-07,30283.029114736655
0.7,1,35,2026-05-27T21:48:07.239,16565.6957795,16565.8899616,0.19418210000003455,32644.96074362747,False,-0.03,-0.0298947082,-1.001773e-06,29841.798690920998,0.03,0.0301248476,8.36782e-07,36000.831279831546
0.7,1,36,2026-05-27T21:48:07.420,16565.8900213,16566.0708202,0.18079889999717125,34942.5100601076,False,-0.03,-0.0298765485,-8.348416e-07,35787.08643651682,0.03,0.0301233718,8.822623e-07,34143.32880369024
0.7,1,37,2026-05-27T21:48:07.618,16566.0708811,16566.2686981,0.19781700000021374,37778.36166935942,False,-0.03,-0.0298781811,-7.931372e-07,37670.88607116146,0.03,0.0301312655,7.953236e-07,37885.5418096483
0.7,1,38,2026-05-27T21:48:07.797,16566.2687546,16566.4488116,0.1800569999977597,34777.92813487298,False,-0.03,-0.029869354,-9.061076e-07,32964.46691320104,0.03,0.0301304388,8.191186e-07,36783.97584916274
0.7,1,39,2026-05-27T21:48:07.997,16566.4488964,16566.6482832,0.19938679999904707,34719.81784647632,False,-0.03,-0.029869436,-8.781085e-07,34015.65524078174,0.03,0.030132263,8.500601e-07,35447.214849867676
0.7,1,40,2026-05-27T21:48:08.178,16566.6483371,16566.8289179,0.18058079999900656,34475.31281314854,False,-0.03,-0.0298712602,-9.054476e-07,32990.60067087261,0.03,0.0301326046,8.350403e-07,36085.210019205064
0.7,1,41,2026-05-27T21:48:08.374,16566.8289762,16567.0248215,0.1958453000006557,34942.03985118328,False,-0.03,-0.0298713968,-8.828533e-07,33835.0627448524,0.03,0.0301385691,8.345612e-07,36113.07247449318
0.7,1,42,2026-05-27T21:48:08.554,16567.0248775,16567.2048137,0.17993619999833754,35440.66972365594,False,-0.03,-0.0298623579,-1.01361e-06,29461.388403823956,0.03,0.0301377355,6.793629e-07,44361.762321728194
0.7,1,43,2026-05-27T21:48:08.751,16567.2048732,16567.4017558,0.19688260000111768,29746.40663101328,False,-0.03,-0.0298630441,-1.010488e-06,29553.091278669315,0.03,0.0301302822,1.006338e-06,29940.519189377726
0.7,1,44,2026-05-27T21:48:08.929,16567.401816,16567.5795246,0.1777086000001873,34530.36566764707,False,-0.03,-0.0298747202,-9.605517e-07,31101.626492358504,0.03,0.0301173012,7.768183e-07,38770.07171432496
0.7,1,45,2026-05-27T21:48:09.127,16567.579584,16567.7781447,0.19856070000241743,35039.36582099967,False,-0.03,-0.029888644,-8.714375e-07,34298.092519543854,0.03,0.0301094443,8.408677e-07,35807.588161609725
0.7,1,46,2026-05-27T21:48:09.308,16567.778208,16567.9587339,0.18052589999933844,36158.04305299324,False,-0.03,-0.0298881179,-8.059379e-07,37084.889418899395,0.03,0.0301112479,8.534264e-07,35282.77060564332
0.7,1,47,2026-05-27T21:48:09.509,16567.9587929,16568.1591121,0.20031919999746606,35658.79694898013,False,-0.03,-0.0298881042,-8.382682e-07,35654.58429652944,0.03,0.0301057071,8.441725e-07,35662.98013735344
0.7,1,48,2026-05-27T21:48:09.690,16568.1591704,16568.3406253,0.18145490000097197,35670.006397569276,False,-0.03,-0.0298816752,-8.620638e-07,34662.95093240198,0.03,0.0301224595,8.201376e-07,36728.543478557745
0.7,1,49,2026-05-27T21:48:09.888,16568.3406808,16568.538918,0.1982371999984025,33089.20079221988,False,-0.03,-0.0298833149,-9.22574e-07,32391.238968364596,0.03,0.030111807,8.90559e-07,33812.253876497794
0.7,1,50,2026-05-27T21:48:10.067,16568.5389743,16568.7176571,0.17868280000038794,34325.955869312755,False,-0.03,-0.0298931391,-8.389871e-07,35630.034240097375,0.03,0.0301082885,9.090029e-07,33122.323922178904
0.7,1,51,2026-05-27T21:48:10.263,16568.7177139,16568.9142518,0.19653789999938454,36485.90231582722,False,-0.03,-0.0298872703,-8.001699e-07,37351.15542336697,0.03,0.0301057947,8.441108e-07,35665.69068894747
0.7,1,52,2026-05-27T21:48:10.444,16568.914304,16569.0944034,0.1800993999968341,35313.40023350793,False,-0.03,-0.0298941434,-7.009012e-07,42651.009015250645,0.03,0.0301078649,9.982274e-07,30161.328871557726
0.7,1,53,2026-05-27T21:48:10.641,16569.0944624,16569.2924786,0.19801619999998366,43159.53694265129,False,-0.03,-0.0298945192,-7.039052e-07,42469.524589390734,0.03,0.0301049066,6.862725e-07,43867.278085600105
0.7,1,54,2026-05-27T21:48:10.824,16569.2925327,16569.4744647,0.18193199999950593,34492.64110992065,False,-0.03,-0.0298948949,-7.325674e-07,40808.388279358325,0.03,0.0301074481,1.007002e-06,29898.10159264828
0.7,1,55,2026-05-27T21:48:11.020,16569.4745208,16569.6709313,0.19641050000063842,43325.64023452225,False,-0.03,-0.029895544,-7.06608e-07,42308.52750039625,0.03,0.0301213078,6.786422e-07,44384.66661813839
0.7,1,56,2026-05-27T21:48:11.201,16569.6709877,16569.8513135,0.18032579999999143,34931.22854063042,False,-0.03,-0.0298860637,-7.602701e-07,39309.797531166885,0.03,0.0301130545,9.573654e-07,31454.086913941115
0.7,1,57,2026-05-27T21:48:11.398,16569.8513651,16570.0483811,0.197016000001895,40636.589053440934,False,-0.03,-0.0298872457,-7.60809e-07,39283.50703001673,0.03,0.0301305175,7.1613e-07,42074.08920168126
0.7,1,58,2026-05-27T21:48:11.577,16570.0484406,16570.228201,0.1797604000021238,34927.896334080324,False,-0.03,-0.0298678561,-8.877219e-07,33645.51004092611,0.03,0.0301324578,8.301117e-07,36299.280928096785
0.7,1,59,2026-05-27T21:48:11.777,16570.228259,16570.4280597,0.19980070000019623,33331.11148702983,False,-0.03,-0.0298657723,-9.086934e-07,32866.72083235115,0.03,0.0301313783,8.913411e-07,33804.54272780645
0.7,1,60,2026-05-27T21:48:11.959,16570.428118,16570.6102439,0.1821258999989368,33770.57935877295,False,-0.03,-0.0298743535,-9.035846e-07,33062.0436647548,0.03,0.0301223531,8.730123e-07,34503.927493346884
0.7,1,61,2026-05-27T21:48:12.157,16570.6103595,16570.8073542,0.19699469999977737,36967.88121920672,False,-0.03,-0.0298863438,-9.553232e-07,31284.01341033066,0.03,0.0301357987,6.683063e-07,45092.79457637913
0.7,1,62,2026-05-27T21:48:12.337,16570.8074203,16570.9882415,0.18082119999962742,34197.97190186555,False,-0.03,-0.0298644197,-9.331511e-07,32003.841285725324,0.03,0.0301315686,8.212216e-07,36691.1544947186
0.7,1,63,2026-05-27T21:48:12.533,16570.9882955,16571.1839884,0.19569290000072215,33964.13332281985,False,-0.03,-0.0298650073,-8.832748e-07,33811.68272886309,0.03,0.0301367201,8.833455e-07,34116.5717151443
3.0,1,0,2026-05-27T21:48:15.594,16573.6243958,16574.2456422,0.6212463999981992,35279.59708589523,False,-0.03,-0.0298782498,-8.588071e-07,34790.40846308793,0.03,0.0301210589,8.41873e-07,35778.62563593321
3.0,1,1,2026-05-27T21:48:16.215,16574.2456998,16574.8656303,0.619930499997281,35284.06758131576,False,-0.03,-0.0298788763,-8.575736e-07,34841.180162262455,0.03,0.0301206221,8.428964e-07,35734.66691754764
3.0,1,2,2026-05-27T21:48:16.836,16574.8656856,16575.4866003,0.620914699997229,35266.666729363395,False,-0.03,-0.0298782546,-8.572654e-07,34852.980885499404,0.03,0.0301213346,8.440462e-07,35686.83159760686
3.0,1,3,2026-05-27T21:48:17.459,16575.4866532,16576.1106196,0.6239663999986078,35173.37440355882,False,-0.03,-0.029878599,-8.598594e-07,34748.237909593125,0.03,0.0301210646,8.459668e-07,35605.49255597265
3.0,1,4,2026-05-27T21:48:18.092,16576.1106761,16576.7428994,0.6322232999991684,35249.25809277233,False,-0.03,-0.0298784965,-8.608968e-07,34706.246439759096,0.03,0.0301216274,8.412702e-07,35804.938056762265
3.0,1,5,2026-05-27T21:48:18.713,16576.7429551,16577.3633416,0.6203865000024962,35353.46863270553,False,-0.03,-0.0298777377,-8.557084e-07,34915.79339410482,0.03,0.0301203122,8.413825e-07,35798.59600122417
3.0,1,6,2026-05-27T21:48:19.334,16577.3633991,16577.9850746,0.6216755000023113,35285.32999994413,False,-0.03,-0.0298776915,-8.591157e-07,34777.26166568717,0.03,0.030120478,8.412558e-07,35804.18464871208
3.0,1,7,2026-05-27T21:48:19.957,16577.9851303,16578.607516,0.62238570000045,35268.40076648834,False,-0.03,-0.0298782941,-8.579242e-07,34826.26332256393,0.03,0.0301207713,8.432889e-07,35718.21151683605
3.0,1,8,2026-05-27T21:48:20.578,16578.6075721,16579.2287045,0.6211323999996239,35289.77467093732,False,-0.03,-0.0298776596,-8.579808e-07,34823.226347256255,0.03,0.0301206884,8.421816e-07,35765.07537091763
3.0,1,9,2026-05-27T21:48:21.199,16579.2287633,16579.8503504,0.6215870999985782,35190.69575392159,False,-0.03,-0.0298783631,-8.609669e-07,34703.265712073255,0.03,0.0301212453,8.440181e-07,35687.91392032943
3.0,1,10,2026-05-27T21:48:21.819,16579.8504058,16580.4702002,0.6197944000014104,35242.68908190885,False,-0.03,-0.0298782882,-8.590736e-07,34779.660555277216,0.03,0.0301210014,8.43387e-07,35714.32972051976
3.0,1,11,2026-05-27T21:48:22.439,16580.4702561,16581.0896387,0.6193825999980618,35241.74786901473,False,-0.03,-0.0298773811,-8.591164e-07,34776.87202805114,0.03,0.0301208277,8.43359e-07,35715.309494533176
3.0,1,12,2026-05-27T21:48:23.062,16581.0896955,16581.7133535,0.6236580000004324,35193.13928659059,False,-0.03,-0.0298773317,-8.606163e-07,34716.20477092986,0.03,0.0301200131,8.44186e-07,35679.3563266863
3.0,1,13,2026-05-27T21:48:23.685,16581.713422,16582.3356939,0.6222718999997596,35263.82500721754,False,-0.03,-0.0298773668,-8.603781e-07,34725.856922671555,0.03,0.0301208436,8.410315e-07,35814.16819702948
3.0,1,14,2026-05-27T21:48:24.311,16582.335754,16582.9624993,0.6267453000000387,35245.10417161093,False,-0.03,-0.0298774289,-8.59368e-07,34766.745910948506,0.03,0.0301205375,8.429384e-07,35732.78604937205
3.0,1,15,2026-05-27T21:48:24.943,16582.9625551,16583.593251,0.6306958999994094,35337.60229116423,False,-0.03,-0.0298778145,-8.566902e-07,34875.868195994306,0.03,0.030120547,8.411715e-07,35807.85487858302
3.0,1,16,2026-05-27T21:48:25.568,16583.5933046,16584.2191722,0.6258675999997649,35284.32803261317,False,-0.03,-0.0298783183,-8.593403e-07,34768.901563210755,0.03,0.0301206315,8.411016e-07,35810.93116455848
3.0,1,17,2026-05-27T21:48:26.184,16584.219239,16584.8350518,0.615812800002459,35271.028588432826,False,-0.03,-0.0298784203,-8.576436e-07,34837.80477111938,0.03,0.0301206538,8.43443e-07,35711.54636412894
3.0,1,18,2026-05-27T21:48:26.807,16584.8351081,16585.4581366,0.6230284999983269,35239.020585512,False,-0.03,-0.0298784203,-8.617938e-07,34670.03394547512,0.03,0.0301205757,8.408357e-07,35822.189400378695
3.0,1,19,2026-05-27T21:48:27.429,16585.4581963,16586.0799656,0.6217693000035069,35318.6386480264,False,-0.03,-0.0298786594,-8.567044e-07,34876.276344559454,0.03,0.0301207287,8.42098e-07,35768.67383606183
0.1,1,0,2026-05-27T21:48:28.883,16587.3743375,16587.5338739,0.1595363999986148,33116.430063374246,False,-0.03,-0.029908431,-8.521603e-07,35097.188873971245,0.03,0.0301402736,9.610999e-07,31360.188051210906
0.1,1,1,2026-05-27T21:48:29.032,16587.5339313,16587.6822468,0.1483154999987164,31950.291663911376,False,-0.03,-0.0299107691,-8.849605e-07,33798.987751430715,0.03,0.0301466702,9.947544e-07,30305.641472910298
0.1,1,2,2026-05-27T21:48:29.189,16587.6823104,16587.8404792,0.158168800000567,49221.18627056254,False,-0.03,-0.0298465637,-5.564488e-07,53637.57402298289,0.03,0.0301301704,6.620658e-07,45509.32913314658
0.1,1,3,2026-05-27T21:48:29.354,16587.8405341,16588.0049129,0.16437880000012228,48499.23686695729,False,-0.03,-0.0298806088,-5.030244e-07,59401.907342864484,0.03,0.0301132285,7.339814e-07,41027.236521252446
0.1,1,4,2026-05-27T21:48:29.512,16588.0049681,16588.1624142,0.15744610000183457,41215.07478489656,False,-0.03,-0.029844141,-9.960161e-07,29963.512637998523,0.03,0.0301212993,4.589234e-07,65634.69916766067
0.1,1,5,2026-05-27T21:48:29.694,16588.1624701,16588.3450824,0.18261229999916395,30976.62690614243,False,-0.03,-0.0298821238,-1.210954e-06,24676.51438452658,0.03,0.0301966259,7.285325e-07,41448.56392817067
0.1,1,6,2026-05-27T21:48:29.861,16588.3451391,16588.5114442,0.1663050999995903,47371.91566373425,False,-0.03,-0.0298133775,-9.825523e-07,30342.78938637668,0.03,0.0301234556,2.826875e-07,106560.97492814505
0.1,1,7,2026-05-27T21:48:30.022,16588.5115184,16588.6734433,0.16192489999957616,27256.030091601504,False,-0.03,-0.0298643073,-1.242086e-06,24043.67113066245,0.03,0.030071493,9.569063e-07,31425.74461052247
0.1,1,8,2026-05-27T21:48:30.181,16588.6735068,16588.8313487,0.1578418999997666,32629.035796440356,False,-0.03,-0.0299045963,-8.752803e-07,34165.736735991886,0.03,0.0301242155,9.644557e-07,31234.42113515426
0.1,1,9,2026-05-27T21:48:30.345,16588.8314227,16588.995703,0.16428029999951832,27108.55675685764,False,-0.03,-0.0298510965,-1.242913e-06,24017.044233989025,0.03,0.0301360435,9.699359e-07,31070.139274152036
0.1,1,10,2026-05-27T21:48:30.511,16588.9957655,16589.1614065,0.1656409999995958,30537.57890254768,False,-0.03,-0.0298403372,-9.812937e-07,30409.18045229476,0.03,0.0301307833,9.825529e-07,30665.812802547323
0.1,1,11,2026-05-27T21:48:30.692,16589.1614658,16589.3427693,0.18130350000137696,41973.47412808269,False,-0.03,-0.0298875075,-4.937713e-07,60529.04958226612,0.03,0.0300668405,9.346153e-07,32170.28492899699
0.1,1,12,2026-05-27T21:48:30.850,16589.3428341,16589.5011605,0.15832640000007814,40788.19574175572,False,-0.03,-0.0298525381,-7.785283e-07,38344.83357894632,0.03,0.0301247009,6.919275e-07,43537.3661257863
0.1,1,13,2026-05-27T21:48:31.008,16589.5012202,16589.6582793,0.15705910000178847,52853.20483570615,False,-0.03,-0.0298659749,-4.432932e-07,67372.95970251743,0.03,0.030134146,6.919288e-07,43550.93472045101
0.1,1,14,2026-05-27T21:48:31.164,16589.6583371,16589.8140247,0.15568759999950998,36367.285950932936,False,-0.03,-0.029940041,-4.067026e-07,73616.54683299296,0.03,0.0301126255,1.24458e-06,24195.00996320044
0.1,1,15,2026-05-27T21:48:31.326,16589.8140855,16589.9768306,0.16274510000221198,29551.392540926085,False,-0.03,-0.0299039148,-7.920189e-07,37756.567172828836,0.03,0.0301065679,1.238697e-06,24305.030124396846
0.1,1,16,2026-05-27T21:48:31.495,16589.9768921,16590.1450976,0.1682055000019318,40636.743921587105,False,-0.03,-0.029824349,-1.028825e-06,28988.7483294049,0.03,0.0301029214,4.458815e-07,67513.27740666522
0.1,1,17,2026-05-27T21:48:31.678,16590.1451857,16590.3288535,0.18366779999996652,25636.008028767723,False,-0.03,-0.0298122509,-9.552126e-07,31210.068732342937,0.03,0.0300964491,1.381684e-06,21782.440196166415
0.1,1,18,2026-05-27T21:48:31.837,16590.3289326,16590.4870639,0.15813129999878583,29223.067975161648,False,-0.03,-0.029884884,-1.430107e-06,20896.956661284785,0.03,0.0300997968,6.225413e-07,48349.879437717624
0.1,1,19,2026-05-27T21:48:32.000,16590.4871291,16590.6514591,0.16432999999960884,36466.63486564352,False,-0.03,-0.029875885,-1.091473e-06,27372.07883291662,0.03,0.030081896,5.527089e-07,54426.29203184533
0.1,1,20,2026-05-27T21:48:32.158,16590.6515166,16590.8088458,0.15732919999936712,28936.102540099346,False,-0.03,-0.0298607004,-1.136913e-06,26264.718936277444,0.03,0.0300809395,9.346044e-07,32185.745648105232
0.1,1,21,2026-05-27T21:48:32.315,16590.8089027,16590.9653937,0.15649100000155158,27735.22084390843,False,-0.03,-0.0298776904,-1.425485e-06,20959.666639775234,0.03,0.0300857905,7.365126e-07,40848.98276010485
0.1,1,22,2026-05-27T21:48:32.480,16590.9654492,16591.1310127,0.16556349999882514,32264.964723498633,False,-0.03,-0.0299035756,-7.141888e-07,41870.68685479246,0.03,0.0300934425,1.145321e-06,26275.116321101246
0.1,1,23,2026-05-27T21:48:32.663,16591.1310711,16591.3134857,0.18241459999990184,35646.558455615625,False,-0.03,-0.0298767922,-9.661459e-07,30923.68574974028,0.03,0.0301267317,7.171449e-07,42009.26716483656
0.1,1,24,2026-05-27T21:48:32.828,16591.3135441,16591.4783422,0.16479809999873396,30144.3319572782,False,-0.03,-0.0299289196,-8.673007e-07,34508.123422476194,0.03,0.0301316934,1.125134e-06,26780.537607076138
0.1,1,25,2026-05-27T21:48:32.983,16591.4784006,16591.6342429,0.15584229999876698,67669.01733786205,False,-0.03,-0.0298727264,-3.7852e-07,78919.80978548029,0.03,0.030182931,5.089712e-07,59301.84458374068
0.1,1,26,2026-05-27T21:48:33.143,16591.6342964,16591.7945211,0.1602247000009811,28196.811444197647,False,-0.03,-0.0299221649,-7.545607e-07,39655.07996904689,0.03,0.0301363019,1.375413e-06,21910.729286403428
0.1,1,27,2026-05-27T21:48:33.307,16591.7945785,16591.9578465,0.16326800000024377,28184.516901119045,False,-0.03,-0.0299426618,-7.70554e-07,38858.61574918825,0.03,0.0301364127,1.36108e-06,22141.543994474974
0.1,1,28,2026-05-27T21:48:33.492,16591.9579014,16592.1427814,0.18488000000070315,26583.272169059648,False,-0.03,-0.0298836586,-1.124304e-06,26579.696060851868,0.03,0.0301374888,1.13355e-06,26586.819108111686
0.1,1,29,2026-05-27T21:48:33.658,16592.1428391,16592.3087372,0.16589810000004945,49535.076987005305,False,-0.03,-0.0298420304,-8.437436e-07,35368.60060331124,0.03,0.0301434915,3.67227e-07,82084.08286972363
0.1,1,30,2026-05-27T21:48:33.816,16592.3087939,16592.4665383,0.15774439999950118,28279.158477523797,False,-0.03,-0.0298830976,-1.393095e-06,21450.86846194983,0.03,0.0300782739,7.272429e-07,41359.32286172887
0.1,1,31,2026-05-27T21:48:33.979,16592.4665927,16592.6293344,0.16274170000178856,39764.72118565405,False,-0.03,-0.0298813535,-1.085617e-06,27524.765640184334,0.03,0.030081488,4.223237e-07,71228.51026357271
0.1,1,32,2026-05-27T21:48:34.139,16592.629387,16592.7894728,0.16008579999834183,25582.008568810033,False,-0.03,-0.0298688004,-1.360719e-06,21950.748391107936,0.03,0.0301303855,9.846475e-07,30600.17468180237
0.1,1,33,2026-05-27T21:48:34.331,16592.7895319,16592.981513,0.19198109999706503,52786.99989715109,False,-0.03,-0.0298751414,-3.738864e-07,79904.32762464749,0.03,0.030072225,7.6176e-07,39477.29599873976
0.1,1,34,2026-05-27T21:48:34.489,16592.9815662,16593.1397673,0.15820109999913257,41881.51058094976,False,-0.03,-0.0298609745,-7.074631e-07,42208.525787422695,0.03,0.0301217794,7.247382e-07,41562.29021735021
0.1,1,35,2026-05-27T21:48:34.653,16593.1398196,16593.303886,0.1640664000005927,54672.82863627912,False,-0.03,-0.0298918119,-4.142704e-07,72155.31667239561,0.03,0.0301267455,6.835063e-07,44076.76344753516
0.1,1,36,2026-05-27T21:48:34.811,16593.303943,16593.462391,0.15844800000195391,44997.22982813122,False,-0.03,-0.0298284463,-9.640304e-07,30941.395935231918,0.03,0.0301311094,3.684862e-07,81769.98053115694
0.1,1,37,2026-05-27T21:48:34.974,16593.4624495,16593.6253137,0.16286419999960344,41574.29509603493,False,-0.03,-0.0298527945,-8.555194e-07,34894.351314534775,0.03,0.0301445799,5.876169e-07,51299.715682105125
0.1,1,38,2026-05-27T21:48:35.157,16593.6253708,16593.8083594,0.18298860000140849,39190.59232148485,False,-0.03,-0.0299239916,-1.182357e-06,25308.761736091554,0.03,0.0301133152,3.495746e-07,86142.74378058361
0.1,1,39,2026-05-27T21:48:35.322,16593.8084216,16593.9731733,0.1647517000019434,25783.645643783882,False,-0.03,-0.0298635647,-1.397285e-06,21372.565153136264,0.03,0.0300657883,9.270315e-07,32432.326517491583
0.1,1,40,2026-05-27T21:48:35.480,16593.9732372,16594.1313634,0.15812619999996969,28964.229574654226,False,-0.03,-0.0299164662,-7.705544e-07,38824.59979464136,0.03,0.0301195867,1.302211e-06,23129.574777052258
0.1,1,41,2026-05-27T21:48:35.635,16594.1314203,16594.2860648,0.1546444999985397,27615.086478339323,False,-0.03,-0.0299192616,-9.783453e-07,30581.49469313135,0.03,0.030108461,1.195384e-06,25187.271203228418
0.1,1,42,2026-05-27T21:48:35.795,16594.286113,16594.4460499,0.15993690000323113,32670.179580315715,False,-0.03,-0.0298950516,-1.133141e-06,26382.46396520821,0.03,0.0300736701,7.024388e-07,42813.22458269675
0.1,1,43,2026-05-27T21:48:35.959,16594.4461083,16594.6093673,0.16325900000083493,39276.36472076278,False,-0.03,-0.029881891,-1.059957e-06,28191.60682933364,0.03,0.0300712135,4.664853e-07,64463.36787032732
0.1,1,44,2026-05-27T21:48:36.136,16594.609422,16594.7860669,0.17664489999879152,38187.541639585565,False,-0.03,-0.0298814726,-7.192328e-07,41546.31518473574,0.03,0.0301425302,8.525888e-07,35354.12405135981
0.1,1,45,2026-05-27T21:48:36.299,16594.7861217,16594.9505019,0.16438019999986864,36542.826752457,False,-0.03,-0.0298872272,-1.171402e-06,25514.065367824198,0.03,0.0300736206,4.694357e-07,64063.343712461574
0.1,1,46,2026-05-27T21:48:36.458,16594.9505625,16595.1088049,0.15824240000074496,29149.02861547969,False,-0.03,-0.0298993026,-1.06584e-06,28052.33674848007,0.03,0.0301158248,9.930666e-07,30326.087696434457
0.1,1,47,2026-05-27T21:48:36.621,16595.1088553,16595.2722864,0.1634310999979789,27184.78832929363,False,-0.03,-0.0298574516,-1.294659e-06,23062.01988322794,0.03,0.0301273361,9.118981e-07,33038.05118137651
0.1,1,48,2026-05-27T21:48:36.787,16595.2723408,16595.4380965,0.16575569999986328,27506.32239024229,False,-0.03,-0.0299257141,-8.563509e-07,34945.62112330354,0.03,0.0301078495,1.326186e-06,22702.584328291807
0.1,1,49,2026-05-27T21:48:36.980,16595.4381716,16595.6303049,0.19213330000275164,28260.636729853355,False,-0.03,-0.0298853585,-1.004837e-06,29741.498869965973,0.03,0.0301662337,1.120083e-06,26932.141368095043
0.1,1,50,2026-05-27T21:48:37.137,16595.6303628,16595.7881358,0.15777300000263494,29224.06061697655,False,-0.03,-0.0298831469,-1.114201e-06,26820.24778294042,0.03,0.030102157,9.383989e-07,32078.210023477222
0.1,1,51,2026-05-27T21:48:37.302,16595.7881973,16595.9525815,0.16438420000122278,25832.717001656863,False,-0.03,-0.0298806201,-1.376261e-06,21711.44870050085,0.03,0.0301194843,9.463791e-07,31826.02437014934
0.1,1,52,2026-05-27T21:48:37.459,16595.9526408,16596.1098879,0.15724709999994957,30741.066967703006,False,-0.03,-0.0299231203,-7.558265e-07,39589.93274250109,0.03,0.0301355639,1.197869e-06,25157.645702493344
0.1,1,53,2026-05-27T21:48:37.622,16596.1099456,16596.272865,0.16291939999791794,35662.72360478996,False,-0.03,-0.0298918337,-7.137638e-07,41879.16745007242,0.03,0.0301236479,9.690993e-07,31084.17052824205
0.1,1,54,2026-05-27T21:48:37.804,16596.2729255,16596.4551242,0.18219870000029914,44304.75473157285,False,-0.03,-0.0298687601,-3.574831e-07,83552.92907552831,0.03,0.0300779788,9.955712e-07,30211.78073451703
0.1,1,55,2026-05-27T21:48:37.968,16596.4551806,16596.6196665,0.1644858999970893,34452.991895019724,False,-0.03,-0.0298687664,-6.624514e-07,45088.238020177785,0.03,0.0301539751,1.079712e-06,27927.794726741948
0.1,1,56,2026-05-27T21:48:38.127,16596.6197252,16596.7778388,0.1581136000022525,43505.751659888636,False,-0.03,-0.0298560335,-6.994621e-07,42684.2762459896,0.03,0.0301282699,6.793051e-07,44351.60268927762
0.1,1,57,2026-05-27T21:48:38.292,16596.7779911,16596.9424426,0.16445150000072317,53347.74480880695,False,-0.03,-0.02988716,-4.130094e-07,72364.35780880532,0.03,0.030135556,7.121125e-07,42318.53253523847
0.1,1,58,2026-05-27T21:48:38.457,16596.9424947,16597.1081412,0.16564649999781977,34397.547946409126,False,-0.03,-0.0299031218,-7.840081e-07,38141.3429274519,0.03,0.030110029,9.606846e-07,31342.262590656705
0.1,1,59,2026-05-27T21:48:38.640,16597.108199,16597.2904378,0.1822388000000501,29631.779315635224,False,-0.03,-0.0298570401,-1.288765e-06,23167.171749698355,0.03,0.0301553373,7.365058e-07,40943.78795116074
0.1,1,60,2026-05-27T21:48:38.798,16597.2904951,16597.4487043,0.1582092000026023,29559.83616391899,False,-0.03,-0.0299114385,-9.960241e-07,30030.83810923852,0.03,0.0301290848,1.035128e-06,29106.62719972796
0.1,1,61,2026-05-27T21:48:38.961,16597.4487606,16597.6123396,0.163579000000027,27503.313942617897,False,-0.03,-0.0299061157,-1.219793e-06,24517.369504497896,0.03,0.0301100758,9.62351e-07,31288.03918736511
0.1,1,62,2026-05-27T21:48:39.119,16597.6124022,16597.7697358,0.15733360000012908,30408.948579265067,False,-0.03,-0.0299131693,-7.722304e-07,38736.06801804228,0.03,0.0301247809,1.202121e-06,25059.691079350578
0.1,1,63,2026-05-27T21:48:39.275,16597.769791,16597.926219,0.1564280000020517,29563.583539210566,False,-0.03,-0.0299006734,-1.030096e-06,29027.07456392414,0.03,0.0301353078,1.000645e-06,30115.88305542925
0.1,1,64,2026-05-27T21:48:39.434,16597.9262741,16598.0851623,0.15888820000327541,52538.88896535454,False,-0.03,-0.0298661212,-3.007014e-07,99321.52361113053,0.03,0.0300635131,8.399705e-07,35791.153498843116
0.1,1,65,2026-05-27T21:48:39.626,16598.0852195,16598.2768303,0.1916108000004897,59435.8496834388,False,-0.03,-0.0299415075,-7.411106e-07,40400.86257031002,0.03,0.0301343593,2.696576e-07,111750.45427979778
0.1,1,66,2026-05-27T21:48:39.784,16598.2768851,16598.4347402,0.15785509999841452,47889.76326833231,False,-0.03,-0.0298750326,-3.393985e-07,88023.46680966475,0.03,0.0301699284,9.144177e-07,32993.59625256598
0.1,1,67,2026-05-27T21:48:39.940,16598.4347933,16598.5912374,0.15644410000095377,38886.39943649573,False,-0.03,-0.0298802404,-5.728475e-07,52160.8986684938,0.03,0.0301623902,9.712047e-07,31056.67651731916
0.1,1,68,2026-05-27T21:48:40.108,16598.5912933,16598.758519,0.16722569999910775,35374.085343979226,False,-0.03,-0.0299426475,-8.765508e-07,34159.626002280755,0.03,0.0301085908,8.210546e-07,36670.63164861387
0.1,1,69,2026-05-27T21:48:40.280,16598.758578,16598.9311269,0.17254889999821899,30670.7986005382,False,-0.03,-0.0298779361,-1.056999e-06,28266.759098163762,0.03,0.030083742,8.980097e-07,33500.4644159189
0.1,1,70,2026-05-27T21:48:40.456,16598.9311808,16599.1067639,0.17558310000094934,40553.236976441825,False,-0.03,-0.029906329,-7.970524e-07,37521.157956490686,0.03,0.0301014353,6.826757e-07,44093.315903876464
0.1,1,71,2026-05-27T21:48:40.619,16599.1068212,16599.2700821,0.16326090000075055,26219.013142875498,False,-0.03,-0.0298570431,-1.422976e-06,20982.112909845284,0.03,0.0300708166,8.626882e-07,34857.10897633699
0.1,1,72,2026-05-27T21:48:40.777,16599.2701357,16599.4276567,0.15752100000099745,31195.62212955474,False,-0.03,-0.0298930303,-9.366985e-07,31913.18263027004,0.03,0.0301105104,9.867618e-07,30514.467017267998
1.0,1,0,2026-05-27T21:48:42.516,16600.9326884,16601.1670123,0.23432390000016312,35387.12318718827,False,-0.03,-0.0298822848,-8.533252e-07,35018.63627137696,0.03,0.0301217597,8.423211e-07,35760.424023570115
1.0,1,1,2026-05-27T21:48:42.741,16601.167067,16601.3921335,0.22506650000286754,35387.5948130174,False,-0.03,-0.0298790854,-8.619065e-07,34666.27226967194,0.03,0.0301213389,8.336149e-07,36133.39792750825
1.0,1,2,2026-05-27T21:48:42.967,16601.3921987,16601.6181205,0.22592179999992368,35346.4894093015,False,-0.03,-0.0298787793,-8.586254e-07,34798.387399208084,0.03,0.0301203489,8.388311e-07,35907.52524554705
1.0,1,3,2026-05-27T21:48:43.192,16601.6181862,16601.8430445,0.2248583000000508,35198.644517522494,False,-0.03,-0.0298812327,-8.635466e-07,34602.91859177026,0.03,0.0301216115,8.411453e-07,35810.23575831667
1.0,1,4,2026-05-27T21:48:43.418,16601.8431101,16602.0691457,0.22603560000061407,35394.4147353739,False,-0.03,-0.0298814431,-8.586256e-07,34801.481693534406,0.03,0.030123094,8.366853e-07,36002.89619047926
1.0,1,5,2026-05-27T21:48:43.644,16602.0691985,16602.2949883,0.2257897999988927,35138.964238882356,False,-0.03,-0.0298803671,-8.680045e-07,34424.20759339381,0.03,0.0301211748,8.395456e-07,35877.9496908804
1.0,1,6,2026-05-27T21:48:43.869,16602.2950528,16602.5199906,0.22493780000149854,35249.047857745274,False,-0.03,-0.029881207,-8.574887e-07,34847.34784260131,0.03,0.0301229969,8.448042e-07,35656.7792868454
1.0,1,7,2026-05-27T21:48:44.096,16602.5200538,16602.7462424,0.22618860000147833,35153.35593032063,False,-0.03,-0.0298804944,-8.557224e-07,34918.443644808176,0.03,0.0301204909,8.511128e-07,35389.54049334001
1.0,1,8,2026-05-27T21:48:44.321,16602.7462995,16602.972072,0.22577250000176718,35011.023772843924,False,-0.03,-0.029878878,-8.590455e-07,34781.48479911716,0.03,0.0301206583,8.546872e-07,35241.73323293013
1.0,1,9,2026-05-27T21:48:44.547,16602.9721289,16603.1976353,0.22550639999826672,34998.819766510576,False,-0.03,-0.0298789497,-8.640927e-07,34578.40773333694,0.03,0.03012029,8.502291e-07,35426.0869217485
1.0,1,10,2026-05-27T21:48:44.772,16603.19769,16603.4226832,0.22499319999769796,35216.10768822182,False,-0.03,-0.0298792845,-8.650178e-07,34541.81463086655,0.03,0.0301221839,8.387897e-07,35911.48520302526
1.0,1,11,2026-05-27T21:48:45.000,16603.4227466,16603.6502063,0.22745969999959925,35203.2649450873,False,-0.03,-0.0298786628,-8.669534e-07,34463.97787931855,0.03,0.0301216482,8.374428e-07,35968.60370642628
1.0,1,12,2026-05-27T21:48:45.225,16603.6502634,16603.8759299,0.22566650000226218,35350.51130274531,False,-0.03,-0.0298797041,-8.582884e-07,34813.128197934406,0.03,0.0301218146,8.390426e-07,35900.22079927765
1.0,1,13,2026-05-27T21:48:45.449,16603.8759864,16604.0999826,0.22399620000214782,35433.7536272556,False,-0.03,-0.0298790011,-8.546709e-07,34959.65651808199,0.03,0.0301206621,8.386203e-07,35916.92462011712
1.0,1,14,2026-05-27T21:48:45.675,16604.1000411,16604.3259547,0.22591360000296845,35130.50238964803,False,-0.03,-0.0298776334,-8.655662e-07,34518.02230724813,0.03,0.0301213125,8.423213e-07,35759.88461885031
1.0,1,15,2026-05-27T21:48:45.901,16604.3260111,16604.5516734,0.22566229999938514,35415.66448649353,False,-0.03,-0.0298782455,-8.534931e-07,35007.014702286404,0.03,0.0301205473,8.406384e-07,35830.56317674758
1.0,1,16,2026-05-27T21:48:46.126,16604.5517324,16604.7761731,0.22444069999983185,35261.3997167124,False,-0.03,-0.0298801107,-8.50298e-07,35140.751477717225,0.03,0.030122905,8.513649e-07,35381.89676365563
1.0,1,17,2026-05-27T21:48:46.352,16604.7762322,16605.002419,0.22618679999868618,35361.25658708292,False,-0.03,-0.0298792833,-8.526091e-07,35044.52779122344,0.03,0.0301225703,8.442156e-07,35681.1344163742
1.0,1,18,2026-05-27T21:48:46.576,16605.0024767,16605.2267255,0.22424880000107805,35442.67340802391,False,-0.03,-0.0298786222,-8.633348e-07,34608.38390853699,0.03,0.030122751,8.295785e-07,36310.91090234378
1.0,1,19,2026-05-27T21:48:46.801,16605.2267825,16605.4511143,0.2243318000000727,35348.61228839271,False,-0.03,-0.0298797844,-8.66995e-07,34463.6178986038,0.03,0.0301214167,8.304182e-07,36272.5873541789
1.0,1,20,2026-05-27T21:48:47.025,16605.4511709,16605.6753658,0.22419490000174847,35435.6884128049,False,-0.03,-0.0298806883,-8.568163e-07,34874.08946351744,0.03,0.0301207663,8.36433e-07,36010.97314429249
1.0,1,21,2026-05-27T21:48:47.249,16605.6754203,16605.8999889,0.2245686000023852,35098.66035007193,False,-0.03,-0.029879354,-8.65019e-07,34541.847057694686,0.03,0.0301228132,8.445097e-07,35668.996105077305
1.0,1,22,2026-05-27T21:48:47.475,16605.9000456,16606.1253559,0.22531030000027386,35210.15774678602,False,-0.03,-0.0298777088,-8.640936e-07,34576.93564678641,0.03,0.0301209528,8.399221e-07,35861.60287960038
1.0,1,23,2026-05-27T21:48:47.701,16606.1254197,16606.352305,0.2268852999986848,35242.06507586686,False,-0.03,-0.0298786318,-8.550496e-07,34943.741041455374,0.03,0.030121058,8.474525e-07,35543.06347553403
1.0,1,24,2026-05-27T21:48:47.930,16606.3524061,16606.5804773,0.22807120000288705,35536.645094285,False,-0.03,-0.0298794783,-8.478153e-07,35242.90998287009,0.03,0.0301225549,8.406399e-07,35832.887423021435
1.0,1,25,2026-05-27T21:48:48.155,16606.5805326,16606.8054677,0.2249350999991293,35529.45153305035,False,-0.03,-0.0298790654,-8.508026e-07,35118.68134864656,0.03,0.0301213243,8.379482e-07,35946.523066700305
1.0,1,26,2026-05-27T21:48:48.380,16606.8055284,16607.0308779,0.22534950000044773,35638.12974261833,False,-0.03,-0.0298784628,-8.492022e-07,35184.156140904954,0.03,0.0301224769,8.344142e-07,36100.14894281521
1.0,1,27,2026-05-27T21:48:48.606,16607.0309347,16607.2564233,0.22548860000097193,35211.28045017859,False,-0.03,-0.0298801558,-8.621586e-07,34657.37719254902,0.03,0.0301204682,8.418585e-07,35778.54021786322
1.0,1,28,2026-05-27T21:48:48.820,16607.2564777,16607.4708776,0.21439989999998943,34891.41749324837,False,-0.03,-0.0298798879,-8.743987e-07,34171.92626201297,0.03,0.0301201717,8.452236e-07,35635.74384340428
1.0,1,29,2026-05-27T21:48:49.036,16607.4709332,16607.6864794,0.21554620000097202,35350.66891739542,False,-0.03,-0.0298786445,-8.606438e-07,34716.62085987257,0.03,0.0301215969,8.366435e-07,36002.905538619496
1.0,1,30,2026-05-27T21:48:49.258,16607.6865343,16607.9092029,0.22266859999945154,35119.05678461005,False,-0.03,-0.0298790893,-8.63462e-07,34603.82657256487,0.03,0.0301224338,8.450555e-07,35645.50943695414
1.0,1,31,2026-05-27T21:48:49.493,16607.9092553,16608.143622,0.23436669999864534,35030.186552975625,False,-0.03,-0.0298785536,-8.625786e-07,34638.64464061594,0.03,0.0301213496,8.502271e-07,35427.416510247676
1.0,1,32,2026-05-27T21:48:49.717,16608.1436775,16608.3680407,0.22436319999906118,35153.70699162544,False,-0.03,-0.029878311,-8.578274e-07,34830.21293094625,0.03,0.0301203452,8.489245e-07,35480.59362169427
1.0,1,33,2026-05-27T21:48:49.943,16608.3681122,16608.5938147,0.22570249999989755,35282.370840383184,False,-0.03,-0.0298790953,-8.537045e-07,34999.341458314906,0.03,0.0301209861,8.468638e-07,35567.68644497498
1.0,1,34,2026-05-27T21:48:50.168,16608.5938712,16608.8188895,0.22501829999964684,35511.608961496335,False,-0.03,-0.029879148,-8.504225e-07,35134.47492275898,0.03,0.030119427,8.391257e-07,35893.820198809306
1.0,1,35,2026-05-27T21:48:50.402,16608.8189476,16609.0537377,0.23479009999937261,35418.68473179397,False,-0.03,-0.0298796501,-8.568582e-07,34871.17249972049,0.03,0.0301213161,8.371902e-07,35979.05959720981
1.0,1,36,2026-05-27T21:48:50.629,16609.0537966,16609.2796548,0.22585819999949308,35310.192972866855,False,-0.03,-0.0298802336,-8.658598e-07,34509.320793042934,0.03,0.0301211344,8.33405e-07,36142.253046238024
1.0,1,37,2026-05-27T21:48:50.857,16609.2797137,16609.5080575,0.22834379999767407,35192.40895467883,False,-0.03,-0.0298785549,-8.665328e-07,34480.58157752367,0.03,0.0301210148,8.383681e-07,35928.14993795685
1.0,1,38,2026-05-27T21:48:51.083,16609.508139,16609.7330234,0.22488439999870025,35215.725642914374,False,-0.03,-0.0298797768,-8.619903e-07,34663.70422033752,0.03,0.030119544,8.417747e-07,35781.004109531925
1.0,1,39,2026-05-27T21:48:51.308,16609.7330864,16609.9586851,0.22559869999895454,35438.85765574755,False,-0.03,-0.0298795951,-8.521042e-07,35065.65875394113,0.03,0.0301197305,8.409336e-07,35817.013971138746
1.0,1,40,2026-05-27T21:48:51.533,16609.9587444,16610.1840792,0.22533480000129202,35232.46853570846,False,-0.03,-0.0298796811,-8.563951e-07,34890.06546160761,0.03,0.0301184823,8.465274e-07,35578.86289327433
1.0,1,41,2026-05-27T21:48:51.759,16610.184134,16610.4100107,0.225876700002118,35262.349626960975,False,-0.03,-0.0298815941,-8.609381e-07,34708.17948468072,0.03,0.0301214618,8.406801e-07,35829.873693929476
1.0,1,42,2026-05-27T21:48:51.984,16610.4100638,16610.6354045,0.2253406999989238,35535.00691029504,False,-0.03,-0.0298786003,-8.547965e-07,34954.05081794322,0.03,0.0301220883,8.336987e-07,36130.664831311355
1.0,1,43,2026-05-27T21:48:52.211,16610.6354653,16610.8625145,0.22704919999887352,35581.407836545295,False,-0.03,-0.0298794229,-8.554701e-07,34927.489458719836,0.03,0.0301218396,8.308393e-07,36254.71207247899
1.0,1,44,2026-05-27T21:48:52.437,16610.8625658,16611.0876845,0.22511870000016643,35255.178018980165,False,-0.03,-0.0298785227,-8.594238e-07,34765.7613158956,0.03,0.0301212741,8.424481e-07,35754.45668403787
1.0,1,45,2026-05-27T21:48:52.662,16611.087739,16611.3123448,0.22460580000188202,35568.288774900524,False,-0.03,-0.0298788623,-8.527774e-07,35037.1178926646,0.03,0.030121188,8.341199e-07,36111.34082761963
1.0,1,46,2026-05-27T21:48:52.886,16611.3124056,16611.5373866,0.2249809999993886,35080.924972763176,False,-0.03,-0.0298798379,-8.648082e-07,34550.82629882557,0.03,0.0301214606,8.4556e-07,35623.09073276882
1.0,1,47,2026-05-27T21:48:53.115,16611.5374446,16611.7662756,0.22883100000035483,35133.495108394796,False,-0.03,-0.0298784749,-8.654816e-07,34522.3687020036,0.03,0.0301226275,8.423218e-07,35761.424552944016
1.0,1,48,2026-05-27T21:48:53.341,16611.7663306,16611.9911901,0.22485950000191224,35186.64719360899,False,-0.03,-0.0298786806,-8.622005e-07,34653.98199142775,0.03,0.030121365,8.429931e-07,35731.44904744772
1.0,1,49,2026-05-27T21:48:53.565,16611.9912456,16612.2163104,0.22506480000083684,35300.26987218724,False,-0.03,-0.0298786423,-8.556377e-07,34919.735654471515,0.03,0.0301236127,8.441299e-07,35685.991812397595
1.0,1,50,2026-05-27T21:48:53.791,16612.2163648,16612.4422724,0.22590760000093724,35298.371041921906,False,-0.03,-0.0298790823,-8.579087e-07,34827.81128108387,0.03,0.0301199416,8.418588e-07,35777.90194745247
1.0,1,51,2026-05-27T21:48:54.016,16612.4423393,16612.6665241,0.22418480000123964,35120.11025572586,False,-0.03,-0.0298772091,-8.661953e-07,34492.46272751653,0.03,0.0301217063,8.421967e-07,35765.64275305282
1.0,1,52,2026-05-27T21:48:54.240,16612.6665812,16612.8913733,0.2247921000016504,35162.53669400864,False,-0.03,-0.0298793995,-8.638017e-07,34590.57732810667,0.03,0.0301210846,8.425736e-07,35748.90620831225
1.0,1,53,2026-05-27T21:48:54.466,16612.8914282,16613.117546,0.22611780000079307,35159.26317804059,False,-0.03,-0.0298777543,-8.60898e-07,34705.3359399139,0.03,0.0301215916,8.456038e-07,35621.40047147375
10.0,1,0,2026-05-27T21:49:01.449,16618.3617421,16620.0993675,1.7376253999973414,35255.75535379083,False,-0.03,-0.029879438,-8.592894e-07,34772.26415221694,0.03,0.0301205763,8.425608e-07,35748.84601799656
10.0,1,1,2026-05-27T21:49:03.184,16620.0994256,16621.8348134,1.7353877999994438,35240.887530455075,False,-0.03,-0.0298776025,-8.602653e-07,34730.68424356998,0.03,0.0301217318,8.422836e-07,35761.98301854625
10.0,1,2,2026-05-27T21:49:04.926,16621.8348738,16623.5769268,1.7420530000017607,35258.68613353157,False,-0.03,-0.0298791124,-8.597817e-07,34751.97529791574,0.03,0.0301204175,8.419133e-07,35776.15117851209
10.0,1,3,2026-05-27T21:49:06.668,16623.5770022,16625.3184821,1.741479899999831,35283.36277942225,False,-0.03,-0.0298786561,-8.588436e-07,34789.40298326727,0.03,0.0301210128,8.416652e-07,35787.40430280354
10.0,1,4,2026-05-27T21:49:08.414,16625.3185519,16627.0646581,1.746106200000213,35248.45818937637,False,-0.03,-0.0298785201,-8.594452e-07,34764.892630734335,0.03,0.0301209472,8.427418e-07,35741.60816515806
10.0,1,5,2026-05-27T21:49:10.152,16627.0647143,16628.8021626,1.7374483000021428,35256.4853968797,False,-0.03,-0.0298785182,-8.58932e-07,34785.661961598824,0.03,0.0301211132,8.428721e-07,35736.27979856019
10.0,1,6,2026-05-27T21:49:11.889,16628.8022193,16630.5397126,1.737493299999187,35250.39604837607,False,-0.03,-0.0298777578,-8.598866e-07,34746.16048209148,0.03,0.0301207005,8.421782e-07,35765.23412740914
2.0,1,0,2026-05-27T21:49:14.118,16632.3710974,16632.7689529,0.397855500003061,35263.13160823742,False,-0.03,-0.0298802896,-8.588352e-07,34791.64524230026,0.03,0.0301197102,8.426586e-07,35743.669144301144
2.0,1,1,2026-05-27T21:49:14.515,16632.7690083,16633.1656321,0.3966237999993609,35260.147693963285,False,-0.03,-0.0298797803,-8.599289e-07,34746.80325315267,0.03,0.030120308,8.417114e-07,35784.60265596973
2.0,1,2,2026-05-27T21:49:14.910,16633.1656847,16633.5609204,0.3952356999980111,35283.53071189947,False,-0.03,-0.0298803829,-8.603713e-07,34729.63696022868,0.03,0.0301209441,8.401764e-07,35850.73813070684
2.0,1,3,2026-05-27T21:49:15.306,16633.5610086,16633.9565936,0.39558499999839114,35232.79381326097,False,-0.03,-0.0298791825,-8.621586e-07,34656.24828192864,0.03,0.0301203487,8.40787e-07,35823.994305335356
2.0,1,4,2026-05-27T21:49:15.701,16633.9566461,16634.3513319,0.3946858000017528,35212.46113696503,False,-0.03,-0.0298793212,-8.624737e-07,34643.747629637866,0.03,0.0301203463,8.414591e-07,35795.37769571926
2.0,1,5,2026-05-27T21:49:16.096,16634.3513864,16634.7466537,0.3952672999985225,35142.86368627833,False,-0.03,-0.0298783288,-8.633144e-07,34608.8618468544,0.03,0.030120253,8.43962e-07,35689.110410184345
2.0,1,6,2026-05-27T21:49:16.492,16634.7467078,16635.1432302,0.3965223999985028,35188.134467975295,False,-0.03,-0.0298782571,-8.623689e-07,34646.723809265386,0.03,0.0301206791,8.427211e-07,35742.16796043199
2.0,1,7,2026-05-27T21:49:16.887,16635.1432861,16635.5385292,0.3952430999997887,35222.3919844469,False,-0.03,-0.0298788624,-8.5974e-07,34753.37008863145,0.03,0.0301199569,8.436883e-07,35700.33731651844
2.0,1,8,2026-05-27T21:49:17.283,16635.5385835,16635.9335642,0.394980699998996,35292.35949127783,False,-0.03,-0.029878597,-8.587516e-07,34793.06122981314,0.03,0.0301206552,8.413119e-07,35802.007792829274
2.0,1,9,2026-05-27T21:49:17.678,16635.9336184,16636.3285483,0.39492990000144346,35243.94148297271,False,-0.03,-0.02987908,-8.594024e-07,34767.27549283083,0.03,0.0301200932,8.429944e-07,35729.88527563172
2.0,1,10,2026-05-27T21:49:18.076,16636.3286148,16636.7262463,0.3976314999999886,35285.18067186885,False,-0.03,-0.0298785157,-8.595295e-07,34761.47787830435,0.03,0.0301204161,8.408708e-07,35820.50429150352
2.0,1,11,2026-05-27T21:49:18.471,16636.7263032,16637.1224094,0.3961061999980302,35340.815982377615,False,-0.03,-0.0298792618,-8.575313e-07,34843.34834192058,0.03,0.030120605,8.402186e-07,35848.5339410482
2.0,1,12,2026-05-27T21:49:18.868,16637.1224681,16637.5183096,0.39584150000155205,35404.98276260176,False,-0.03,-0.0298787668,-8.555124e-07,34924.99559328421,0.03,0.0301205811,8.391459e-07,35894.33148633628
2.0,1,13,2026-05-27T21:49:19.267,16637.5183631,16637.917023,0.3986599000018032,35316.700774874764,False,-0.03,-0.0298785038,-8.598875e-07,34746.991670422,0.03,0.0301212793,8.390193e-07,35900.57976020337
2.0,1,14,2026-05-27T21:49:19.662,16637.9170771,16638.3128672,0.3957900999994308,35244.79901585785,False,-0.03,-0.029877706,-8.60476e-07,34722.30021522971,0.03,0.0301214785,8.418797e-07,35778.83930447545
2.0,1,15,2026-05-27T21:49:20.057,16638.3129239,16638.7083294,0.3954054999994696,35237.884918708914,False,-0.03,-0.0298772541,-8.601183e-07,34736.21489044007,0.03,0.0301212777,8.425529e-07,35750.01367866635
2.0,1,16,2026-05-27T21:49:20.453,16638.7083842,16639.1038851,0.3955009000019345,35137.06225010987,False,-0.03,-0.0298772087,-8.630415e-07,34618.50756887125,0.03,0.030121096,8.445089e-07,35666.996523068025
2.0,1,17,2026-05-27T21:49:20.848,16639.1039404,16639.4987753,0.3948348999983864,35180.75184732219,False,-0.03,-0.0298790571,-8.634419e-07,34604.59481987149,0.03,0.0301206105,8.420267e-07,35771.562231933975
2.0,1,18,2026-05-27T21:49:21.243,16639.4988296,16639.8939023,0.39507269999739947,35207.73746946011,False,-0.03,-0.0298784521,-8.625373e-07,34640.18553168658,0.03,0.0301213207,8.416271e-07,35789.39021806689
2.0,1,19,2026-05-27T21:49:21.638,16639.8939571,16640.2892784,0.39532129999861354,35226.523818187874,False,-0.03,-0.0298791981,-8.611484e-07,34696.92111139032,0.03,0.0301207062,8.421109e-07,35768.09918978605
2.0,1,20,2026-05-27T21:49:22.035,16640.289341,16640.6859512,0.3966102000013052,35181.98931787949,False,-0.03,-0.0298800112,-8.63378e-07,34608.26103977632,0.03,0.0301210386,8.420699e-07,35770.235463825506
2.0,1,21,2026-05-27T21:49:22.431,16640.6860046,16641.0813279,0.3953232999992906,35223.80889257358,False,-0.03,-0.0298804628,-8.608543e-07,34710.24399831655,0.03,0.030119259,8.425311e-07,35748.54269474444
2.0,1,22,2026-05-27T21:49:22.827,16641.0813789,16641.4783707,0.3969918000002508,35235.627354185825,False,-0.03,-0.0298811969,-8.589614e-07,34787.58987307229,0.03,0.0301186636,8.438566e-07,35691.68458242787
2.0,1,23,2026-05-27T21:49:23.225,16641.478426,16641.8752525,0.3968265000003157,35289.143600091375,False,-0.03,-0.0298817828,-8.604127e-07,34729.59290349852,0.03,0.0301186683,8.398397e-07,35862.40124157027
2.0,1,24,2026-05-27T21:49:23.620,16641.8753108,16642.2705269,0.39521610000156215,35294.26134777052,False,-0.03,-0.0298808119,-8.586042e-07,34801.613945051744,0.03,0.0301187018,8.413751e-07,35796.99684480798
2.0,1,25,2026-05-27T21:49:24.016,16642.2705846,16642.6665465,0.3959619000015664,35372.6401418105,False,-0.03,-0.0298807904,-8.565009e-07,34887.05079002252,0.03,0.030119534,8.397345e-07,35867.92492150793
2.0,1,26,2026-05-27T21:49:24.411,16642.6665999,16643.0619177,0.39531780000106664,35279.83188301525,False,-0.03,-0.0298806159,-8.613379e-07,34690.93360457029,0.03,0.0301188381,8.39335e-07,35884.16794247827
2.0,1,27,2026-05-27T21:49:24.806,16643.0619729,16643.4573374,0.39536450000014156,35236.10745042213,False,-0.03,-0.0298805465,-8.604335e-07,34727.31652126515,0.03,0.0301186516,8.423425e-07,35755.825688481826
2.0,1,28,2026-05-27T21:49:25.203,16643.4573946,16643.8537067,0.3963121000015235,35263.979280963875,False,-0.03,-0.0298799822,-8.616535e-07,34677.49182240889,0.03,0.0301192277,8.39777e-07,35865.744953719855
2.0,1,29,2026-05-27T21:49:25.599,16643.8537623,16644.2489919,0.39522959999885643,35248.76260585191,False,-0.03,-0.0298801827,-8.603492e-07,34730.29637268216,0.03,0.0301190555,8.418166e-07,35778.64287779547
2.0,1,30,2026-05-27T21:49:25.994,16644.2490683,16644.6448577,0.39578940000137663,35174.19108311919,False,-0.03,-0.0298796686,-8.631881e-07,34615.47790105077,0.03,0.030119144,8.425743e-07,35746.57332890405
7.0,2,0,2026-05-27T21:49:31.295,16648.6869695,16649.9457998,1.2588303000011365,35263.614579629306,False,-0.03,-0.0298781794,-8.592198e-07,34773.61601769419,0.03,0.0301198634,8.421952e-07,35763.51824375156
7.0,2,1,2026-05-27T21:49:32.557,16649.9458581,16651.2076825,1.261824400000478,35239.862019839624,False,-0.03,-0.0298791502,-8.608543e-07,34708.719233905205,0.03,0.0301199781,8.417383e-07,35783.0671361871
7.0,2,2,2026-05-27T21:49:33.817,16651.2077384,16652.4680858,1.2603473999988637,35273.2175437988,False,-0.03,-0.0298791324,-8.589915e-07,34783.967478141516,0.03,0.030120205,8.41997e-07,35772.34241927228
7.0,2,3,2026-05-27T21:49:35.079,16652.4681371,16653.7297621,1.261624999999185,35256.086051677,False,-0.03,-0.0298798081,-8.58703e-07,34796.44079501294,0.03,0.030119186,8.431023e-07,35724.23654875571
7.0,2,4,2026-05-27T21:49:36.337,16653.7298203,16654.9881188,1.2582985000008193,35266.53885768607,False,-0.03,-0.0298793045,-8.587871e-07,34792.44681248705,0.03,0.0301192666,8.425018e-07,35749.79495592769
7.0,2,5,2026-05-27T21:49:37.595,16654.9881821,16656.245667,1.2574848999975075,35280.639198385245,False,-0.03,-0.0298781561,-8.59454e-07,34764.11314625332,0.03,0.0301189523,8.411135e-07,35808.42811344723
7.0,2,6,2026-05-27T21:49:38.851,16656.2457243,16657.5017513,1.256026999999449,35271.95839115573,False,-0.03,-0.0298788509,-8.588652e-07,34788.754859319015,0.03,0.0301202388,8.42177e-07,35764.73686647819
7.0,2,7,2026-05-27T21:49:40.113,16657.5018067,16658.7635388,1.261732100003428,35253.79797630461,False,-0.03,-0.0298792424,-8.604457e-07,34725.30852324556,0.03,0.0301201165,8.414804e-07,35794.19853391713
7.0,2,8,2026-05-27T21:49:41.371,16658.7635933,16660.0221486,1.2585553000026266,35271.406574617096,False,-0.03,-0.0298788816,-8.587331e-07,34794.14220786412,0.03,0.0301209801,8.423576e-07,35757.94899933235
7.0,2,9,2026-05-27T21:49:42.634,16660.0222028,16661.284285,1.2620822000026237,35255.22449608927,False,-0.03,-0.0298785467,-8.589372e-07,34785.48454997641,0.03,0.0301198238,8.42892e-07,35733.90636048272
0.1,2,0,2026-05-27T21:49:44.090,16662.5820507,16662.7408481,0.1587973999994574,27931.14598290054,False,-0.03,-0.0298638351,-1.303488e-06,22910.70964980115,0.03,0.0301109578,8.437491e-07,35687.09916253541
0.1,2,1,2026-05-27T21:49:44.245,16662.7409149,16662.8954361,0.15452119999827119,31221.065615659514,False,-0.03,-0.0298816648,-1.348096e-06,22165.82854633498,0.03,0.0300805928,5.724745e-07,52544.86060077786
0.1,2,2,2026-05-27T21:49:44.402,16662.8955208,16663.0534504,0.15792959999816958,45870.6076853015,False,-0.03,-0.029834683,-8.862331e-07,33664.6002050702,0.03,0.0301321138,4.210702e-07,71560.78440127085
0.1,2,3,2026-05-27T21:49:44.566,16663.0535078,16663.2167464,0.16323860000193235,44623.72662128432,False,-0.03,-0.0298446511,-6.262758e-07,47654.166263489664,0.03,0.0301232072,7.175801e-07,41978.877619376566
0.1,2,4,2026-05-27T21:49:44.723,16663.2168047,16663.3746482,0.15784349999739788,58827.0249903966,False,-0.03,-0.0298120137,-7.524592e-07,39619.4420906808,0.03,0.0301428136,2.667123e-07,113016.21110087536
0.1,2,5,2026-05-27T21:49:44.914,16663.3747124,16663.5650663,0.19035390000135521,35496.534812412654,False,-0.03,-0.0299031783,-1.057002e-06,28290.559809725997,0.03,0.0301175468,6.338877e-07,47512.43288046131
0.1,2,6,2026-05-27T21:49:45.072,16663.5651236,16663.722722,0.1575983999973687,31983.40511930271,False,-0.03,-0.0299108898,-8.601465e-07,34774.18067736136,0.03,0.0301142696,1.016613e-06,29622.156710567342
0.1,2,7,2026-05-27T21:49:45.228,16663.7227778,16663.879484,0.15670619999946211,28018.133272511128,False,-0.03,-0.0299023553,-1.158377e-06,25814.00986034771,0.03,0.0301180954,9.838232e-07,30613.32097067847
0.1,2,8,2026-05-27T21:49:45.387,16663.8795384,16664.037296,0.1577575999981491,30902.85221927788,False,-0.03,-0.0298817321,-1.341348e-06,22277.389685599857,0.03,0.0300929289,5.994004e-07,50205.05308304766
0.1,2,9,2026-05-27T21:49:45.551,16664.0373489,16664.2020058,0.16465690000040922,41892.45560801005,False,-0.03,-0.0298303172,-1.004013e-06,29711.086609436334,0.03,0.0300812775,4.261155e-07,70594.18749141958
0.1,2,10,2026-05-27T21:49:45.717,16664.2020605,16664.3674351,0.16537460000108695,53642.182016899955,False,-0.03,-0.0298752122,-4.226862e-07,70679.41229214486,0.03,0.0301400419,6.961209e-07,43297.13689101994
0.1,2,11,2026-05-27T21:49:45.899,16664.3674878,16664.5497024,0.18221460000131628,45334.986284002254,False,-0.03,-0.0299077214,-7.507746e-07,39835.81943235693,0.03,0.0301009895,5.728987e-07,52541.55664867105
0.1,2,12,2026-05-27T21:49:46.057,16664.5497532,16664.7075743,0.15782109999781824,41517.02601168945,False,-0.03,-0.0298614525,-3.469726e-07,86062.8548190837,0.03,0.0301560419,1.098639e-06,27448.544881439673
0.1,2,13,2026-05-27T21:49:46.221,16664.7076299,16664.8715734,0.163943499999732,31304.565669640746,False,-0.03,-0.0298643733,-7.671867e-07,38927.12595252238,0.03,0.0301506019,1.149945e-06,26219.16865589224
0.1,2,14,2026-05-27T21:49:46.378,16664.8716297,16665.0293923,0.15776259999984177,48847.83712053123,False,-0.03,-0.0298850571,-4.453996e-07,67097.17992562185,0.03,0.0301708674,7.840494e-07,38480.824550085745
0.1,2,15,2026-05-27T21:49:46.550,16665.0294481,16665.2007036,0.17125550000127987,32076.296982091473,False,-0.03,-0.0298704366,-1.421694e-06,21010.45414836104,0.03,0.0300883355,4.475608e-07,67227.37000201983
0.1,2,16,2026-05-27T21:49:46.717,16665.2007578,16665.3680849,0.16732709999996587,27189.799527232222,False,-0.03,-0.0298755777,-1.318232e-06,22663.368587623423,0.03,0.030074885,8.86656e-07,33919.45128663202
0.1,2,17,2026-05-27T21:49:46.882,16665.3681385,16665.5329228,0.16478429999915534,35916.13007350871,False,-0.03,-0.0298660546,-5.732714e-07,52097.58344825854,0.03,0.0301522195,1.097796e-06,27466.140794828912
0.1,2,18,2026-05-27T21:49:47.048,16665.5329767,16665.699099,0.1661223000010068,44793.48215710893,False,-0.03,-0.0298495556,-6.283761e-07,47502.690824810175,0.03,0.0301201778,7.104288e-07,42397.1801255805
0.1,2,19,2026-05-27T21:49:47.212,16665.6991545,16665.8622393,0.16308480000225245,29405.33325227093,False,-0.03,-0.0298926412,-1.216013e-06,24582.501338390295,0.03,0.0300819178,8.23568e-07,36526.33152332291
0.1,2,20,2026-05-27T21:49:47.378,16665.8622951,16666.0282621,0.1659670000008191,40405.79900218928,False,-0.03,-0.0298800269,-5.442475e-07,54901.54185366033,0.03,0.0301967333,9.425876e-07,32035.996760407204
0.1,2,21,2026-05-27T21:49:47.560,16666.028313,16666.2107509,0.18243790000269655,54680.97605168148,False,-0.03,-0.0298662552,-4.744207e-07,62953.10301595188,0.03,0.0300931903,6.221114e-07,48372.67135757358
0.1,2,22,2026-05-27T21:49:47.725,16666.2108063,16666.3759361,0.16512979999970412,45352.07565883543,False,-0.03,-0.0298811409,-4.066985e-07,73472.46399974427,0.03,0.0301293424,9.165151e-07,32873.809062174754
0.1,2,23,2026-05-27T21:49:47.881,16666.375997,16666.5320458,0.156048799999553,46663.85444045633,False,-0.03,-0.0298109616,-9.930727e-07,30018.911606370817,0.03,0.0301331085,2.915205e-07,103365.31564675554
0.1,2,24,2026-05-27T21:49:48.039,16666.5321048,16666.6899901,0.15788529999917955,47162.61460619246,False,-0.03,-0.0298924989,-5.110199e-07,58495.76288516357,0.03,0.0300946116,7.609009e-07,39551.289267761415
0.1,2,25,2026-05-27T21:49:48.203,16666.6900377,16666.8532747,0.1632370000006631,54994.33140715186,False,-0.03,-0.0298738015,-2.85554e-07,104616.99538441065,0.03,0.0301964682,8.067453e-07,37429.989613822356
0.1,2,26,2026-05-27T21:49:48.396,16666.8533198,16667.0475975,0.19427770000038436,29377.646419192017,False,-0.03,-0.0298642376,-1.223562e-06,24407.621027786085,0.03,0.0301028479,8.176868e-07,36814.64333287513
0.1,2,27,2026-05-27T21:49:48.559,16667.0476579,16667.2095994,0.16194150000228547,29320.629845392934,False,-0.03,-0.029921542,-7.457372e-07,40123.440268233906,0.03,0.0301006959,1.301362e-06,23130.148183211128
0.1,2,28,2026-05-27T21:49:48.709,16667.2096684,16667.3598227,0.15015430000130436,41912.642233711595,False,-0.03,-0.0298747367,-3.192043e-07,93591.27273661415,0.03,0.0301324021,1.112515e-06,27084.9400682238
0.1,2,29,2026-05-27T21:49:48.866,16667.3598734,16667.5166083,0.15673489999971935,26513.308572971186,False,-0.03,-0.0298699038,-1.394774e-06,21415.586897949055,0.03,0.0300497255,8.652091e-07,34731.17134343594
0.1,2,30,2026-05-27T21:49:49.024,16667.5166639,16667.6749595,0.15829559999838239,42818.67478220653,False,-0.03,-0.0298431222,-9.867592e-07,30243.571278585492,0.03,0.0301500374,4.143388e-07,72766.62817964429
0.1,2,31,2026-05-27T21:49:49.189,16667.6750102,16667.8394209,0.16441069999928004,48796.55221915816,False,-0.03,-0.0298427614,-9.308129e-07,32060.96670985114,0.03,0.0301519408,2.986736e-07,100952.8153810715
0.1,2,32,2026-05-27T21:49:49.373,16667.8394758,16668.0243879,0.1849121000013838,57646.65758341777,False,-0.03,-0.0299203544,-7.461501e-07,40099.64536626076,0.03,0.0300919606,2.948871e-07,102045.70020187387
0.1,2,33,2026-05-27T21:49:49.537,16668.0244424,16668.1884949,0.16405250000025262,30327.18224974127,False,-0.03,-0.0299126313,-8.025285e-07,37272.98320246571,0.03,0.0301168871,1.176868e-06,25590.70949333315
0.1,2,34,2026-05-27T21:49:49.696,16668.1885526,16668.3466771,0.15812449999793898,40153.19447155642,False,-0.03,-0.0298677997,-4.348844e-07,68679.8599811812,0.03,0.0301543759,1.059945e-06,28449.00056134988
0.1,2,35,2026-05-27T21:49:49.860,16668.3467333,16668.5111409,0.16440759999750298,30760.81932042962,False,-0.03,-0.0298728139,-7.322742e-07,40794.573808554225,0.03,0.0301353063,1.218523e-06,24731.01147865079
0.1,2,36,2026-05-27T21:49:50.018,16668.511207,16668.6688395,0.15763249999872642,48774.74721040083,False,-0.03,-0.0298802265,-4.49612e-07,66457.80472941113,0.03,0.030188211,7.819359e-07,38607.01497398956
0.1,2,37,2026-05-27T21:49:50.189,16668.6688899,16668.8400206,0.17113070000050357,31654.289430925895,False,-0.03,-0.0298839883,-1.45576e-06,20528.100991921747,0.03,0.0300847908,4.387314e-07,68572.2307543978
0.1,2,38,2026-05-27T21:49:50.366,16668.8400775,16669.0172322,0.17715469999893685,27725.547900605903,False,-0.03,-0.0298777114,-1.321166e-06,22614.653571163653,0.03,0.0301928932,8.454496e-07,35712.23311241734
0.1,2,39,2026-05-27T21:49:50.523,16669.0172877,16669.173501,0.15621330000067246,39298.74599305352,False,-0.03,-0.0298851446,-1.066685e-06,28016.84152303632,0.03,0.0301021472,4.597579e-07,65473.90963809431
0.1,2,40,2026-05-27T21:49:50.680,16669.1735631,16669.3315032,0.15794009999808623,39946.86756700908,False,-0.03,-0.0298529233,-8.008316e-07,37277.404263268334,0.03,0.0301138043,7.003306e-07,42999.41242036261
0.1,2,41,2026-05-27T21:49:50.845,16669.3315562,16669.4960348,0.16447859999971115,49288.95343344449,False,-0.03,-0.0298774443,-5.080743e-07,58805.265883356034,0.03,0.0301193864,7.091727e-07,42471.15885876599
0.1,2,42,2026-05-27T21:49:51.004,16669.4961276,16669.6546425,0.1585149000020465,47194.86251017771,False,-0.03,-0.0298138359,-9.577485e-07,31129.08649817776,0.03,0.0301378593,3.125528e-07,96424.8578160234
0.1,2,43,2026-05-27T21:49:51.167,16669.6546967,16669.8174671,0.1627704000020458,50167.24294696244,False,-0.03,-0.0298356578,-7.183908e-07,41531.23592339991,0.03,0.0301340788,4.770055e-07,63173.44097709565
0.1,2,44,2026-05-27T21:49:51.344,16669.8175221,16669.9945153,0.17699320000247099,26148.127757573537,False,-0.03,-0.0298929861,-1.292981e-06,23119.43184006571,0.03,0.0301358722,1.002742e-06,30053.465597332113
0.1,2,45,2026-05-27T21:49:51.509,16669.9945693,16670.1601964,0.16562709999925573,47902.23570945039,False,-0.03,-0.0298236868,-9.350192e-07,31896.336246357292,0.03,0.0301190968,3.163375e-07,95211.90753546449
0.1,2,46,2026-05-27T21:49:51.666,16670.1602463,16670.3173393,0.15709299999798532,28837.68616219874,False,-0.03,-0.0298917106,-1.287101e-06,23224.059805718432,0.03,0.0300657176,7.920335e-07,37960.159008425784
0.1,2,47,2026-05-27T21:49:51.822,16670.3173909,16670.4736899,0.15629900000203634,42297.56317427207,False,-0.03,-0.0298750763,-1.020821e-06,29265.734443158988,0.03,0.0300813642,3.966706e-07,75834.61995923065
0.1,2,48,2026-05-27T21:49:51.990,16670.4737398,16670.6405689,0.16682909999872209,49022.61793917774,False,-0.03,-0.0298102797,-8.883404e-07,33557.27117667957,0.03,0.0301325921,3.344191e-07,90104.27962996133
0.1,2,49,2026-05-27T21:49:52.154,16670.6406281,16670.8049004,0.16427229999681003,51228.8129759046,False,-0.03,-0.0298727953,-4.045954e-07,73833.74922206234,0.03,0.0301790588,7.676327e-07,39314.45182051259
0.1,2,50,2026-05-27T21:49:52.330,16670.804955,16670.9801627,0.17520770000191987,50518.848629140135,False,-0.03,-0.0299217564,-7.537233e-07,39698.59549253685,0.03,0.0301284834,4.349467e-07,69269.36886749572
0.1,2,51,2026-05-27T21:49:52.487,16670.9802146,16671.1370857,0.15687109999998938,28597.680094826734,False,-0.03,-0.0298624372,-1.241254e-06,24058.280738672343,0.03,0.0301009668,8.555386e-07,35183.645483675435
0.1,2,52,2026-05-27T21:49:52.650,16671.1371408,16671.3012011,0.16406029999780003,41153.092481043706,False,-0.03,-0.0298833009,-1.029244e-06,29034.224051828332,0.03,0.0300955865,4.282136e-07,70281.71571384
0.1,2,53,2026-05-27T21:49:52.813,16671.3012533,16671.4641575,0.16290419999859296,28085.20412878592,False,-0.03,-0.0298656083,-1.211377e-06,24654.263949208216,0.03,0.0301213489,9.245148e-07,32580.710335843192
0.1,2,54,2026-05-27T21:49:52.971,16671.4642101,16671.6220036,0.15779350000229897,27394.218226782716,False,-0.03,-0.0299313661,-7.558278e-07,39600.77427689217,0.03,0.0301109472,1.43596e-06,20969.210284409037
0.1,2,55,2026-05-27T21:49:53.137,16671.6220591,16671.7874863,0.16542720000143163,37247.79202516247,False,-0.03,-0.0298661567,-6.611866e-07,45170.54141750604,0.03,0.0301223659,9.49339e-07,31729.830861262417
0.1,2,56,2026-05-27T21:49:53.320,16671.7875505,16671.9705151,0.18296460000055959,46642.3897274343,False,-0.03,-0.029903159,-5.31629e-07,56248.171187049615,0.03,0.0300893088,7.54593e-07,39874.88460666876
0.1,2,57,2026-05-27T21:49:53.476,16671.9705687,16672.126572,0.15600330000233953,48836.66202333275,False,-0.03,-0.0298962998,-4.386645e-07,68152.99574048049,0.03,0.0301240555,7.903375e-07,38115.432331124364
0.1,2,58,2026-05-27T21:49:53.641,16672.1266275,16672.2921618,0.16553429999839864,33957.48957731459,False,-0.03,-0.0298710736,-7.419438e-07,40260.5609751035,0.03,0.0301452169,1.025451e-06,29397.033012791442
0.1,2,59,2026-05-27T21:49:53.803,16672.2922148,16672.4548375,0.16262270000152057,43395.39494558125,False,-0.03,-0.0298574408,-6.931558e-07,43074.64613294732,0.03,0.0301032609,6.885738e-07,43718.2781279218
0.1,2,60,2026-05-27T21:49:53.972,16672.4549005,16672.6228054,0.16790489999766578,31554.642904338732,False,-0.03,-0.0299202701,-7.276442e-07,41119.36864198189,0.03,0.0301094782,1.174762e-06,25630.27932466321
0.1,2,61,2026-05-27T21:49:54.144,16672.6228611,16672.795071,0.17220989999987069,42517.59335941394,False,-0.03,-0.0298930468,-8.816081e-07,33907.40942602501,0.03,0.0301073005,5.295806e-07,56851.21490477559
0.1,2,62,2026-05-27T21:49:54.317,16672.7951238,16672.9671357,0.1720119000019622,45596.39698486116,False,-0.03,-0.0298434892,-1.008212e-06,29600.41062792349,0.03,0.0300911599,3.062482e-07,98257.42616609664
0.1,2,63,2026-05-27T21:49:54.485,16672.9671994,16673.1354991,0.16829970000253525,44978.92509196889,False,-0.03,-0.0298837795,-6.292178e-07,47493.53800861959,0.03,0.0301075905,7.045484e-07,42733.175605820696
0.1,2,64,2026-05-27T21:49:54.650,16673.13556,16673.3008479,0.16528789999938454,43718.95366933565,False,-0.03,-0.0299212602,-7.347942e-07,40720.599318829685,0.03,0.030136284,6.389245e-07,47167.20676699673
0.1,2,65,2026-05-27T21:49:54.832,16673.3009033,16673.4825814,0.1816780999979528,30812.735221996998,False,-0.03,-0.0298706223,-1.261877e-06,23671.579955891106,0.03,0.0301501363,6.860435e-07,43947.84922530423
0.1,2,66,2026-05-27T21:49:54.997,16673.482636,16673.6475043,0.1648682999984885,32109.905013678992,False,-0.03,-0.029913063,-9.291383e-07,32194.413899416264,0.03,0.0301471914,9.413205e-07,32026.489808731454
0.1,2,67,2026-05-27T21:49:55.154,16673.6475615,16673.804925,0.15736349999860977,42074.50489643457,False,-0.03,-0.0298664067,-5.005003e-07,59673.10449164565,0.03,0.0301617775,9.262113e-07,32564.683134399245
0.1,2,68,2026-05-27T21:49:55.305,16673.80498,16673.9558901,0.150910099997418,28528.026578823337,False,-0.03,-0.0299420869,-6.956828e-07,43039.8550891297,0.03,0.0300892055,1.408609e-06,21360.93514949855
0.1,2,69,2026-05-27T21:49:55.468,16673.9559426,16674.1185323,0.16258969999762485,42182.38152782011,False,-0.03,-0.0298449715,-1.041856e-06,28645.96594922907,0.03,0.0300903293,3.79005e-07,79392.96130657906
0.1,2,70,2026-05-27T21:49:55.627,16674.1185868,16674.2773563,0.1587695000016538,27028.235937555455,False,-0.03,-0.0298694831,-1.390565e-06,21480.10564051303,0.03,0.0300656382,8.269353e-07,36357.90877472518
0.1,2,71,2026-05-27T21:49:55.792,16674.2774098,16674.442405,0.16499520000070333,32300.334377958654,False,-0.03,-0.0299305838,-5.131193e-07,58330.65293003011,0.03,0.0301448501,1.346782e-06,22382.872729216753
0.1,2,72,2026-05-27T21:49:55.969,16674.4424579,16674.6195174,0.17705949999799486,46759.96263401235,False,-0.03,-0.0299191652,-8.222934e-07,36385.02412885717,0.03,0.0301082027,4.614409e-07,65248.231572017125
0.7,2,0,2026-05-27T21:49:57.579,16676.0338066,16676.2302544,0.19644780000089668,35428.71430997494,False,-0.03,-0.0298622981,-1.005378e-06,29702.557744450347,0.03,0.0301366689,6.881344e-07,43794.74256773096
0.7,2,1,2026-05-27T21:49:57.761,16676.2303152,16676.4112367,0.18092150000302354,36291.784122719866,False,-0.03,-0.0298661514,-9.704059e-07,30776.968070783572,0.03,0.0301355416,6.829075e-07,44128.29204540879
0.7,2,2,2026-05-27T21:49:57.958,16676.4112937,16676.6082343,0.19694060000256286,35270.31158878417,False,-0.03,-0.0298628583,-1.013731e-06,29458.36548354544,0.03,0.0301327882,6.87293e-07,43842.710750727856
0.7,2,3,2026-05-27T21:49:58.143,16676.6082867,16676.7944771,0.1861903999997594,38563.73411486952,False,-0.03,-0.0298648738,-8.698143e-07,34334.76984685122,0.03,0.0301341957,6.860275e-07,43925.638112174805
0.7,2,4,2026-05-27T21:49:58.340,16676.7945362,16676.9904492,0.1959129999995639,30061.088267545234,False,-0.03,-0.0298635688,-1.013009e-06,29480.062664793702,0.03,0.0301249381,9.825444e-07,30660.129048621107
0.7,2,5,2026-05-27T21:49:58.521,16676.9905017,16677.1725659,0.1820642000020598,36190.24122568937,False,-0.03,-0.0298654904,-9.765942e-07,30581.269477127757,0.03,0.0301379006,6.81405e-07,44229.0570218886
0.7,2,6,2026-05-27T21:49:58.718,16677.1726276,16677.3694234,0.19679579999865382,29754.23971590402,False,-0.03,-0.0298647799,-1.015473e-06,29409.723252119948,0.03,0.0301263133,1.000747e-06,30103.825742170597
0.7,2,7,2026-05-27T21:49:58.897,16677.3694789,16677.5484067,0.1789277999996557,34514.467746324044,False,-0.03,-0.0298819148,-9.598298e-07,31132.514118648953,0.03,0.0301177253,7.785612e-07,38683.825112271195
0.7,2,8,2026-05-27T21:49:59.093,16677.5484613,16677.7443345,0.1958731999984593,33053.552146767346,False,-0.03,-0.0298828576,-9.074315e-07,32931.25442526516,0.03,0.0301031387,9.073809e-07,33175.85668818905
0.7,2,9,2026-05-27T21:49:59.277,16677.7444175,16677.9274243,0.18300680000174907,38925.901795914986,False,-0.03,-0.0298970137,-7.124979e-07,41960.844656524605,0.03,0.0301130522,8.291508e-07,36317.94385291554
0.7,2,10,2026-05-27T21:49:59.472,16677.9274791,16678.1221542,0.19467509999958565,32663.469441549798,False,-0.03,-0.0298947796,-8.566537e-07,34897.15809317114,0.03,0.0301052635,9.802621e-07,30711.44288859072
0.7,2,11,2026-05-27T21:49:59.651,16678.12221,16678.3016439,0.17943389999709325,35412.35010408144,False,-0.03,-0.0298969164,-7.01563e-07,42614.72797168608,0.03,0.0301072711,9.928794e-07,30323.190409630814
0.7,2,12,2026-05-27T21:49:59.849,16678.3016992,16678.4992886,0.19758939999883296,35161.54356928465,False,-0.03,-0.0298974152,-7.1376e-07,41887.21026675633,0.03,0.0301042786,9.926979e-07,30325.720040306318
0.7,2,13,2026-05-27T21:50:00.028,16678.4993434,16678.6790151,0.1796716999997443,34042.758978332065,False,-0.03,-0.0298954202,-7.785377e-07,38399.45091933249,0.03,0.0301180796,9.843482e-07,30596.977370406123
0.7,2,14,2026-05-27T21:50:00.222,16678.6790688,16678.8733692,0.19430039999861037,35762.349174353534,False,-0.03,-0.0298778275,-7.96084e-07,37530.99861321167,0.03,0.0301244744,8.817225e-07,34165.48222371551
0.7,2,15,2026-05-27T21:50:00.408,16678.8734247,16679.059127,0.18570230000113952,31190.220108683363,False,-0.03,-0.0298855478,-1.019255e-06,29320.972474993992,0.03,0.030118469,9.045537e-07,33296.496382691264
0.7,2,16,2026-05-27T21:50:00.605,16679.0591824,16679.2555553,0.19637289999809582,34893.04909267258,False,-0.03,-0.0298843522,-7.88212e-07,37914.10458100105,0.03,0.0301186876,9.314153e-07,32336.47503965202
0.7,2,17,2026-05-27T21:50:00.786,16679.2556269,16679.4364229,0.1807959999969171,33893.927436085374,False,-0.03,-0.0298669235,-9.603098e-07,31101.34198359738,0.03,0.0301332084,8.099227e-07,37205.04240713342
0.7,2,18,2026-05-27T21:50:00.982,16679.4364822,16679.6328632,0.19638100000156555,35485.32360600636,False,-0.03,-0.029865557,-8.990185e-07,33220.1806748137,0.03,0.0301329146,7.917783e-07,38057.262493806666
0.7,2,19,2026-05-27T21:50:01.165,16679.6329246,16679.8161035,0.183178900002531,33139.65748482727,False,-0.03,-0.0298681941,-1.019081e-06,29308.95002458097,0.03,0.030135053,7.915366e-07,38071.58506631279
0.7,2,20,2026-05-27T21:50:01.359,16679.8161569,16680.0102538,0.19409689999883994,35744.19871858453,False,-0.03,-0.029865229,-9.252742e-07,32277.166055208283,0.03,0.0301371026,7.533851e-07,40002.25462383049
0.7,2,21,2026-05-27T21:50:01.545,16680.0103172,16680.1960534,0.18573619999733637,34251.01270879243,False,-0.03,-0.0298636167,-9.878951e-07,30229.542286422926,0.03,0.0301309401,7.63719e-07,39452.91409536754
0.7,2,22,2026-05-27T21:50:01.746,16680.196107,16680.3966253,0.2005183000001125,33297.791139684145,False,-0.03,-0.029867306,-9.377168e-07,31851.09406166126,0.03,0.0301299427,8.641219e-07,34867.699453051704
0.7,2,23,2026-05-27T21:50:01.926,16680.3966779,16680.5764294,0.17975149999983842,34269.519124209284,False,-0.03,-0.0298685836,-9.086307e-07,32872.08279447305,0.03,0.0301311793,8.421894e-07,35777.20082917216
0.7,2,24,2026-05-27T21:50:02.121,16680.5765023,16680.7717189,0.19521660000100383,33239.42134953553,False,-0.03,-0.0298655147,-9.240749e-07,32319.365778683095,0.03,0.0301362312,8.810632e-07,34204.39214803206
0.7,2,25,2026-05-27T21:50:02.301,16680.7717729,16680.9516819,0.17990899999858811,35345.113107249614,False,-0.03,-0.0298617367,-1.015352e-06,29410.230836202616,0.03,0.030135794,6.821254e-07,44179.25794875839
0.7,2,26,2026-05-27T21:50:02.495,16680.9517347,16681.1463902,0.19465549999949872,35038.67908963512,False,-0.03,-0.0298663687,-1.002254e-06,29799.201300269197,0.03,0.0301289074,7.100045e-07,42434.8118920373
0.7,2,27,2026-05-27T21:50:02.677,16681.1464424,16681.3279009,0.18145849999928032,36821.79089285167,False,-0.03,-0.0298844324,-8.145306e-07,36689.14636233433,0.03,0.0301145807,8.149125e-07,36954.37326093292
0.7,2,28,2026-05-27T21:50:02.874,16681.3279557,16681.5249814,0.19702570000299602,35689.093681913066,False,-0.03,-0.029884364,-8.680721e-07,34426.13119348036,0.03,0.0301133851,8.130507e-07,37037.52435118745
0.7,2,29,2026-05-27T21:50:03.058,16681.5250375,16681.7094769,0.18443939999997383,39945.567174818665,False,-0.03,-0.0298719573,-7.581054e-07,39403.43559088222,0.03,0.0301262087,7.438927e-07,40498.05664177105
0.7,2,30,2026-05-27T21:50:03.257,16681.7095296,16681.9075384,0.1980087999982061,33305.19610900095,False,-0.03,-0.029883653,-9.25881e-07,32275.911267214684,0.03,0.0301129634,8.755381e-07,34393.664193482844
0.7,2,31,2026-05-27T21:50:03.437,16681.907602,16682.0877099,0.18010789999971166,36016.86846911397,False,-0.03,-0.0298843909,-8.509442e-07,35119.095823204385,0.03,0.0301144391,8.149094e-07,36954.340077559544
0.7,2,32,2026-05-27T21:50:03.632,16682.0877646,16682.2834153,0.19565069999953266,33866.457099716936,False,-0.03,-0.0298854225,-8.859147e-07,33733.972920869244,0.03,0.0301045054,8.854524e-07,33999.0104493477
0.7,2,33,2026-05-27T21:50:03.810,16682.2834685,16682.4615013,0.17803279999861843,35074.14503202997,False,-0.03,-0.0298947072,-6.994575e-07,42739.8479535926,0.03,0.0301053525,1.011206e-06,29771.7304881498
0.7,2,34,2026-05-27T21:50:04.011,16682.461555,16682.661362,0.19980699999723583,43029.212529080854,False,-0.03,-0.0298932452,-7.173069e-07,41674.27526488314,0.03,0.0301061724,6.770811e-07,44464.64744031402
0.7,2,35,2026-05-27T21:50:04.191,16682.6614149,16682.8414794,0.18006449999666074,34924.05213077733,False,-0.03,-0.029895855,-7.235534e-07,41318.10451032363,0.03,0.0301056258,9.945027e-07,30272.04028707011
0.7,2,36,2026-05-27T21:50:04.390,16682.8415333,16683.0408314,0.19929810000030557,43066.15937954275,False,-0.03,-0.0298951171,-7.100344e-07,42103.75877563115,0.03,0.0301115252,6.833251e-07,44066.17757784692
0.7,2,37,2026-05-27T21:50:04.570,16683.0408881,16683.2214835,0.1805954000010388,35058.68108211453,False,-0.03,-0.0298943217,-7.257768e-07,41189.41484489446,0.03,0.0301046248,9.856095e-07,30544.170688289832
0.7,2,38,2026-05-27T21:50:04.771,16683.2215482,16683.4214677,0.1999195000025793,34721.14290692698,False,-0.03,-0.0298939527,-1.008863e-06,29631.330220257852,0.03,0.0301252302,7.197432e-07,41855.52597092963
0.7,2,39,2026-05-27T21:50:04.950,16683.4215252,16683.6012263,0.1797011000016937,35160.35206843546,False,-0.03,-0.0298960433,-7.084711e-07,42197.97151923346,0.03,0.0301078154,9.981062e-07,30164.94176671781
0.7,2,40,2026-05-27T21:50:05.150,16683.6012809,16683.8013806,0.200099700003193,42742.57276708215,False,-0.03,-0.0298953533,-7.152619e-07,41796.37318861804,0.03,0.0301048025,6.884944e-07,43725.55898784362
0.7,2,41,2026-05-27T21:50:05.332,16683.8014453,16683.9830762,0.18163089999870863,35263.24680859041,False,-0.03,-0.0298983662,-7.078702e-07,42237.07425457379,0.03,0.0301030603,9.936585e-07,30295.177165998182
0.7,2,42,2026-05-27T21:50:05.530,16683.9831333,16684.1805669,0.19743359999847598,42742.6251257358,False,-0.03,-0.0298972389,-6.976563e-07,42853.82200375744,0.03,0.0301106627,7.062795e-07,42632.78588717356
0.7,2,43,2026-05-27T21:50:05.709,16684.1806189,16684.3593893,0.17877039999802946,35857.33979825894,False,-0.03,-0.0298851717,-7.283016e-07,41034.06020253148,0.03,0.0301125484,9.449324e-07,31867.410197808862
0.7,2,44,2026-05-27T21:50:05.906,16684.3594421,16684.5562989,0.19685679999747663,40291.415320358996,False,-0.03,-0.0298854108,-7.710856e-07,38757.57866571494,0.03,0.0301311383,7.184761e-07,41937.56521615681
0.7,2,45,2026-05-27T21:50:06.086,16684.5563546,16684.7372773,0.18092269999760902,34980.83257418118,False,-0.03,-0.0298679278,-9.080903e-07,32890.922631813155,0.03,0.0301266907,8.069809e-07,37332.59448891541
0.7,2,46,2026-05-27T21:50:06.283,16684.7373294,16684.9338968,0.19656740000209538,35515.143465861926,False,-0.03,-0.029871091,-8.582156e-07,34806.04524084624,0.03,0.0301349438,8.313745e-07,36247.13507570896
0.7,2,47,2026-05-27T21:50:06.462,16684.9339548,16685.1132234,0.17926860000079614,34715.11705477406,False,-0.03,-0.0298636236,-1.019619e-06,29289.00265687477,0.03,0.0301366586,7.087428e-07,42521.29065720315
0.7,2,48,2026-05-27T21:50:06.657,16685.1132758,16685.3087971,0.19552130000010948,29909.6500816917,False,-0.03,-0.029861656,-1.019017e-06,29304.37470621197,0.03,0.0301229877,9.865111e-07,30534.869501214936
0.7,2,49,2026-05-27T21:50:06.836,16685.3089314,16685.4871259,0.17819450000024517,34565.03724800621,False,-0.03,-0.0298816245,-9.234747e-07,32357.816083104386,0.03,0.0301102526,8.121484e-07,37074.816129663
0.7,2,50,2026-05-27T21:50:07.033,16685.4871816,16685.6843551,0.19717349999700673,34582.586835347516,False,-0.03,-0.0298915856,-8.463785e-07,35317.042670625495,0.03,0.0301053881,8.885112e-07,33882.95848155882
0.7,2,51,2026-05-27T21:50:07.215,16685.6844127,16685.865911,0.18149830000038492,37639.7157258984,False,-0.03,-0.0298931023,-7.192276e-07,41562.785271310495,0.03,0.0301039534,8.747551e-07,34414.150200438955
0.7,2,52,2026-05-27T21:50:07.416,16685.8659641,16686.0670752,0.20111109999925247,37012.19689965625,False,-0.03,-0.0298919682,-8.016095e-07,37289.937556877754,0.03,0.0301057912,8.194172e-07,36740.49214490494
0.7,2,53,2026-05-27T21:50:07.596,16686.0671318,16686.2471172,0.17998540000189678,35254.41387168466,False,-0.03,-0.0298896112,-8.468591e-07,35294.668499163556,0.03,0.0301101296,8.550481e-07,35214.54477239351
0.7,2,54,2026-05-27T21:50:07.793,16686.2471724,16686.4445111,0.19733869999981835,36273.92621844038,False,-0.03,-0.0298936831,-8.4722e-07,35284.4398149241,0.03,0.0301019653,8.067407e-07,37313.061433494055
0.7,2,55,2026-05-27T21:50:07.970,16686.4445682,16686.6210485,0.1764803000005486,37841.77786797334,False,-0.03,-0.0298955605,-7.113571e-07,42026.09420781771,0.03,0.0301097796,8.743332e-07,34437.41996758215
0.7,2,56,2026-05-27T21:50:08.165,16686.6211009,16686.815951,0.19485010000062175,35893.88681552235,False,-0.03,-0.0298886123,-7.150203e-07,41801.068165477256,0.03,0.030116311,9.567107e-07,31479.01554775127
0.7,2,57,2026-05-27T21:50:08.349,16686.8160034,16686.9997933,0.18378990000201156,31433.977796616407,False,-0.03,-0.0298914476,-9.306855e-07,32117.667676137644,0.03,0.0301111186,9.781587e-07,30783.469594453338
0.7,2,58,2026-05-27T21:50:08.548,16686.9998475,16687.198235,0.1983875000005355,41667.60733976343,False,-0.03,-0.0298966673,-7.567241e-07,39508.01527267336,0.03,0.0301193376,6.836275e-07,44058.11293430998
0.7,2,59,2026-05-27T21:50:08.729,16687.1982876,16687.3798871,0.18159949999972014,33687.36805775114,False,-0.03,-0.0298893433,-8.182563e-07,36528.09431470311,0.03,0.0301090349,9.627786e-07,31273.062051856992
0.7,2,60,2026-05-27T21:50:08.924,16687.3799375,16687.5747261,0.1947885999979917,40714.759857628684,False,-0.03,-0.0298846702,-7.373756e-07,40528.422963819256,0.03,0.0301336576,7.367416e-07,40901.257102897405
0.7,2,61,2026-05-27T21:50:09.100,16687.5747819,16687.7503096,0.17552770000111195,35301.1044522422,False,-0.03,-0.0298658002,-9.960664e-07,29983.744256407004,0.03,0.0301291752,7.034548e-07,42830.293005321735
0.7,2,62,2026-05-27T21:50:09.296,16687.7503644,16687.9460533,0.195688899999368,35198.69186643404,False,-0.03,-0.0298663804,-1.002913e-06,29779.632331019744,0.03,0.030132113,7.01653e-07,42944.46542664251
0.7,2,63,2026-05-27T21:50:09.481,16687.9461186,16688.1315227,0.18540410000059637,39886.493672443656,False,-0.03,-0.0298652668,-8.059974e-07,37053.800421688706,0.03,0.0301353993,6.982879e-07,43156.12414306477
3.0,2,0,2026-05-27T21:50:12.547,16690.5747795,16691.1974696,0.6226901000009093,35256.19193149904,False,-0.03,-0.0298801519,-8.587094e-07,34796.581823839355,0.03,0.030119382,8.431061e-07,35724.30800820917
3.0,2,1,2026-05-27T21:50:13.170,16691.197526,16691.8210273,0.6235013000004983,35288.97105287798,False,-0.03,-0.0298812136,-8.579101e-07,34830.23873946699,0.03,0.030118196,8.423211e-07,35756.19321420299
3.0,2,2,2026-05-27T21:50:13.788,16691.821082,16692.4389964,0.6179144000016095,35252.70060608596,False,-0.03,-0.0298806828,-8.588775e-07,34790.389549149906,0.03,0.030118349,8.430923e-07,35723.66750354617
3.0,2,3,2026-05-27T21:50:14.412,16692.439049,16693.0628834,0.6238344000012148,35210.55697400148,False,-0.03,-0.0298809123,-8.602934e-07,34733.397117774,0.03,0.0301184648,8.437233e-07,35697.087895996236
3.0,2,4,2026-05-27T21:50:15.045,16693.0629356,16693.6952714,0.6323358000008739,35318.34954744778,False,-0.03,-0.0298805895,-8.593257e-07,34772.13529165949,0.03,0.0301177777,8.394617e-07,35877.48875261373
3.0,2,5,2026-05-27T21:50:15.664,16693.6953281,16694.3148494,0.6195213000028161,35291.88895373507,False,-0.03,-0.0298806708,-8.575175e-07,34845.552189897,0.03,0.0301187661,8.425739e-07,35746.14179242913
3.0,2,6,2026-05-27T21:50:16.287,16694.3149036,16694.9377041,0.6228005000011763,35262.1420123038,False,-0.03,-0.0298808684,-8.58583e-07,34802.53906727713,0.03,0.0301179307,8.429245e-07,35730.28272401621
3.0,2,7,2026-05-27T21:50:16.910,16694.9377633,16695.5610046,0.6232412999997905,35250.03600000917,False,-0.03,-0.0298800076,-8.594665e-07,34765.761783618094,0.03,0.0301184759,8.426164e-07,35743.99442023678
3.0,2,8,2026-05-27T21:50:17.531,16695.5610624,16696.1825005,0.6214380999990681,35154.54863930254,False,-0.03,-0.0298800363,-8.628596e-07,34629.08252976498,0.03,0.0301185588,8.438497e-07,35691.852233875295
3.0,2,9,2026-05-27T21:50:18.155,16696.1825559,16696.805998,0.6234421000008297,35226.16897382997,False,-0.03,-0.029880026,-8.615415e-07,34682.05071955326,0.03,0.0301188054,8.417045e-07,35783.110818583
3.0,2,10,2026-05-27T21:50:18.776,16696.8060536,16697.4268209,0.6207672999989882,35333.60444461536,False,-0.03,-0.0298797837,-8.599571e-07,34745.66777807869,0.03,0.0301192454,8.381156e-07,35936.862886217605
3.0,2,11,2026-05-27T21:50:19.397,16697.4268756,16698.0481784,0.6213028000020131,35281.89843920764,False,-0.03,-0.0298794808,-8.59971e-07,34744.753951005325,0.03,0.0301188023,8.405691e-07,35831.44122238136
3.0,2,12,2026-05-27T21:50:20.021,16698.0482307,16698.6717521,0.6235214000007545,35319.473927240266,False,-0.03,-0.0298785354,-8.565079e-07,34884.132884238425,0.03,0.0301197428,8.422229e-07,35762.19881933868
3.0,2,13,2026-05-27T21:50:20.637,16698.6718098,16699.2880304,0.6162206000008155,35224.49530981698,False,-0.03,-0.0298785004,-8.601395e-07,34736.80769224062,0.03,0.030119467,8.431629e-07,35722.00223705289
3.0,2,14,2026-05-27T21:50:21.260,16699.2880841,16699.9112162,0.623132099997747,35243.41499434838,False,-0.03,-0.0298795493,-8.593258e-07,34770.92076136897,0.03,0.0301199717,8.431063e-07,35724.998971066874
3.0,2,15,2026-05-27T21:50:21.891,16699.9112699,16700.5422148,0.6309449000000313,35244.897388543555,False,-0.03,-0.0298794531,-8.612753e-07,34692.10495180809,0.03,0.0301196592,8.410736e-07,35810.9673160589
3.0,2,16,2026-05-27T21:50:22.513,16700.5422672,16701.1637636,0.6214964000027976,35363.28657609452,False,-0.03,-0.0298792682,-8.582189e-07,34815.439510828764,0.03,0.0301185895,8.383954e-07,35924.08725047871
3.0,2,17,2026-05-27T21:50:23.135,16701.16382,16701.7856714,0.6218513999992865,35296.736690945436,False,-0.03,-0.0298798995,-8.584146e-07,34808.237767624174,0.03,0.0301188701,8.414244e-07,35795.09947655428
3.0,2,18,2026-05-27T21:50:23.759,16701.7857276,16702.4097297,0.6240021000012348,35331.12665962044,False,-0.03,-0.0298802518,-8.551614e-07,34941.06703132297,0.03,0.030119495,8.430507e-07,35726.789622498385
3.0,2,19,2026-05-27T21:50:24.380,16702.4097834,16703.0304318,0.6206484000031196,35235.0331611145,False,-0.03,-0.029880263,-8.602516e-07,34734.33004948785,0.03,0.0301198154,8.426013e-07,35746.22469725598
0.3,2,0,2026-05-27T21:50:25.851,16704.3433134,16704.5023859,0.15907249999872874,47133.988584019666,False,-0.03,-0.0298763646,-6.89926e-07,43303.723297860925,0.03,0.0301213096,5.829914e-07,51666.81635440935
0.3,2,1,2026-05-27T21:50:26.009,16704.5024541,16704.6604904,0.15803630000300473,39863.819701351706,False,-0.03,-0.0298769704,-7.776981e-07,38417.18322315562,0.03,0.0301159854,7.272494e-07,41410.80817667226
0.3,2,2,2026-05-27T21:50:26.170,16704.6605458,16704.8207195,0.1601736999982677,37047.53274561939,False,-0.03,-0.0298772002,-9.648784e-07,30964.731099794542,0.03,0.0301215273,6.546283e-07,46013.1761795205
0.3,2,3,2026-05-27T21:50:26.329,16704.8207733,16704.9796729,0.15889959999913117,33883.74811924956,False,-0.03,-0.029874841,-9.385209e-07,31831.833473287596,0.03,0.0301209534,8.321154e-07,36198.048251480504
0.3,2,4,2026-05-27T21:50:26.486,16704.9797279,16705.1368307,0.15710279999984778,27772.704044673275,False,-0.03,-0.0298850592,-1.072561e-06,27863.272298731725,0.03,0.0301150073,1.087836e-06,27683.407517309595
0.3,2,5,2026-05-27T21:50:26.652,16705.1369307,16705.3026593,0.1657286000008753,42848.4089434946,False,-0.03,-0.0298767061,-5.134007e-07,58193.73853600121,0.03,0.030119439,8.867947e-07,33964.38769875373
0.3,2,6,2026-05-27T21:50:26.834,16705.302715,16705.4844693,0.18175429999973858,36035.01983686678,False,-0.03,-0.0298782487,-7.981689e-07,37433.49145776038,0.03,0.0301220881,8.668874e-07,34747.40560308063
0.3,2,7,2026-05-27T21:50:26.994,16705.4845241,16705.6451289,0.1606047999994189,54143.109438120744,False,-0.03,-0.0298795081,-5.849043e-07,51084.43911251806,0.03,0.0301201911,5.232644e-07,57562.08735010446
0.3,2,8,2026-05-27T21:50:27.150,16705.6451906,16705.801224,0.15603339999870514,55171.031602052506,False,-0.03,-0.0298785037,-5.70888e-07,52336.89217499755,0.03,0.0301237779,5.166806e-07,58302.513970913555
0.3,2,9,2026-05-27T21:50:27.310,16705.8012777,16705.9613911,0.16011340000113705,40748.45104705674,False,-0.03,-0.0298805917,-9.069712e-07,32945.469161534566,0.03,0.0301245749,5.656042e-07,53260.87553805293
0.3,2,10,2026-05-27T21:50:27.469,16705.9614605,16706.1202965,0.15883600000233855,37411.36284180118,False,-0.03,-0.0298732108,-8.506062e-07,35119.90719089515,0.03,0.0301163809,7.529064e-07,40000.16589047457
0.3,2,11,2026-05-27T21:50:27.662,16706.1203491,16706.3137597,0.1934105999971507,44361.96517801778,False,-0.03,-0.0298763831,-6.100052e-07,48977.259702048446,0.03,0.0301186765,7.423934e-07,40569.698626092315
0.3,2,12,2026-05-27T21:50:27.823,16706.3138138,16706.4743702,0.16055640000195126,25623.788453875422,False,-0.03,-0.0298801496,-1.14492e-06,26098.023966740035,0.03,0.0301156193,1.196489e-06,25169.992620074234
0.3,2,13,2026-05-27T21:50:27.981,16706.474425,16706.6322125,0.15778750000026776,26219.533876011406,False,-0.03,-0.0298802134,-1.115469e-06,26787.130256421293,0.03,0.0301206728,1.172935e-06,25679.745936475596
0.3,2,14,2026-05-27T21:50:28.136,16706.6322675,16706.7872476,0.15498010000010254,33723.55173263078,False,-0.03,-0.0298843104,-8.932303e-07,33456.44499520448,0.03,0.0301161135,8.859543e-07,33992.85211438107
0.3,2,15,2026-05-27T21:50:28.295,16706.7873051,16706.9465019,0.15919680000297376,59717.10714379558,False,-0.03,-0.0298782845,-5.155008e-07,57959.72479577141,0.03,0.0301193975,4.891976e-07,61568.98051012515
0.3,2,16,2026-05-27T21:50:28.456,16706.946556,16707.1067655,0.16020950000165612,63345.27658788287,False,-0.03,-0.0298820992,-4.796057e-07,62305.55475049609,0.03,0.0301193386,4.676068e-07,64411.67793111649
0.3,2,17,2026-05-27T21:50:28.649,16707.1068253,16707.2999602,0.19313490000058664,36925.258141034974,False,-0.03,-0.0298781457,-1.176316e-06,25399.761373644495,0.03,0.0301201517,4.485419e-07,67151.2554345536
0.3,2,18,2026-05-27T21:50:28.807,16707.3000152,16707.4581985,0.15818330000183778,29532.136966338265,False,-0.03,-0.0298810789,-1.081818e-06,27621.170011961345,0.03,0.0301151141,9.497381e-07,31708.861737778025
0.3,2,19,2026-05-27T21:50:28.967,16707.4582564,16707.618207,0.15995059999841033,28502.958205206825,False,-0.03,-0.0298832488,-1.202541e-06,24850.08727353163,0.03,0.030120566,9.026375e-07,33369.504369140435
0.3,2,20,2026-05-27T21:50:29.126,16707.618261,16707.7768938,0.1586328000012145,25146.986388465,False,-0.03,-0.0298794389,-1.2282e-06,24327.828448135482,0.03,0.0301210443,1.157791e-06,26015.95996168566
0.3,2,21,2026-05-27T21:50:29.282,16707.7769512,16707.9333914,0.15644020000036107,24762.761915728828,False,-0.03,-0.0298809852,-1.226662e-06,24359.591476706704,0.03,0.030115943,1.196207e-06,25176.196929126814
0.3,2,22,2026-05-27T21:50:29.443,16707.9334478,16708.0943295,0.1608817000014824,30529.29608863278,False,-0.03,-0.0298755014,-9.852105e-07,30323.977870718998,0.03,0.0301260658,9.801662e-07,30735.670950497988
0.3,2,23,2026-05-27T21:50:29.605,16708.0943854,16708.2556495,0.16126409999924363,51944.7937874104,False,-0.03,-0.0298790737,-6.893629e-07,43343.025422458915,0.03,0.0301176566,4.656466e-07,64679.21509573999
0.3,2,24,2026-05-27T21:50:29.787,16708.255705,16708.4379665,0.1822615000019141,34147.66309705673,False,-0.03,-0.0298785157,-1.226938e-06,24352.09904656959,0.03,0.0301214348,5.301354e-07,56818.38036094175
0.3,2,25,2026-05-27T21:50:29.945,16708.4380248,16708.5960901,0.15806529999827035,25074.06516795989,False,-0.03,-0.0298795201,-1.207592e-06,24743.058996747244,0.03,0.0301192827,1.185271e-06,25411.30484083387
0.3,2,26,2026-05-27T21:50:30.105,16708.5961438,16708.7560164,0.1598725999974704,25057.10292936721,False,-0.03,-0.0298825367,-1.195807e-06,24989.43115402402,0.03,0.0301212316,1.198874e-06,25124.601584486776
0.3,2,27,2026-05-27T21:50:30.263,16708.7560738,16708.9138715,0.15779770000153803,24581.249431540236,False,-0.03,-0.0298810222,-1.219785e-06,24496.958234442955,0.03,0.0301170389,1.221021e-06,24665.455303389543
0.3,2,28,2026-05-27T21:50:30.422,16708.9139262,16709.0721256,0.15819940000073984,28532.837614176824,False,-0.03,-0.0298851352,-1.084904e-06,27546.340690051835,0.03,0.0301253286,1.018303e-06,29583.855296508016
0.3,2,29,2026-05-27T21:50:30.581,16709.0721842,16709.2310471,0.15886289999980363,36335.177411502875,False,-0.03,-0.0298801614,-8.520086e-07,35070.257976269255,0.03,0.0301209128,7.993133e-07,37683.487563637435
0.3,2,30,2026-05-27T21:50:30.741,16709.2311024,16709.3923164,0.16121399999974528,35388.492138527436,False,-0.03,-0.0298788769,-1.029515e-06,29022.28418235771,0.03,0.0301221912,6.659816e-07,45229.76490641783
0.3,2,31,2026-05-27T21:50:30.924,16709.3923727,16709.5748788,0.18250609999813605,35899.16286786687,False,-0.03,-0.0298812203,-8.696737e-07,34359.11687337446,0.03,0.0301145233,8.015559e-07,37570.085005924106
0.3,2,32,2026-05-27T21:50:31.080,16709.5749331,16709.7309005,0.15596739999818965,27780.243622513346,False,-0.03,-0.0298842492,-1.111821e-06,26878.65150955055,0.03,0.0301205492,1.04816e-06,28736.594794687833
0.3,2,33,2026-05-27T21:50:31.240,16709.730952,16709.8909966,0.16004459999749088,35737.35511553829,False,-0.03,-0.0298818654,-7.2708e-07,41098.4560158442,0.03,0.0301184378,9.51844e-07,31642.19956211312
0.3,2,34,2026-05-27T21:50:31.399,16709.891053,16710.049865,0.15881200000148965,41549.36040346796,False,-0.03,-0.0298822321,-7.022653e-07,42551.201234063534,0.03,0.030124958,7.419733e-07,40601.13483867951
0.3,2,35,2026-05-27T21:50:31.556,16710.0499196,16710.2067203,0.1568007000023499,51914.94261924148,False,-0.03,-0.0298786293,-6.170122e-07,48424.697761243624,0.03,0.0301195218,5.386888e-07,55912.6564354039
0.3,2,36,2026-05-27T21:50:31.716,16710.2067756,16710.3676251,0.16084950000004028,60859.025529328734,False,-0.03,-0.0298799843,-4.978368e-07,60019.63755993932,0.03,0.0301131451,4.879353e-07,61715.446904538374
0.3,2,37,2026-05-27T21:50:31.876,16710.3676998,16710.5271818,0.15948199999911594,34873.55006616828,False,-0.03,-0.0298815557,-1.231275e-06,24268.79104992792,0.03,0.0301223279,4.89338e-07,61557.303745059646
0.3,2,38,2026-05-27T21:50:32.061,16710.5272319,16710.7126211,0.18538919999991776,27365.14141812217,False,-0.03,-0.0298751315,-1.065981e-06,28025.951213014116,0.03,0.0301192194,1.126383e-06,26739.76737930171
0.3,2,39,2026-05-27T21:50:32.218,16710.7126875,16710.8685798,0.15589230000114185,35079.02515003149,False,-0.03,-0.0298829107,-9.012248e-07,33158.109608168794,0.03,0.0301194426,8.092661e-07,37218.21858100815
0.3,2,40,2026-05-27T21:50:32.378,16710.8686339,16711.0288509,0.16021699999691918,45714.0705093384,False,-0.03,-0.0298798794,-5.407401e-07,55257.37669538472,0.03,0.0301230107,7.718293e-07,39028.07356497091
0.3,2,41,2026-05-27T21:50:32.536,16711.028911,16711.1866865,0.1577754999998433,55802.269612038384,False,-0.03,-0.0298772492,-5.03584e-07,59329.22650441634,0.03,0.0301221658,5.716306e-07,52695.159776261105
0.3,2,42,2026-05-27T21:50:32.693,16711.1867403,16711.3438472,0.15710690000196337,58600.30133681464,False,-0.03,-0.0298793534,-5.056868e-07,59086.67855281175,0.03,0.0301217354,5.182173e-07,58125.684727237
0.3,2,43,2026-05-27T21:50:32.853,16711.3438986,16711.5035846,0.15968599999905564,41007.98019409909,False,-0.03,-0.0298818561,-7.154441e-07,41766.86354671176,0.03,0.0301193761,7.477158e-07,40281.850537329825
0.3,2,44,2026-05-27T21:50:33.011,16711.5036357,16711.6619234,0.15828770000007353,33746.17859735564,False,-0.03,-0.0298809895,-1.001608e-06,29833.01800704467,0.03,0.0301218893,7.764564e-07,38794.05115341956
0.3,2,45,2026-05-27T21:50:33.195,16711.6620084,16711.8462325,0.18422410000130185,41632.676658096534,False,-0.03,-0.0298811808,-5.052667e-07,59139.4224080075,0.03,0.0301168519,9.358617e-07,32180.8787559102
0.3,2,46,2026-05-27T21:50:33.352,16711.846295,16712.0027114,0.15641640000103507,59485.924195866304,False,-0.03,-0.0298756652,-5.324671e-07,56108.00216576761,0.03,0.0301150506,4.760188e-07,63264.414346660255
0.3,2,47,2026-05-27T21:50:33.512,16712.0027674,16712.1626699,0.15990249999958905,42795.524367559636,False,-0.03,-0.0298817165,-8.207404e-07,36408.24370288096,0.03,0.0301136244,5.811665e-07,51815.82971489238
0.3,2,48,2026-05-27T21:50:33.669,16712.1627245,16712.3203059,0.15758139999888954,37030.125209913494,False,-0.03,-0.0298767908,-8.525662e-07,35043.36765872257,0.03,0.0301190922,7.67625e-07,39236.72652662433
0.3,2,49,2026-05-27T21:50:33.827,16712.3203621,16712.4775403,0.15717819999917992,26910.487650400293,False,-0.03,-0.0298766154,-1.115331e-06,26787.218682167,0.03,0.0301171952,1.114053e-06,27033.898028190757
0.3,2,50,2026-05-27T21:50:33.985,16712.4775944,16712.6355938,0.1579994000021543,24577.697235534037,False,-0.03,-0.0298781458,-1.242499e-06,24046.816778122156,0.03,0.0301216906,1.198732e-06,25127.96071181882
0.3,2,51,2026-05-27T21:50:34.143,16712.6356465,16712.7939513,0.15830479999931413,27337.925122257606,False,-0.03,-0.0298822468,-1.100465e-06,27154.20008814456,0.03,0.0301176917,1.094286e-06,27522.687578932746
0.3,2,52,2026-05-27T21:50:34.298,16712.794006,16712.9493343,0.15532829999938258,33379.72285231626,False,-0.03,-0.0298833787,-9.268807e-07,32240.803697822168,0.03,0.0301278787,8.70955e-07,34591.77420188184
0.3,2,53,2026-05-27T21:50:34.459,16712.9493874,16713.1104348,0.1610474000008253,30063.587838185136,False,-0.03,-0.0298862802,-1.196371e-06,24980.77954079462,0.03,0.0301237497,7.997324e-07,37667.286832445454
0.3,2,54,2026-05-27T21:50:34.641,16713.1104943,16713.2920822,0.18158790000234148,28733.39981667991,False,-0.03,-0.029874802,-9.476327e-07,31525.718772684817,0.03,0.030121735,1.140409e-06,26413.098283159816
0.3,2,55,2026-05-27T21:50:34.800,16713.2921377,16713.4512802,0.15914250000059837,36601.30705037885,False,-0.03,-0.0298788341,-7.671816e-07,38946.23398162834,0.03,0.0301147526,8.719289e-07,34538.08286432529
0.3,2,56,2026-05-27T21:50:34.957,16713.4513364,16713.6084594,0.15712299999722745,46528.883359161846,False,-0.03,-0.0298781486,-6.845966e-07,43643.43702554176,0.03,0.03012529,6.049989e-07,49793.95830306468
0.3,2,57,2026-05-27T21:50:35.118,16713.6085192,16713.7691544,0.16063520000170683,64017.604519901804,False,-0.03,-0.0298799341,-4.7358e-07,63093.741500907985,0.03,0.0301211611,4.636793e-07,64961.194299594565
0.3,2,58,2026-05-27T21:50:35.276,16713.7692117,16713.9276203,0.15840860000025714,59636.87440078226,False,-0.03,-0.0298836976,-5.084954e-07,58768.8651657419,0.03,0.0301171645,4.97608e-07,60523.87521904793
0.3,2,59,2026-05-27T21:50:35.434,16713.9276783,16714.0849768,0.1572985000020708,61051.44784450493,False,-0.03,-0.029880366,-5.007795e-07,59667.71004004756,0.03,0.0301141836,4.819089e-07,62489.3700863379
0.3,2,60,2026-05-27T21:50:35.596,16714.0850306,16714.246251,0.16122040000118432,26641.65330129196,False,-0.03,-0.0298840164,-1.040879e-06,28710.36537388112,0.03,0.0301153313,1.211209e-06,24863.860242121715
0.3,2,61,2026-05-27T21:50:35.771,16714.2463063,16714.4218453,0.17553899999984424,37146.13711005632,False,-0.03,-0.0298829643,-5.153647e-07,57984.11163977664,0.03,0.0301175454,1.099891e-06,27382.300064279098
0.3,2,62,2026-05-27T21:50:35.931,16714.4218982,16714.5818207,0.1599225000027218,32741.477227771607,False,-0.03,-0.029878083,-1.010307e-06,29573.27129278526,0.03,0.0301244,8.223068e-07,36634.01543073704
0.3,2,63,2026-05-27T21:50:36.087,16714.5818736,16714.7378225,0.1559488999992027,28212.350101523272,False,-0.03,-0.029877557,-1.012973e-06,29494.919410487742,0.03,0.030118996,1.113633e-06,27045.71075031002
0.3,2,64,2026-05-27T21:50:36.245,16714.7378755,16714.8961591,0.15828360000159591,24918.00776578073,False,-0.03,-0.0298773019,-1.215436e-06,24581.550900253078,0.03,0.0301252608,1.192564e-06,25260.91748535089
0.3,2,65,2026-05-27T21:50:36.406,16714.8962087,16715.0566567,0.1604479999987234,25842.395256780797,False,-0.03,-0.029879305,-1.129345e-06,26457.19864169054,0.03,0.0301171751,1.192285e-06,25260.046968635856
0.3,2,66,2026-05-27T21:50:36.564,16715.0567085,16715.2148165,0.1581079999996291,25719.49651432334,False,-0.03,-0.02988659,-1.17757e-06,25379.883998403493,0.03,0.0301163781,1.155406e-06,26065.62377207666
0.3,2,67,2026-05-27T21:50:36.723,16715.2148727,16715.3740815,0.15920879999976023,29483.530482346043,False,-0.03,-0.0298719243,-9.767965e-07,30581.52266106605,0.03,0.0301161071,1.057832e-06,28469.650284733303
0.3,2,68,2026-05-27T21:50:36.885,16715.3741325,16715.5353156,0.16118309999728808,41040.75136579034,False,-0.03,-0.0298792093,-9.244989e-07,32319.356248017168,0.03,0.030119049,5.374202e-07,56043.760543425786
0.3,2,69,2026-05-27T21:50:37.065,16715.5353813,16715.7158922,0.18051090000153636,32631.0019787849,False,-0.03,-0.0298796811,-9.979661e-07,29940.577240048533,0.03,0.0301124813,8.405359e-07,35825.33631222652
0.3,2,70,2026-05-27T21:50:37.223,16715.7159459,16715.873768,0.15782210000179475,27753.819537763327,False,-0.03,-0.0298771146,-1.042274e-06,28665.316989582392,0.03,0.0301208982,1.119519e-06,26905.21393562771
0.3,2,71,2026-05-27T21:50:37.380,16715.8738212,16716.0310277,0.15720650000002934,36582.09165985765,False,-0.03,-0.0298758553,-8.367248e-07,35705.712678768454,0.03,0.0301226198,8.033803e-07,37494.84496943726
0.3,2,72,2026-05-27T21:50:37.540,16716.0310815,16716.1912948,0.1602132999978494,49506.91254240198,False,-0.03,-0.0298776933,-5.420012e-07,55124.77333998523,0.03,0.0301203776,6.699118e-07,44961.706302232626
0.3,2,73,2026-05-27T21:50:37.698,16716.191348,16716.3488305,0.15748249999887776,55718.231797944594,False,-0.03,-0.029877231,-5.895329e-07,50679.497276572685,0.03,0.030126212,4.873757e-07,61813.118709036986
2.0,2,0,2026-05-27T21:50:39.929,16718.1819422,16718.5796115,0.3976693000004161,35225.26674926602,False,-0.03,-0.0298799885,-8.592349e-07,34775.11039181486,0.03,0.0301199974,8.440875e-07,35683.50129577799
2.0,2,1,2026-05-27T21:50:40.325,16718.5796677,16718.9759652,0.39629749999949127,35269.85933038605,False,-0.03,-0.0298801367,-8.585404e-07,34803.41367744605,0.03,0.0301194067,8.426159e-07,35745.12028552986
2.0,2,2,2026-05-27T21:50:40.721,16718.9760189,16719.3721222,0.39610329999777605,35292.67339645257,False,-0.03,-0.0298807249,-8.581836e-07,34818.56901017451,0.03,0.0301197774,8.419002e-07,35775.94755292848
2.0,2,3,2026-05-27T21:50:41.117,16719.3721788,16719.7683319,0.396153099998628,35289.21780103893,False,-0.03,-0.029880218,-8.583096e-07,34812.86705869304,0.03,0.0301196076,8.419215e-07,35774.84076603341
2.0,2,4,2026-05-27T21:50:41.513,16719.7683882,16720.1639174,0.3955292000027839,35309.64062768866,False,-0.03,-0.0298809019,-8.577624e-07,34835.87284777229,0.03,0.0301194569,8.415004e-07,35792.56397263745
2.0,2,5,2026-05-27T21:50:41.909,16720.1639735,16720.560087,0.3961135000026843,35389.26984161436,False,-0.03,-0.0298812295,-8.560798e-07,34904.72441938239,0.03,0.0301197487,8.39377e-07,35883.45725460669
2.0,2,6,2026-05-27T21:50:42.306,16720.5601414,16720.9566342,0.3964927999986685,35280.81237207898,False,-0.03,-0.0298798856,-8.614848e-07,34684.17039975633,0.03,0.0301190132,8.391251e-07,35893.35273131503
2.0,2,7,2026-05-27T21:50:42.702,16720.9566873,16721.3519879,0.3953006000010646,35221.754320464766,False,-0.03,-0.0298805155,-8.617586e-07,34673.881409480564,0.03,0.0301194436,8.417329e-07,35782.661697077536
2.0,2,8,2026-05-27T21:50:43.096,16721.3520431,16721.7470724,0.3950293000016245,35251.73233337227,False,-0.03,-0.0298798914,-8.60307e-07,34731.66137204509,0.03,0.030119953,8.417326e-07,35783.27963060953
2.0,2,9,2026-05-27T21:50:43.493,16721.7471267,16722.1435887,0.3964620000006107,35201.16207889352,False,-0.03,-0.0298800683,-8.619903e-07,34664.04239119628,0.03,0.0301196014,8.424895e-07,35750.71428189906
2.0,2,10,2026-05-27T21:50:43.892,16722.1436438,16722.5433011,0.3996573000003991,35253.3715779727,False,-0.03,-0.0298803314,-8.588979e-07,34789.15410085413,0.03,0.0301193312,8.430574e-07,35726.311399437334
2.0,2,11,2026-05-27T21:50:44.287,16722.5434023,16722.9379316,0.39452929999970365,35329.12050324318,False,-0.03,-0.0298803959,-8.584987e-07,34805.4061118555,0.03,0.0301189152,8.397975e-07,35864.49733417877
2.0,2,12,2026-05-27T21:50:44.683,16722.9379925,16723.333524,0.39553150000210735,35287.49506188313,False,-0.03,-0.0298794036,-8.614433e-07,34685.28178232972,0.03,0.030119709,8.388506e-07,35905.92770631624
2.0,2,13,2026-05-27T21:50:45.080,16723.333583,16723.7316261,0.3980431000018143,35249.01800317717,False,-0.03,-0.0298787555,-8.609584e-07,34704.06409879967,0.03,0.030120149,8.411856e-07,35806.78152360192
2.0,2,14,2026-05-27T21:50:45.477,16723.7316814,16724.1272379,0.3955564999996568,35193.18685538143,False,-0.03,-0.0298798277,-8.612331e-07,34694.23980569256,0.03,0.0301180909,8.435832e-07,35702.573142755806
2.0,2,15,2026-05-27T21:50:45.873,16724.1272916,16724.5233824,0.39609079999718233,35315.05580600794,False,-0.03,-0.0298803227,-8.590874e-07,34781.470080925414,0.03,0.0301181172,8.398605e-07,35860.85689230533
2.0,2,16,2026-05-27T21:50:46.268,16724.5234397,16724.9193285,0.3958888000015577,35311.42728860841,False,-0.03,-0.0298808368,-8.579096e-07,34829.8198318331,0.03,0.0301188609,8.412485e-07,35802.57308036805
2.0,2,17,2026-05-27T21:50:46.664,16724.9193794,16725.3152028,0.3958234000019729,35296.24526420949,False,-0.03,-0.029879976,-8.58015e-07,34824.53803255188,0.03,0.0301192148,8.418596e-07,35777.00462167325
2.0,2,18,2026-05-27T21:50:47.061,16725.3152571,16725.7111235,0.39586640000197804,35343.83517891579,False,-0.03,-0.0298804566,-8.581415e-07,34819.964539647604,0.03,0.0301193511,8.394617e-07,35879.3630489634
2.0,2,19,2026-05-27T21:50:47.457,16725.7111825,16726.1084529,0.397270400000707,35214.46937868059,False,-0.03,-0.0298797966,-8.619898e-07,34663.7472972418,0.03,0.0301188417,8.418166e-07,35778.38890323617
2.0,2,20,2026-05-27T21:50:47.854,16726.1085063,16726.5052157,0.39670939999996335,35222.83398991972,False,-0.03,-0.0298800119,-8.614635e-07,34685.17458952121,0.03,0.0301187819,8.419427e-07,35772.95925245269
2.0,2,21,2026-05-27T21:50:48.250,16726.5052761,16726.9007282,0.3954520999977831,35217.005412967854,False,-0.03,-0.0298808626,-8.601189e-07,34740.38600942265,0.03,0.0301191736,8.436045e-07,35702.95511700092
2.0,2,22,2026-05-27T21:50:48.649,16726.9007831,16727.29927,0.3984868999978062,35146.428872689954,False,-0.03,-0.0298797699,-8.620947e-07,34659.49842865291,0.03,0.03011898,8.450133e-07,35643.20230225962
2.0,2,23,2026-05-27T21:50:49.045,16727.2993273,16727.6956154,0.3962881000006746,35279.65882439689,False,-0.03,-0.0298803461,-8.59886e-07,34749.19477698207,0.03,0.030118803,8.407866e-07,35822.17295090098
2.0,2,24,2026-05-27T21:50:49.442,16727.695669,16728.0920722,0.3964032000003499,35325.962164762605,False,-0.03,-0.0298803533,-8.567949e-07,34874.569514827876,0.03,0.0301195323,8.416694e-07,35785.46671650413
2.0,2,25,2026-05-27T21:50:49.837,16728.0921265,16728.4886265,0.39649999999892316,35273.02948882617,False,-0.03,-0.0298806594,-8.602871e-07,34733.35750355898,0.03,0.0301191306,8.407233e-07,35825.25974955137
2.0,2,26,2026-05-27T21:50:50.233,16728.4886836,16728.8835739,0.3948902999982238,35185.877149591855,False,-0.03,-0.0298797125,-8.631045e-07,34618.881607036,0.03,0.0301205295,8.42132e-07,35766.99317921656
2.0,2,27,2026-05-27T21:50:50.629,16728.8836287,16729.2796216,0.3959928999975091,35269.188570484024,False,-0.03,-0.0298796981,-8.615906e-07,34679.6936967511,0.03,0.0301202067,8.396083e-07,35874.11737115986
2.0,2,28,2026-05-27T21:50:51.025,16729.2796784,16729.6761397,0.3964613000025565,35224.784080431025,False,-0.03,-0.0298794638,-8.631044e-07,34618.597472101865,0.03,0.0301204115,8.402382e-07,35847.46742054813
2.0,2,29,2026-05-27T21:50:51.421,16729.6761951,16730.0715501,0.39535500000056345,35304.63547010846,False,-0.03,-0.0298795299,-8.594868e-07,34764.384863153224,0.03,0.0301197731,8.39987e-07,35857.42767447592
2.0,2,30,2026-05-27T21:50:51.816,16730.0716055,16730.467218,0.3956125000004249,35314.80624883278,False,-0.03,-0.0298798288,-8.578886e-07,34829.49744290809,0.03,0.0301204402,8.411231e-07,35809.788365103755
10.0,2,0,2026-05-27T21:50:58.795,16735.7057117,16737.4456693,1.7399575999988883,35235.641052263636,False,-0.03,-0.0298800008,-8.595499e-07,34762.38063665646,0.03,0.0301196998,8.432629e-07,35718.0421432035
10.0,2,1,2026-05-27T21:51:00.533,16737.4457259,16739.1834501,1.7377242000002298,35241.83888504948,False,-0.03,-0.029879425,-8.600462e-07,34741.6510880462,0.03,0.0301204612,8.424724e-07,35752.46049603524
10.0,2,2,2026-05-27T21:51:02.273,16739.1835095,16740.9242214,1.7407119000017701,35242.27103385301,False,-0.03,-0.0298786498,-8.599874e-07,34743.12507369294,0.03,0.0301203369,8.424848e-07,35751.78673846697
10.0,2,3,2026-05-27T21:51:04.016,16740.924275,16742.6671376,1.7428626000000804,35279.180465109384,False,-0.03,-0.0298805355,-8.588854e-07,34789.89804693385,0.03,0.0301200156,8.4185e-07,35778.36384153947
10.0,2,4,2026-05-27T21:51:05.753,16742.6671917,16744.4041105,1.736918800001149,35255.562189644086,False,-0.03,-0.0298790167,-8.596173e-07,34758.51021146271,0.03,0.0301194737,8.42199e-07,35762.894161593635
10.0,2,5,2026-05-27T21:51:07.491,16744.4041631,16746.1422809,1.7381177999995998,35238.3844114701,False,-0.03,-0.0298786595,-8.602818e-07,34731.246784483876,0.03,0.0301195,8.423547e-07,35756.31500601825
10.0,2,6,2026-05-27T21:51:09.230,16746.1423356,16747.8811427,1.7388070999986667,35219.57401856156,False,-0.03,-0.0298790072,-8.603365e-07,34729.44272386444,0.03,0.0301194073,8.432166e-07,35719.656491582355
1.0,2,0,2026-05-27T21:51:10.958,16749.3751211,16749.6094149,0.23429379999652156,35508.00633447411,False,-0.03,-0.0298800702,-8.511374e-07,35106.04774270288,0.03,0.0301169062,8.385372e-07,35916.00491904235
1.0,2,1,2026-05-27T21:51:11.184,16749.6094698,16749.8350807,0.22561089999726391,35044.84842941663,False,-0.03,-0.0298815097,-8.59886e-07,34750.547979615905,0.03,0.0301214352,8.522899e-07,35341.77185485831
1.0,2,2,2026-05-27T21:51:11.410,16749.8351319,16750.0610303,0.2258984000000055,35082.61741192892,False,-0.03,-0.0298794963,-8.675423e-07,34441.54400309933,0.03,0.0301203256,8.427013e-07,35742.58826941408
1.0,2,3,2026-05-27T21:51:11.635,16750.0610988,16750.2859281,0.22482929999750922,34974.278791856676,False,-0.03,-0.0298807397,-8.654812e-07,34525.00146739178,0.03,0.030119087,8.500603e-07,35431.70643306128
1.0,2,4,2026-05-27T21:51:11.870,16750.2859817,16750.5213261,0.23534440000003087,35143.13545933507,False,-0.03,-0.0298797784,-8.660277e-07,34502.10472482578,0.03,0.0301185083,8.412271e-07,35803.06471344064
1.0,2,5,2026-05-27T21:51:12.095,16750.5213836,16750.7468011,0.2254174999980023,35351.59445946129,False,-0.03,-0.0298817727,-8.548798e-07,34954.355805342464,0.03,0.03011847,8.423631e-07,35754.73569533139
1.0,2,6,2026-05-27T21:51:12.322,16750.7468499,16750.9726154,0.2257655000030354,35466.97496152078,False,-0.03,-0.0298805818,-8.519366e-07,35073.71534454559,0.03,0.0301186231,8.397556e-07,35865.938970814845
1.0,2,7,2026-05-27T21:51:12.548,16750.9726697,16751.1987635,0.22609379999994417,35177.35820871372,False,-0.03,-0.0298805484,-8.602223e-07,34735.84490892645,0.03,0.030121373,8.454749e-07,35626.572710792476
1.0,2,8,2026-05-27T21:51:12.774,16751.1988178,16751.4249115,0.22609369999918272,35217.115508650575,False,-0.03,-0.0298809214,-8.648096e-07,34552.02324303523,0.03,0.0301207991,8.389563e-07,35902.70327548646
1.0,2,9,2026-05-27T21:51:12.999,16751.424977,16751.6502758,0.22529880000001867,35112.543572317925,False,-0.03,-0.0298798884,-8.63967e-07,34584.525103389366,0.03,0.0301193165,8.448014e-07,35652.54094039143
1.0,2,10,2026-05-27T21:51:13.214,16751.6503276,16751.8649308,0.21460319999823696,35094.82006803958,False,-0.03,-0.0298787071,-8.658592e-07,34507.58171767419,0.03,0.0301212152,8.437926e-07,35697.41569196032
1.0,2,11,2026-05-27T21:51:13.429,16751.8649832,16752.0801604,0.2151771999997436,35163.128246329215,False,-0.03,-0.0298806488,-8.63254e-07,34613.97085909825,0.03,0.0301192905,8.430771e-07,35725.42831491924
1.0,2,12,2026-05-27T21:51:13.652,16752.0802143,16752.3032742,0.22305989999949816,34853.52088916494,False,-0.03,-0.0298792932,-8.718752e-07,34270.14921401595,0.03,0.0301200462,8.495962e-07,35452.19034642575
1.0,2,13,2026-05-27T21:51:13.887,16752.3033621,16752.5372233,0.2338612000021385,35182.41858051503,False,-0.03,-0.0298799484,-8.599279e-07,34747.039141304755,0.03,0.0301216435,8.455146e-07,35625.21983653505
1.0,2,14,2026-05-27T21:51:14.113,16752.5372796,16752.7633477,0.22606810000070254,35262.38949822801,False,-0.03,-0.0298799054,-8.594654e-07,34765.68736798479,0.03,0.0301202422,8.420684e-07,35769.353415945785
1.0,2,15,2026-05-27T21:51:14.347,16752.7634044,16752.9981325,0.23472810000021127,35491.98856602957,False,-0.03,-0.0298797858,-8.484456e-07,35217.09087771803,0.03,0.0301184058,8.420258e-07,35768.982138077
1.0,2,16,2026-05-27T21:51:14.573,16752.9981905,16753.2235152,0.2253247000007832,34956.04491830596,False,-0.03,-0.0298806228,-8.716633e-07,34280.00559390306,0.03,0.0301187262,8.447594e-07,35653.61474521621
1.0,2,17,2026-05-27T21:51:14.799,16753.2235721,16753.449863,0.22629090000191354,35342.46735191392,False,-0.03,-0.029881058,-8.566471e-07,34881.4091590341,0.03,0.0301185977,8.410175e-07,35812.093921945736
1.0,2,18,2026-05-27T21:51:15.024,16753.4499157,16753.6752058,0.2252900999992562,35208.10809288288,False,-0.03,-0.0298795284,-8.658164e-07,34510.23611934355,0.03,0.0301200803,8.383254e-07,35928.86521152765
1.0,2,19,2026-05-27T21:51:15.247,16753.6752717,16753.898705,0.22343329999785055,35418.209781714606,False,-0.03,-0.029881207,-8.524415e-07,35053.674650987785,0.03,0.0301204103,8.41648e-07,35787.41980020151
1.0,2,20,2026-05-27T21:51:15.473,16753.8987651,16754.123826,0.22506090000024415,35085.486318300544,False,-0.03,-0.0298807431,-8.606433e-07,34719.07943743941,0.03,0.0301209364,8.495134e-07,35456.69367899317
1.0,2,21,2026-05-27T21:51:15.701,16754.1238796,16754.3514072,0.22752760000003036,35188.62204224254,False,-0.03,-0.0298794614,-8.504639e-07,35133.133105355795,0.03,0.0301165269,8.545187e-07,35243.84767706078
1.0,2,22,2026-05-27T21:51:15.924,16754.351462,16754.5753997,0.22393770000053337,35357.32907858787,False,-0.03,-0.0298790405,-8.494973e-07,35172.613850567854,0.03,0.0301176126,8.473688e-07,35542.508291549086
1.0,2,23,2026-05-27T21:51:16.138,16754.5754574,16754.789111,0.21365359999981592,35442.59756081641,False,-0.03,-0.0298811257,-8.575304e-07,34845.55847816008,0.03,0.0301185738,8.353393e-07,36055.49720933757
1.0,2,24,2026-05-27T21:51:16.354,16754.7891657,16755.0047862,0.21562049999920418,35335.68484353072,False,-0.03,-0.0298805248,-8.539971e-07,34989.02373321877,0.03,0.0301195034,8.440039e-07,35686.45050099887
1.0,2,25,2026-05-27T21:51:16.578,16755.0048482,16755.2286678,0.22381959999984247,35124.132527423324,False,-0.03,-0.029879511,-8.664904e-07,34483.372233552735,0.03,0.0301188578,8.416904e-07,35783.77251302854
1.0,2,26,2026-05-27T21:51:16.814,16755.228724,16755.4640904,0.2353664000002027,35097.49780450928,False,-0.03,-0.0298806014,-8.641768e-07,34576.95392887196,0.03,0.0301195082,8.453499e-07,35629.63478199973
1.0,2,27,2026-05-27T21:51:17.037,16755.4641493,16755.6884047,0.22425539999676403,35089.645776917314,False,-0.03,-0.0298816057,-8.667853e-07,34474.05683968106,0.03,0.0301213447,8.432049e-07,35722.449786522826
1.0,2,28,2026-05-27T21:51:17.264,16755.6884653,16755.9144097,0.22594439999738825,34942.85196468647,False,-0.03,-0.0298792479,-8.706544e-07,34318.14954360766,0.03,0.0301210673,8.46444e-07,35585.42242605535
1.0,2,29,2026-05-27T21:51:17.489,16755.9144651,16756.1401262,0.22566110000116169,35322.6244689933,False,-0.03,-0.0298794105,-8.52904e-07,35032.5599364055,0.03,0.0301192356,8.456857e-07,35615.16483014907
1.0,2,30,2026-05-27T21:51:17.714,16756.1401811,16756.3653394,0.22515829999974812,35467.156763758394,False,-0.03,-0.0298801137,-8.528623e-07,35035.097342208705,0.03,0.0301179446,8.387889e-07,35906.46538121809
1.0,2,31,2026-05-27T21:51:17.940,16756.3653943,16756.5917784,0.22638410000217846,35193.56701128164,False,-0.03,-0.0298807928,-8.585423e-07,34804.100857930935,0.03,0.0301192837,8.463169e-07,35588.659165378835
1.0,2,32,2026-05-27T21:51:18.167,16756.5918309,16756.8178504,0.22601949999807402,35310.41540178029,False,-0.03,-0.029881558,-8.579518e-07,34828.94726720079,0.03,0.030120135,8.413115e-07,35801.406494502924
1.0,2,33,2026-05-27T21:51:18.399,16756.8179055,16757.0494832,0.2315777000003436,35205.01734453653,False,-0.03,-0.0298808932,-8.676686e-07,34438.14055274099,0.03,0.0301194368,8.366433e-07,36000.33228019635
1.0,2,34,2026-05-27T21:51:18.622,16757.0495368,16757.2730487,0.2235118999997212,35233.369959504504,False,-0.03,-0.0298799893,-8.600548e-07,34741.959814653674,0.03,0.0301182364,8.428259e-07,35734.82542480007
1.0,2,35,2026-05-27T21:51:18.846,16757.2731032,16757.4967013,0.22359809999761637,35154.8067624698,False,-0.03,-0.0298795207,-8.671211e-07,34458.30196036055,0.03,0.0301180068,8.395453e-07,35874.1890401864
1.0,2,36,2026-05-27T21:51:19.071,16757.4967542,16757.7224468,0.22569259999727365,34869.675088028904,False,-0.03,-0.0298814671,-8.686358e-07,34400.45540374919,0.03,0.030122214,8.521626e-07,35347.965282681966
1.0,2,37,2026-05-27T21:51:19.306,16757.722502,16757.9573193,0.23481729999912204,35226.938797700575,False,-0.03,-0.0298807055,-8.605586e-07,34722.45295090886,0.03,0.0301198563,8.426993e-07,35742.11619731973
1.0,2,38,2026-05-27T21:51:19.532,16757.9573754,16758.1822159,0.22484049999911804,35303.01504057619,False,-0.03,-0.0298819968,-8.528192e-07,35039.0760433161,0.03,0.0301174507,8.467367e-07,35568.850033310235
1.0,2,39,2026-05-27T21:51:19.757,16758.1822738,16758.4074599,0.22518610000042827,35449.0443918133,False,-0.03,-0.0298820972,-8.565216e-07,34887.73336247446,0.03,0.0301196076,8.360968e-07,36024.067548159495
1.0,2,40,2026-05-27T21:51:19.981,16758.4075161,16758.6320893,0.2245732000010321,35201.47734387179,False,-0.03,-0.0298815568,-8.651444e-07,34539.38648854457,0.03,0.0301171542,8.392929e-07,35883.961606252116
1.0,2,41,2026-05-27T21:51:20.195,16758.6321454,16758.8460507,0.21390530000280705,35220.66903094032,False,-0.03,-0.0298808968,-8.615269e-07,34683.64922789991,0.03,0.0301193972,8.420266e-07,35770.12555185311
1.0,2,42,2026-05-27T21:51:20.411,16758.846106,16759.0614835,0.2153775000006135,35567.58166704745,False,-0.03,-0.0298783,-8.571527e-07,34857.61638503851,0.03,0.0301190672,8.297027e-07,36301.03553959749
1.0,2,43,2026-05-27T21:51:20.645,16759.0615347,16759.2958765,0.23434180000185734,35005.50232160644,False,-0.03,-0.0298784415,-8.693082e-07,34370.36657424835,0.03,0.0301204854,8.446774e-07,35659.158632633
1.0,2,44,2026-05-27T21:51:20.872,16759.2959306,16759.5234399,0.22750929999892833,34906.88916795607,False,-0.03,-0.0298797375,-8.757855e-07,34117.64353257733,0.03,0.0301189741,8.43036e-07,35726.79470390351
1.0,2,45,2026-05-27T21:51:21.097,16759.5234955,16759.7478018,0.22430629999871599,35171.08897389816,False,-0.03,-0.0298827552,-8.660278e-07,34505.53804392884,0.03,0.0301203993,8.400085e-07,35857.2553730111
1.0,2,46,2026-05-27T21:51:21.323,16759.7478575,16759.9733998,0.2255423000024166,35027.594973656946,False,-0.03,-0.0298820187,-8.637139e-07,34597.12608538545,0.03,0.0301193758,8.492611e-07,35465.38961928199
1.0,2,47,2026-05-27T21:51:21.548,16759.9734588,16760.1987682,0.22530940000069677,35489.16188877433,False,-0.03,-0.0298800914,-8.505068e-07,35132.10170688817,0.03,0.0301178502,8.400922e-07,35850.64853595832
1.0,2,48,2026-05-27T21:51:21.774,16760.198825,16760.4242785,0.22545349999927566,35362.24298437515,False,-0.03,-0.0298811436,-8.564385e-07,34890.005061659416,0.03,0.0301209445,8.403455e-07,35843.52447891968
1.0,2,49,2026-05-27T21:51:22.009,16760.4243364,16760.6594947,0.2351583000017854,35328.96029359525,False,-0.03,-0.0298811722,-8.621161e-07,34660.26466736905,0.03,0.0301193471,8.36222e-07,36018.36246833974
1.0,2,50,2026-05-27T21:51:22.233,16760.6595478,16760.8841058,0.22455799999806914,35349.48287252182,False,-0.03,-0.029881085,-8.607695e-07,34714.38637172902,0.03,0.0301185856,8.365586e-07,36002.95974484035
1.0,2,51,2026-05-27T21:51:22.458,16760.8841604,16761.1089527,0.22479229999953532,35504.0077196275,False,-0.03,-0.0298796598,-8.523152e-07,35057.053775410786,0.03,0.0301194895,8.376109e-07,35958.80796202628
1.0,2,52,2026-05-27T21:51:22.683,16761.109019,16761.3340699,0.22505090000049677,35116.0829519195,False,-0.03,-0.0298815537,-8.60055e-07,34743.77068908384,0.03,0.0301192886,8.485878e-07,35493.42637261577
1.0,2,53,2026-05-27T21:51:22.911,16761.3341522,16761.5619142,0.22776199999862,35096.072426018225,False,-0.03,-0.0298809654,-8.59128e-07,34780.57448948236,0.03,0.0301210629,8.505228e-07,35414.76242612191
5.0,2,0,2026-05-27T21:51:26.159,16763.8690599,16764.8095393,0.9404794000001857,35224.60003935848,False,-0.03,-0.0298802242,-8.601891e-07,34736.80868543905,0.03,0.030118457,8.431285e-07,35722.26179046255
5.0,2,1,2026-05-27T21:51:27.101,16764.8095933,16765.7524117,0.9428183999989415,35228.26824794879,False,-0.03,-0.0298797813,-8.598442e-07,34750.22719232159,0.03,0.0301183384,8.432801e-07,35715.699208365055
5.0,2,2,2026-05-27T21:51:28.054,16765.7524676,16766.7044181,0.9519504999989294,35281.057343690976,False,-0.03,-0.0298795384,-8.583722e-07,34809.53646914474,0.03,0.0301182705,8.42195e-07,35761.63536948094
5.0,2,3,2026-05-27T21:51:28.994,16766.7044762,16767.6452745,0.9407982999982778,35230.54371441897,False,-0.03,-0.0298794112,-8.589864e-07,34784.49856714845,0.03,0.0301193286,8.440455e-07,35684.48454496825
5.0,2,4,2026-05-27T21:51:29.935,16767.6453395,16768.5863157,0.940976199999568,35208.10015796607,False,-0.03,-0.0298793465,-8.613754e-07,34687.949644254986,0.03,0.0301187805,8.427247e-07,35739.76234468979
5.0,2,5,2026-05-27T21:51:30.874,16768.5863788,16769.5248705,0.938491700002487,35195.63738777541,False,-0.03,-0.0298804216,-8.610393e-07,34702.738423205534,0.03,0.0301189928,8.437008e-07,35698.66568812072
5.0,2,6,2026-05-27T21:51:31.813,16769.5249235,16770.4638677,0.9389441999992414,35286.13542848086,False,-0.03,-0.0298804302,-8.590873e-07,34781.59926237997,0.03,0.0301191794,8.412862e-07,35801.34727040572
5.0,2,7,2026-05-27T21:51:32.756,16770.4639186,16771.4068436,0.9429250000030152,35302.99720043043,False,-0.03,-0.0298807583,-8.581196e-07,34821.20475980271,0.03,0.030119605,8.414631e-07,35794.326572371385
5.0,2,8,2026-05-27T21:51:33.695,16771.4069009,16772.3463443,0.9394433999987086,35249.353555518086,False,-0.03,-0.0298805412,-8.598947e-07,34749.07008962842,0.03,0.0301193927,8.422623e-07,35760.11024119209
5.0,2,9,2026-05-27T21:51:34.636,16772.3463988,16773.2868276,0.9404288000005181,35299.03993127432,False,-0.03,-0.0298801583,-8.585489e-07,34803.09426754842,0.03,0.0301191342,8.41194e-07,35805.21758357763
5.0,2,10,2026-05-27T21:51:35.576,16773.2868802,16774.2260992,0.9392189999998664,35230.32825471012,False,-0.03,-0.0298800444,-8.598108e-07,34751.883088698116,0.03,0.0301186244,8.432295e-07,35718.18158638899
5.0,2,11,2026-05-27T21:51:36.515,16774.2261585,16775.1667304,0.9405718999987585,35220.52336213572,False,-0.03,-0.0298798589,-8.603238e-07,34730.94537196344,0.03,0.0301192853,8.432041e-07,35720.04132807229
5.0,2,12,2026-05-27T21:51:37.454,16775.1667835,16776.1048131,0.9380295999981172,35256.67531530998,False,-0.03,-0.0298789904,-8.59205e-07,34775.15889688724,0.03,0.0301197549,8.425648e-07,35747.701423083425
1.0,3,0,2026-05-27T21:51:39.181,16777.5969676,16777.8318241,0.2348565000029339,35226.38741308651,False,-0.03,-0.0298795517,-8.572782e-07,34853.97354091122,0.03,0.0301186161,8.459384e-07,35603.79349134641
1.0,3,1,2026-05-27T21:51:39.406,16777.8318912,16778.0572561,0.2253649000012956,35140.40480040659,False,-0.03,-0.0298804843,-8.535762e-07,35006.22943798105,0.03,0.0301204813,8.538875e-07,35274.531246797735
1.0,3,2,2026-05-27T21:51:39.633,16778.0573117,16778.2830642,0.22575250000227243,35060.40206452141,False,-0.03,-0.0298801735,-8.629573e-07,34625.320974745795,0.03,0.0301184296,8.483352e-07,35502.98231170886
1.0,3,3,2026-05-27T21:51:39.857,16778.2831182,16778.5081146,0.22499640000023646,35496.53586207602,False,-0.03,-0.0298803217,-8.543762e-07,34973.26084223788,0.03,0.0301196539,8.359289e-07,36031.35852821932
1.0,3,4,2026-05-27T21:51:40.082,16778.5081729,16778.7330029,0.2248299999992014,35375.2103512972,False,-0.03,-0.029883086,-8.527356e-07,35043.78848496533,0.03,0.0301186018,8.434151e-07,35710.294729131594
1.0,3,5,2026-05-27T21:51:40.316,16778.73306,16778.9675866,0.2345266000011179,35585.12579467725,False,-0.03,-0.0298806565,-8.524417e-07,35053.02063472493,0.03,0.0301208653,8.336988e-07,36129.19354088071
1.0,3,6,2026-05-27T21:51:40.543,16778.9676446,16779.1941317,0.22648709999702987,34994.42515396659,False,-0.03,-0.0298807102,-8.738519e-07,34194.249849431006,0.03,0.0301199088,8.407246e-07,35826.12998358797
1.0,3,7,2026-05-27T21:51:40.769,16779.194186,16779.4198329,0.22564689999853726,35052.33778288974,False,-0.03,-0.0298803945,-8.703607e-07,34331.047461127324,0.03,0.0301191723,8.41353e-07,35798.49635052113
1.0,3,8,2026-05-27T21:51:40.993,16779.4198883,16779.644558,0.22466970000095898,34973.04158411456,False,-0.03,-0.0298799163,-8.677524e-07,34433.689033876486,0.03,0.0301192393,8.478306e-07,35525.06750758937
1.0,3,9,2026-05-27T21:51:41.220,16779.6446131,16779.870871,0.22625789999801782,35537.60014869156,False,-0.03,-0.0298795385,-8.524831e-07,35050.00685644091,0.03,0.0301195549,8.35844e-07,36034.89993348042
1.0,3,10,2026-05-27T21:51:41.434,16779.8709254,16780.0845466,0.2136212000004889,35309.039692252576,False,-0.03,-0.0298791941,-8.528622e-07,35034.023198589406,0.03,0.0301201718,8.464014e-07,35586.15545768238
1.0,3,11,2026-05-27T21:51:41.649,16780.0846119,16780.2999147,0.21530279999933555,35131.54593475912,False,-0.03,-0.0298775251,-8.592966e-07,34769.74667419841,0.03,0.0301201431,8.485038e-07,35497.94721013624
1.0,3,12,2026-05-27T21:51:41.883,16780.2999694,16780.5335852,0.23361579999982496,35544.804983110975,False,-0.03,-0.029880081,-8.444492e-07,35384.10717897536,0.03,0.0301191837,8.435405e-07,35705.67589819339
1.0,3,13,2026-05-27T21:51:42.110,16780.53364,16780.7609159,0.22727589999703923,35462.07468077213,False,-0.03,-0.0298795501,-8.54208e-07,34979.244048288005,0.03,0.0301188298,8.376947e-07,35954.42325228989
1.0,3,14,2026-05-27T21:51:42.336,16780.7609714,16780.9868174,0.2258460000011837,35393.69081801713,False,-0.03,-0.0298800284,-8.60644e-07,34718.22077421094,0.03,0.0301217949,8.346249e-07,36090.21837234906
1.0,3,15,2026-05-27T21:51:42.561,16780.9868795,16781.2121784,0.22529890000078012,35237.2553044231,False,-0.03,-0.0298801192,-8.6018e-07,34737.054104954776,0.03,0.0301202406,8.425735e-07,35747.908758108344
1.0,3,16,2026-05-27T21:51:42.787,16781.2122331,16781.4382509,0.2260177999996813,35079.696327233556,False,-0.03,-0.0298797701,-8.659015e-07,34507.12361625428,0.03,0.0301193989,8.444659e-07,35666.803005307855
1.0,3,17,2026-05-27T21:51:43.013,16781.4383087,16781.6639521,0.22564340000099037,35172.91487094738,False,-0.03,-0.0298823239,-8.633783e-07,34610.92767793677,0.03,0.0301194611,8.425305e-07,35748.808025347455
1.0,3,18,2026-05-27T21:51:43.247,16781.6640171,16781.8981228,0.23410570000123698,35034.113355741036,False,-0.03,-0.0298802914,-8.666169e-07,34479.239211697815,0.03,0.0301189945,8.459792e-07,35602.52367906918
1.0,3,19,2026-05-27T21:51:43.474,16781.8981915,16782.1249634,0.2267719000010402,35108.55356740163,False,-0.03,-0.0298806527,-8.627474e-07,34634.30049166187,0.03,0.0301206588,8.462752e-07,35592.03767285157
1.0,3,20,2026-05-27T21:51:43.700,16782.1250433,16782.3504688,0.2254255000007106,35455.23268880076,False,-0.03,-0.0298804136,-8.550916e-07,34944.108444054415,0.03,0.0301168567,8.371063e-07,35977.33848138522
1.0,3,21,2026-05-27T21:51:43.929,16782.3505306,16782.5795482,0.22901759999876958,35561.37283232797,False,-0.03,-0.0298803371,-8.571941e-07,34858.30933740678,0.03,0.0301215387,8.300826e-07,36287.39922990796
1.0,3,22,2026-05-27T21:51:44.155,16782.5796162,16782.805857,0.22624079999877722,35074.63112296992,False,-0.03,-0.029877482,-8.677528e-07,34430.86786928259,0.03,0.0301175167,8.427427e-07,35737.49935775178
1.0,3,23,2026-05-27T21:51:44.381,16782.8059144,16783.0317843,0.22586990000127116,35286.781007864534,False,-0.03,-0.029882647,-8.656913e-07,34518.82559060025,0.03,0.0301205057,8.347515e-07,36083.20044947509
1.0,3,24,2026-05-27T21:51:44.605,16783.0318392,16783.2560022,0.22416299999895273,35179.72750905451,False,-0.03,-0.0298812649,-8.635459e-07,34602.983929400856,0.03,0.0301188826,8.41986e-07,35771.23918925018
1.0,3,25,2026-05-27T21:51:44.830,16783.2560543,16783.4804148,0.22436050000032992,35021.659593877,False,-0.03,-0.0298804976,-8.62453e-07,34645.94314124944,0.03,0.0301180983,8.507324e-07,35402.55231844937
1.0,3,26,2026-05-27T21:51:45.055,16783.4805184,16783.7064399,0.2259215000012773,35143.65883031016,False,-0.03,-0.0298791059,-8.648522e-07,34548.22211240256,0.03,0.0301201165,8.424038e-07,35754.962762513656
1.0,3,27,2026-05-27T21:51:45.280,16783.7064942,16783.9311146,0.22462040000027628,35275.181001220146,False,-0.03,-0.0298791011,-8.517677e-07,35078.93184961111,0.03,0.0301189974,8.49091e-07,35472.0488145558
1.0,3,28,2026-05-27T21:51:45.503,16783.9311697,16784.1548494,0.22367970000050263,35407.383519220544,False,-0.03,-0.0298782785,-8.525251e-07,35046.80214107479,0.03,0.030118414,8.419433e-07,35772.49679402402
1.0,3,29,2026-05-27T21:51:45.728,16784.15491,16784.3783713,0.2234613000000536,35541.86844979847,False,-0.03,-0.029879345,-8.525669e-07,35046.33478029701,0.03,0.0301194518,8.355491e-07,36047.49475524538
1.0,3,30,2026-05-27T21:51:45.954,16784.3784335,16784.6047385,0.22630500000013853,35176.00480987255,False,-0.03,-0.0298783168,-8.66028e-07,34500.40506773453,0.03,0.0301199348,8.396305e-07,35872.84501932696
1.0,3,31,2026-05-27T21:51:46.178,16784.6047931,16784.8293954,0.22460230000069714,35014.011852600874,False,-0.03,-0.0298810715,-8.650185e-07,34543.85253032161,0.03,0.0301206619,8.486307e-07,35493.25036202438
1.0,3,32,2026-05-27T21:51:46.404,16784.8294497,16785.0549608,0.22551110000131303,35170.913288191776,False,-0.03,-0.0298806841,-8.691403e-07,34379.58647182739,0.03,0.0301192128,8.368119e-07,35992.81128769799
1.0,3,33,2026-05-27T21:51:46.629,16785.0550142,16785.2797994,0.2247852000000421,35230.17119691758,False,-0.03,-0.0298817171,-8.572361e-07,34858.21129091507,0.03,0.0301199254,8.458962e-07,35607.11751630992
1.0,3,34,2026-05-27T21:51:46.854,16785.2798527,16785.5047886,0.22493589999794494,35245.43051216434,False,-0.03,-0.029881148,-8.539558e-07,34991.44569309091,0.03,0.0301197389,8.484177e-07,35501.07323314919
1.0,3,35,2026-05-27T21:51:47.080,16785.5048455,16785.7305109,0.2256654000011622,34944.97097911531,False,-0.03,-0.0298801341,-8.613591e-07,34689.52043346381,0.03,0.0301193467,8.556113e-07,35202.13758280191
1.0,3,36,2026-05-27T21:51:47.293,16785.7305678,16785.9439381,0.21337029999995138,35181.54097596047,False,-0.03,-0.0298783455,-8.592132e-07,34774.07644575293,0.03,0.0301189211,8.461489e-07,35595.29664341584
1.0,3,37,2026-05-27T21:51:47.509,16785.9439903,16786.1591383,0.2151480000029551,35124.42533110909,False,-0.03,-0.029882511,-8.631678e-07,34619.584975250466,0.03,0.0301193611,8.450985e-07,35640.05982734557
1.0,3,38,2026-05-27T21:51:47.743,16786.1591881,16786.3931804,0.2339922999999544,35531.23481936619,False,-0.03,-0.0298804593,-8.509286e-07,35115.11929438028,0.03,0.0301184188,8.376949e-07,35953.92403606612
1.0,3,39,2026-05-27T21:51:47.967,16786.3932348,16786.6172079,0.22397309999723802,35319.11332872393,False,-0.03,-0.0298823579,-8.58289e-07,34816.19582681358,0.03,0.0301192988,8.405548e-07,35832.64148869294
1.0,3,40,2026-05-27T21:51:48.191,16786.6172612,16786.8419219,0.22466069999791216,35187.68474365256,False,-0.03,-0.0298828218,-8.591695e-07,34781.05519341643,0.03,0.0301204322,8.46065e-07,35600.61248249248
1.0,3,41,2026-05-27T21:51:48.426,16786.8419783,16787.0766704,0.2346921000025759,35321.0746743033,False,-0.03,-0.0298839313,-8.604765e-07,34729.5147514197,0.03,0.030118041,8.382819e-07,35928.29691300743
1.0,3,42,2026-05-27T21:51:48.651,16787.0767228,16787.3018259,0.22510309999779565,35442.08026918798,False,-0.03,-0.0298811001,-8.571525e-07,34860.89126497327,0.03,0.0301192796,8.357611e-07,36038.14487178214
1.0,3,43,2026-05-27T21:51:48.876,16787.3018762,16787.5267658,0.22488960000191582,35334.280205937874,False,-0.03,-0.0298820996,-8.58079e-07,34824.4154675735,0.03,0.0301171371,8.399671e-07,35855.13896913343
1.0,3,44,2026-05-27T21:51:49.104,16787.5268475,16787.7543243,0.22747679999883985,35181.370424052395,False,-0.03,-0.0298816883,-8.587093e-07,34798.37507291466,0.03,0.0301182849,8.46738e-07,35569.780616908654
1.0,3,45,2026-05-27T21:51:49.328,16787.7543799,16787.9795084,0.2251284999983909,35246.5552131118,False,-0.03,-0.0298804541,-8.56229e-07,34897.736586824314,0.03,0.0301165776,8.459808e-07,35599.599423533014
1.0,3,46,2026-05-27T21:51:49.553,16787.9795607,16788.2045788,0.22501809999812394,35194.95582376056,False,-0.03,-0.0298813006,-8.571945e-07,34859.41708678719,0.03,0.0301181415,8.475794e-07,35534.30097522427
1.0,3,47,2026-05-27T21:51:49.780,16788.2046464,16788.4306876,0.22604119999959948,35525.079175505474,False,-0.03,-0.0298833714,-8.557643e-07,34920.09587219285,0.03,0.0301185193,8.332366e-07,36146.419036321735
1.0,3,48,2026-05-27T21:51:50.007,16788.4307448,16788.6573019,0.2265570999988995,35342.645116880114,False,-0.03,-0.0298814823,-8.624933e-07,34645.465999561966,0.03,0.0301184045,8.351693e-07,36062.63364805196
1.0,3,49,2026-05-27T21:51:50.232,16788.657359,16788.8830702,0.22571120000066003,35402.49395269163,False,-0.03,-0.0298824723,-8.618629e-07,34671.95571360596,0.03,0.0301178019,8.329407e-07,36158.39867111788
1.0,3,50,2026-05-27T21:51:50.458,16788.8831382,16789.1088994,0.22576119999939692,35493.47770735604,False,-0.03,-0.0298808511,-8.567737e-07,34876.01346773366,0.03,0.0301168693,8.336135e-07,36128.096893824295
1.0,3,51,2026-05-27T21:51:50.684,16789.1089551,16789.3347463,0.22579119999863906,35268.169060147564,False,-0.03,-0.0298830408,-8.608955e-07,34711.57742141758,0.03,0.0301180216,8.403854e-07,35838.34464520683
1.0,3,52,2026-05-27T21:51:50.911,16789.3348059,16789.5618251,0.22701919999963138,35331.538424848266,False,-0.03,-0.0298823378,-8.581206e-07,34823.00483172179,0.03,0.0301180694,8.400904e-07,35850.98627481042
1.0,3,53,2026-05-27T21:51:51.137,16789.5618898,16789.7876967,0.22580690000177128,35423.32967586701,False,-0.03,-0.0298826487,-8.496235e-07,35171.636260061074,0.03,0.0301172277,8.44172e-07,35676.648479219875
3.0,3,0,2026-05-27T21:51:54.194,16792.223653,16792.8452836,0.6216305999987526,35275.30741880614,False,-0.03,-0.0298810897,-8.585832e-07,34802.78871051751,0.03,0.0301188359,8.423212e-07,35756.94865569097
3.0,3,1,2026-05-27T21:51:54.817,16792.845353,16793.4681791,0.6228260999996564,35257.38029995759,False,-0.03,-0.0298810451,-8.593679e-07,34770.95793315063,0.03,0.0301195134,8.424193e-07,35753.588978790016
3.0,3,2,2026-05-27T21:51:55.438,16793.4682338,16794.0880095,0.6197757000009005,35264.59345582095,False,-0.03,-0.0298822407,-8.599712e-07,34747.95516407992,0.03,0.0301187371,8.414798e-07,35792.58480120378
3.0,3,3,2026-05-27T21:51:56.060,16794.0880636,16794.7102773,0.6222137000004295,35236.5336108421,False,-0.03,-0.0298809765,-8.610647e-07,34702.3591839266,0.03,0.0301187006,8.417043e-07,35782.99481183594
3.0,3,4,2026-05-27T21:51:56.696,16794.7103348,16795.346292,0.6359572000001208,35270.567410010175,False,-0.03,-0.0298809786,-8.576994e-07,34838.52104828335,0.03,0.0301197623,8.434567e-07,35709.90935278598
3.0,3,5,2026-05-27T21:51:57.316,16795.3463476,16795.9666591,0.6203114999989339,35186.97418683526,False,-0.03,-0.0298802517,-8.598728e-07,34749.61843193551,0.03,0.0301198835,8.453075e-07,35631.86591861542
3.0,3,6,2026-05-27T21:51:57.937,16795.9667161,16796.5873837,0.6206676000001607,35199.2547535334,False,-0.03,-0.0298806662,-8.62046e-07,34662.49620089879,0.03,0.0301187022,8.425176e-07,35748.454631689594
3.0,3,7,2026-05-27T21:51:58.560,16796.5874375,16797.211772,0.6243345000002591,35239.48476982879,False,-0.03,-0.0298812305,-8.604476e-07,34727.54238607906,0.03,0.0301195073,8.422089e-07,35762.51367089567
3.0,3,8,2026-05-27T21:51:59.183,16797.211828,16797.8335416,0.6217136000013852,35367.84251773562,False,-0.03,-0.0298805865,-8.569978e-07,34866.58483837415,0.03,0.0301190131,8.394472e-07,35879.58015703668
3.0,3,9,2026-05-27T21:51:59.807,16797.833597,16798.457736,0.624138999999559,35286.427786244436,False,-0.03,-0.0298799483,-8.599847e-07,34744.74406346997,0.03,0.0301185917,8.403444e-07,35840.771593170604
3.0,3,10,2026-05-27T21:52:00.428,16798.4577918,16799.0795545,0.621762700000545,35292.104280547836,False,-0.03,-0.0298800694,-8.587649e-07,34794.236932599364,0.03,0.0301197124,8.413259e-07,35800.291420958274
3.0,3,11,2026-05-27T21:52:01.050,16799.079608,16799.7011076,0.6214996000016981,35281.29399526875,False,-0.03,-0.0298798526,-8.575446e-07,34843.4968863427,0.03,0.0301198335,8.430644e-07,35726.61056498175
3.0,3,12,2026-05-27T21:52:01.672,16799.7011874,16800.3227672,0.6215797999975621,35222.57128392428,False,-0.03,-0.0298807725,-8.610924e-07,34701.00595476165,0.03,0.0301193138,8.423632e-07,35755.73315643418
3.0,3,13,2026-05-27T21:52:02.293,16800.3228223,16800.9438516,0.621029300000373,35222.91274503905,False,-0.03,-0.0298804823,-8.591576e-07,34778.81392191607,0.03,0.0301191959,8.442699e-07,35674.842725057475
3.0,3,14,2026-05-27T21:52:02.917,16800.9439065,16801.5677137,0.6238071999978274,35346.63851808511,False,-0.03,-0.0298806577,-8.566197e-07,34882.05758051093,0.03,0.0301191513,8.408489e-07,35819.93304623459
3.0,3,15,2026-05-27T21:52:03.551,16801.5677813,16802.2011771,0.6333957999995619,35357.63500484462,False,-0.03,-0.029879859,-8.551754e-07,34940.03569326246,0.03,0.0301197635,8.4176e-07,35781.88973103973
3.0,3,16,2026-05-27T21:52:04.173,16802.2012363,16802.8238066,0.6225703000018257,35181.151931557266,False,-0.03,-0.0298804648,-8.618217e-07,34671.283863007855,0.03,0.0301196072,8.43639e-07,35702.009034670045
3.0,3,17,2026-05-27T21:52:04.793,16802.8238623,16803.4437526,0.6198903000004066,35243.43543723466,False,-0.03,-0.0298802193,-8.614291e-07,34686.80045751879,0.03,0.0301193506,8.410034e-07,35813.58957645117
3.0,3,18,2026-05-27T21:52:05.417,16803.4438093,16804.0676726,0.623863299999357,35240.76366358022,False,-0.03,-0.0298802591,-8.604614e-07,34725.85649978023,0.03,0.0301196678,8.421103e-07,35766.891581779724
3.0,3,19,2026-05-27T21:52:06.035,16804.0677308,16804.6855028,0.6177719999977853,35319.421907487726,False,-0.03,-0.0298807517,-8.566199e-07,34882.15917001228,0.03,0.0301203979,8.421947e-07,35764.17412743158
0.3,3,0,2026-05-27T21:52:07.506,16805.9963074,16806.1570436,0.16073619999951916,28714.91521757441,False,-0.03,-0.0298821555,-9.67685e-07,30880.044125929406,0.03,0.0301200719,1.121899e-06,26847.400612711128
0.3,3,1,2026-05-27T21:52:07.663,16806.1570992,16806.3134744,0.15637520000018412,28825.642141809232,False,-0.03,-0.0298889627,-1.107053e-06,26998.673685903024,0.03,0.0301189879,9.747029e-07,30900.685634566184
0.3,3,2,2026-05-27T21:52:07.823,16806.3135291,16806.4739208,0.1603916999993089,34032.83202436159,False,-0.03,-0.0298798023,-7.387168e-07,40448.25066926866,0.03,0.030121367,1.024321e-06,29406.179312930224
0.3,3,3,2026-05-27T21:52:07.981,16806.4739999,16806.6316174,0.15761749999728636,37681.471627970895,False,-0.03,-0.029878224,-7.561039e-07,39516.029476901254,0.03,0.0301215424,8.361844e-07,36022.60745357125
0.3,3,4,2026-05-27T21:52:08.137,16806.6316794,16806.7885871,0.15690769999855547,57208.47251888016,False,-0.03,-0.0298770762,-5.407369e-07,55252.519663444466,0.03,0.0301185931,5.079831e-07,59290.54155541788
0.3,3,5,2026-05-27T21:52:08.331,16806.7886599,16806.9825597,0.19389980000050855,35675.2368356173,False,-0.03,-0.0298851268,-1.214597e-06,24604.973336835184,0.03,0.0301228798,4.674663e-07,64438.61258020096
0.3,3,6,2026-05-27T21:52:08.493,16806.982612,16807.1434099,0.16079790000003413,34275.766888111226,False,-0.03,-0.0298812739,-1.081814e-06,27621.45239384959,0.03,0.030117109,6.686467e-07,45041.88684397904
0.3,3,7,2026-05-27T21:52:08.650,16807.1434642,16807.3002017,0.15673750000132713,29858.67406976462,False,-0.03,-0.0298785002,-1.018438e-06,29337.574010396314,0.03,0.0301236131,9.910991e-07,30394.148375273468
0.3,3,8,2026-05-27T21:52:08.808,16807.3002542,16807.4594282,0.15917400000034831,24973.155664101603,False,-0.03,-0.0298759814,-1.220901e-06,24470.43732456604,0.03,0.0301261956,1.181766e-06,25492.52186981179
0.3,3,9,2026-05-27T21:52:08.959,16807.4594961,16807.6105481,0.15105200000107288,30578.68829030715,False,-0.03,-0.029877501,-1.239837e-06,24097.92658228461,0.03,0.0301190413,7.222008e-07,41704.5249742177
0.3,3,10,2026-05-27T21:52:09.109,16807.6106072,16807.7601157,0.1495084999987739,41614.64754096655,False,-0.03,-0.0298817414,-4.824121e-07,61942.35467974374,0.03,0.0301252903,9.595569e-07,31395.001484539374
0.3,3,11,2026-05-27T21:52:09.266,16807.7601692,16807.9163988,0.15622960000109742,24816.22288818983,False,-0.03,-0.0298728462,-1.216699e-06,24552.37178628404,0.03,0.0301212412,1.200836e-06,25083.559453580674
0.3,3,12,2026-05-27T21:52:09.425,16807.916452,16808.0752712,0.15881919999810634,30131.812626460633,False,-0.03,-0.0298789357,-9.929212e-07,30091.950599906617,0.03,0.0301145458,9.981134e-07,30171.467290189674
0.3,3,13,2026-05-27T21:52:09.575,16808.0753257,16808.2262601,0.15093440000055125,43044.770791909825,False,-0.03,-0.029879858,-9.089342e-07,32873.51053574615,0.03,0.0301152419,4.848495e-07,62112.5563705851
0.3,3,14,2026-05-27T21:52:09.734,16808.2263195,16808.385211,0.1588914999992994,45885.3208581749,False,-0.03,-0.0298847041,-7.478307e-07,39961.85781086548,0.03,0.0301189243,5.598561e-07,53797.61745920067
0.3,3,15,2026-05-27T21:52:09.896,16808.3852631,16808.5466351,0.16137199999866425,27994.689336819185,False,-0.03,-0.0298778972,-9.17207e-07,32574.86826855879,0.03,0.0301186693,1.225934e-06,24567.93701781662
0.3,3,16,2026-05-27T21:52:10.078,16808.5466878,16808.7294119,0.18272409999917727,40035.61874953958,False,-0.03,-0.0298798739,-4.875986e-07,61279.654822634846,0.03,0.0301178887,1.011011e-06,29789.872414840196
0.3,3,17,2026-05-27T21:52:10.238,16808.7295076,16808.8889887,0.15948109999953886,61682.87941443306,False,-0.03,-0.0298821601,-4.909661e-07,60863.99875673697,0.03,0.0301187814,4.817664e-07,62517.39722820023
0.3,3,18,2026-05-27T21:52:10.396,16808.8890456,16809.047644,0.15859839999757241,56525.207154084055,False,-0.03,-0.029881363,-5.14102e-07,58123.41325262302,0.03,0.0301190365,5.473784e-07,55024.15970378078
0.3,3,19,2026-05-27T21:52:10.553,16809.0476992,16809.2040341,0.15633489999891026,51928.20880010159,False,-0.03,-0.0298763098,-5.483126e-07,54487.731633378484,0.03,0.0301150672,6.069627e-07,49616.00968230832
0.3,3,20,2026-05-27T21:52:10.716,16809.2040899,16809.3663779,0.16228800000317278,39242.55632675677,False,-0.03,-0.0298777228,-8.986986e-07,33245.54283271388,0.03,0.0301162306,6.300997e-07,47795.97673193623
0.3,3,21,2026-05-27T21:52:10.874,16809.366433,16809.5248952,0.15846220000094036,46847.423986156726,False,-0.03,-0.0298784401,-6.785669e-07,44031.67926404898,0.03,0.0301154017,6.020551e-07,50021.00588467733
0.3,3,22,2026-05-27T21:52:11.067,16809.5249542,16809.7183557,0.1934015000006184,42684.09126317055,False,-0.03,-0.0298829992,-7.927019e-07,37697.65052915856,0.03,0.0301177291,6.129911e-07,49132.40844769198
0.3,3,23,2026-05-27T21:52:11.228,16809.7184268,16809.8789575,0.16053070000270964,25605.924025201464,False,-0.03,-0.0298846576,-1.156825e-06,25833.343504851644,0.03,0.0301191381,1.186531e-06,25384.19822153825
0.3,3,24,2026-05-27T21:52:11.386,16809.8790179,16810.0370662,0.1580482999997912,24314.807647807593,False,-0.03,-0.0298752043,-1.229879e-06,24291.173603256906,0.03,0.0301236017,1.237704e-06,24338.29227343533
0.3,3,25,2026-05-27T21:52:11.543,16810.0371257,16810.1948634,0.15773769999941578,28033.21406143702,False,-0.03,-0.0298789665,-1.102285e-06,27106.389454632874,0.03,0.0301179425,1.037923e-06,29017.511414623244
0.3,3,26,2026-05-27T21:52:11.701,16810.1949198,16810.3520317,0.15711190000001807,36839.11577563032,False,-0.03,-0.0298770854,-8.300001e-07,35996.484096809145,0.03,0.030124606,7.987494e-07,37714.71502826794
0.3,3,27,2026-05-27T21:52:11.861,16810.3520872,16810.5119573,0.15987010000026203,51977.60715994249,False,-0.03,-0.0298771553,-5.366734e-07,55671.01946919672,0.03,0.0301200041,6.176152e-07,48768.23643589082
0.3,3,28,2026-05-27T21:52:12.056,16810.5121863,16810.7069886,0.19480230000044685,31399.967210771105,False,-0.03,-0.0298831971,-1.112244e-06,26867.48330402322,0.03,0.030121933,7.987494e-07,37711.36854688091
0.3,3,29,2026-05-27T21:52:12.215,16810.7070472,16810.8656378,0.158590600000025,49266.11797714247,False,-0.03,-0.0298853492,-6.529044e-07,45772.93276014069,0.03,0.0301180433,5.6504e-07,53302.49769927793
0.3,3,30,2026-05-27T21:52:12.375,16810.8656923,16811.0259645,0.16027219999887166,47463.886588585374,False,-0.03,-0.029882227,-7.510538e-07,39787.06585333834,0.03,0.0301161316,5.130306e-07,58702.408004512785
0.3,3,31,2026-05-27T21:52:12.533,16811.0260163,16811.1848575,0.15884120000191615,43812.022031607776,False,-0.03,-0.0298747984,-7.621329e-07,39198.93551374045,0.03,0.0301140592,6.070999e-07,49603.13648544498
0.3,3,32,2026-05-27T21:52:12.691,16811.1849505,16811.3420963,0.1571457999998529,35355.47436253035,False,-0.03,-0.0298809198,-8.493482e-07,35181.0009134063,0.03,0.0301182359,8.476777e-07,35530.291642684475
0.3,3,33,2026-05-27T21:52:12.851,16811.342153,16811.5018857,0.15973269999813056,25615.977835489855,False,-0.03,-0.0298867065,-1.143093e-06,26145.472415630225,0.03,0.0301229226,1.199571e-06,25111.412830086756
0.3,3,34,2026-05-27T21:52:13.046,16811.5019458,16811.6973245,0.19537870000203839,42170.02768820692,False,-0.03,-0.0298775711,-5.874317e-07,50861.35307304662,0.03,0.0301207551,8.353401e-07,36058.07395095722
0.3,3,35,2026-05-27T21:52:13.206,16811.6973801,16811.8566021,0.15922200000204612,26600.540066852333,False,-0.03,-0.029886578,-1.102712e-06,27102.7956528994,0.03,0.0301246926,1.153305e-06,26120.317348836605
0.3,3,36,2026-05-27T21:52:13.363,16811.8566537,16812.0138295,0.15717579999909503,30090.192497169,False,-0.03,-0.0298839158,-1.016758e-06,29391.375135479633,0.03,0.0301236883,9.774999e-07,30817.07558230952
0.3,3,37,2026-05-27T21:52:13.524,16812.0138835,16812.1752239,0.16134040000179084,34822.54857601859,False,-0.03,-0.0298843496,-7.746151e-07,38579.61147413728,0.03,0.0301233391,9.486272e-07,31754.665162457917
0.3,3,38,2026-05-27T21:52:13.680,16812.1752779,16812.3317891,0.15651119999893126,35020.40629924146,False,-0.03,-0.0298856089,-9.267399e-07,32248.108557751748,0.03,0.0301194654,7.866918e-07,38286.232804257015
0.3,3,39,2026-05-27T21:52:13.840,16812.3318569,16812.4908157,0.1589587999987998,47716.00837387399,False,-0.03,-0.0298773992,-6.231841e-07,47943.134621053396,0.03,0.0301246463,6.342984e-07,47492.86187699669
0.3,3,40,2026-05-27T21:52:14.034,16812.4908729,16812.6847201,0.1938471999965259,33718.703859897745,False,-0.03,-0.0298784832,-1.226099e-06,24368.736292909463,0.03,0.0301193376,5.532642e-07,54439.33946928068
0.3,3,41,2026-05-27T21:52:14.184,16812.6847921,16812.8356042,0.15081210000062129,29497.131379754246,False,-0.03,-0.0298809967,-8.890225e-07,33611.06912367235,0.03,0.0301179826,1.145039e-06,26303.019023806173
0.3,3,42,2026-05-27T21:52:14.342,16812.8356611,16812.9924346,0.1567734999989625,33183.835905576554,False,-0.03,-0.0298818097,-9.371208e-07,31886.82793082813,0.03,0.0301214579,8.710869e-07,34579.16529338232
0.3,3,43,2026-05-27T21:52:14.499,16812.9924885,16813.149662,0.1571734999997716,47081.600021091486,False,-0.03,-0.0298811402,-6.468778e-07,46192.86702990889,0.03,0.0301219202,6.275704e-07,47997.675161224935
0.3,3,44,2026-05-27T21:52:14.649,16813.1497232,16813.3005547,0.15083149999918533,40452.18888673927,False,-0.03,-0.0298880044,-4.82832e-07,61901.45723564304,0.03,0.0301216447,1.000639e-06,30102.40926048255
0.3,3,45,2026-05-27T21:52:14.801,16813.3006092,16813.4515044,0.15089520000037737,31077.89300533771,False,-0.03,-0.0298814365,-1.206461e-06,24767.84288924383,0.03,0.0301269852,7.244428e-07,41586.42366243408
0.3,3,46,2026-05-27T21:52:14.959,16813.4515607,16813.6093491,0.15778839999984484,58269.20466251206,False,-0.03,-0.029882648,-5.417219e-07,55162.34067701528,0.03,0.0301227925,4.880749e-07,61717.56117759794
0.3,3,47,2026-05-27T21:52:15.116,16813.6094044,16813.7666587,0.15725430000020424,57881.87795497799,False,-0.03,-0.0298877972,-5.132565e-07,58231.697406657295,0.03,0.0301161288,5.234052e-07,57538.84141770086
0.3,3,48,2026-05-27T21:52:15.267,16813.766717,16813.9176019,0.15088490000198362,32352.222899803677,False,-0.03,-0.0298780299,-6.273926e-07,47622.54113293654,0.03,0.0301129429,1.226915e-06,24543.626005061473
0.3,3,49,2026-05-27T21:52:15.426,16813.9176571,16814.0761769,0.15851979999933974,25139.487087523947,False,-0.03,-0.0298799907,-1.171974e-06,25495.43820938007,0.03,0.0301200209,1.21471e-06,24796.05905936396
0.3,3,50,2026-05-27T21:52:15.582,16814.0762371,16814.232633,0.15639590000137105,31549.71556809252,False,-0.03,-0.0298816805,-9.609531e-07,31095.878144313185,0.03,0.0301259353,9.410487e-07,32013.15224174902
0.3,3,51,2026-05-27T21:52:15.743,16814.2326896,16814.3933295,0.1606398999974772,45227.95477987062,False,-0.03,-0.0298814733,-6.782881e-07,44054.249661758775,0.03,0.0301181079,6.483158e-07,46455.92148147554
0.3,3,52,2026-05-27T21:52:15.901,16814.3933852,16814.5519718,0.15858659999867086,35890.28208402999,False,-0.03,-0.0298757385,-9.423122e-07,31704.71368194108,0.03,0.0301207899,7.293528e-07,41297.96978910617
0.3,3,53,2026-05-27T21:52:16.085,16814.5520281,16814.7363089,0.18428080000012415,27686.894004341102,False,-0.03,-0.0298854468,-1.223294e-06,24430.306042537606,0.03,0.0301161031,9.438523e-07,31907.64391843936
0.3,3,54,2026-05-27T21:52:16.242,16814.7363647,16814.8931003,0.1567356000014115,28945.791992050894,False,-0.03,-0.0298874395,-1.032045e-06,28959.434423886556,0.03,0.030122687,1.041145e-06,28932.268800215144
0.3,3,55,2026-05-27T21:52:16.403,16814.8931567,16815.05346,0.16030329999921378,35600.32523041802,False,-0.03,-0.0298869613,-7.085698e-07,42179.276198336425,0.03,0.030117839,9.769429e-07,30828.658461001145
0.3,3,56,2026-05-27T21:52:16.561,16815.0535149,16815.2120302,0.1585153000014543,39024.20925916194,False,-0.03,-0.0298826731,-7.558249e-07,39536.50256825357,0.03,0.0301158623,7.816447e-07,38528.838358399924
0.3,3,57,2026-05-27T21:52:16.719,16815.2120983,16815.3693287,0.1572304000001168,50872.05161242622,False,-0.03,-0.0298831832,-5.798585e-07,51535.30249190104,0.03,0.0301148261,5.995319e-07,50230.56504582991
0.3,3,58,2026-05-27T21:52:16.880,16815.3693839,16815.5303631,0.16097919999810983,60562.16670876989,False,-0.03,-0.0298798036,-4.895645e-07,61033.43604366738,0.03,0.0301263358,5.012544e-07,60101.88798342717
0.3,3,59,2026-05-27T21:52:17.038,16815.5304134,16815.6887148,0.1583013999988907,35675.48395122751,False,-0.03,-0.0298772463,-1.206461e-06,24764.3697558396,0.03,0.0301159461,4.751754e-07,63378.58841177384
0.3,3,60,2026-05-27T21:52:17.222,16815.688767,16815.8725319,0.18376490000082413,27378.89396282604,False,-0.03,-0.0298757638,-1.002032e-06,29815.179355549524,0.03,0.0301216052,1.189341e-06,25326.298513210255
0.3,3,61,2026-05-27T21:52:17.381,16815.8725838,16816.0320896,0.15950580000207992,44941.55175552072,False,-0.03,-0.0298770869,-6.423975e-07,46508.72224751808,0.03,0.0301206487,6.926195e-07,43488.01715804998
0.3,3,62,2026-05-27T21:52:17.541,16816.0321583,16816.1922913,0.160133000001224,40060.19827829613,False,-0.03,-0.029880608,-6.216442e-07,48067.05829476089,0.03,0.030120904,8.761395e-07,34379.118850365725
0.3,3,63,2026-05-27T21:52:17.699,16816.1923489,16816.349964,0.15761510000083945,49133.52401902653,False,-0.03,-0.0298751083,-5.76916e-07,51784.15627231695,0.03,0.0301184968,6.44116e-07,46759.429667948
0.3,3,64,2026-05-27T21:52:17.860,16816.3500234,16816.5103772,0.16035380000175792,54519.271224745535,False,-0.03,-0.0298796197,-4.793278e-07,62336.50478858101,0.03,0.0301160578,6.211212e-07,48486.60422474711
0.3,3,65,2026-05-27T21:52:18.020,16816.5105494,16816.670105,0.15955559999929392,62908.67096723599,False,-0.03,-0.0298812935,-5.058299e-07,59073.79832627529,0.03,0.0301217329,4.479818e-07,67238.74251141453
0.3,3,66,2026-05-27T21:52:18.212,16816.6701528,16816.8625552,0.19240239999999176,35083.283466046094,False,-0.03,-0.0298818142,-1.235335e-06,24189.239518025475,0.03,0.0301236901,4.750381e-07,63413.20854053601
0.3,3,67,2026-05-27T21:52:18.370,16816.8626202,16817.0207405,0.15812029999869992,38733.549405931626,False,-0.03,-0.0298748319,-6.573969e-07,45444.13260847442,0.03,0.0301216815,8.915578e-07,33785.45002915122
0.3,3,68,2026-05-27T21:52:18.528,16817.0207983,16817.1790852,0.1582869000012579,24681.696951397847,False,-0.03,-0.0298766333,-1.238566e-06,24121.95498665392,0.03,0.0301241524,1.192417e-06,25263.102085931347
0.3,3,69,2026-05-27T21:52:18.679,16817.1791417,16817.3299919,0.15085019999969518,31179.530497598553,False,-0.03,-0.0298740949,-1.226796e-06,24351.314236433765,0.03,0.0301297579,6.97667e-07,43186.44553920424
0.3,3,70,2026-05-27T21:52:18.839,16817.3300483,16817.4898089,0.15976060000321013,55998.10334386896,False,-0.03,-0.0298843451,-4.836741e-07,61786.118173373354,0.03,0.0301215481,5.87896e-07,51236.18480139344
0.3,3,71,2026-05-27T21:52:18.996,16817.4898622,16817.6468878,0.15702560000136145,62537.628961720955,False,-0.03,-0.0298814438,-4.845162e-07,61672.74448202145,0.03,0.0301179454,4.748964e-07,63420.03308511077
0.3,3,72,2026-05-27T21:52:19.157,16817.6469799,16817.8079627,0.16098280000005616,48413.56914036303,False,-0.03,-0.0298847117,-6.154739e-07,48555.61170018745,0.03,0.0301189497,6.239237e-07,48273.45026322931
0.3,3,73,2026-05-27T21:52:19.315,16817.8080228,16817.9662578,0.1582349999989674,54303.76654703772,False,-0.03,-0.0298795249,-5.477514e-07,54549.42680201274,0.03,0.0301155479,5.570536e-07,54062.208555873265
0.3,3,74,2026-05-27T21:52:19.509,16817.9663123,16818.1596113,0.19329900000229827,38334.465862599856,False,-0.03,-0.029879509,-9.580074e-07,31189.225678215014,0.03,0.0301181622,6.07103e-07,49609.641527055544
10.0,3,0,2026-05-27T21:52:26.493,16823.4051643,16825.1438617,1.7386974000000919,35221.421517038114,False,-0.03,-0.0298789461,-8.602059e-07,34734.644461285374,0.03,0.0301206891,8.432925e-07,35717.96156137995
10.0,3,1,2026-05-27T21:52:28.230,16825.1439188,16826.8815428,1.737624000001233,35254.73794479544,False,-0.03,-0.0298792637,-8.594617e-07,34765.09040484294,0.03,0.0301195973,8.424049e-07,35754.29974350814
10.0,3,2,2026-05-27T21:52:29.970,16826.881598,16828.6203152,1.7387172000017017,35247.20517342076,False,-0.03,-0.0298804335,-8.59634e-07,34759.48310560076,0.03,0.0301198335,8.426362e-07,35744.76565331515
10.0,3,3,2026-05-27T21:52:31.709,16828.6203671,16830.3603067,1.7399396000000706,35236.79391362658,False,-0.03,-0.0298800949,-8.602692e-07,34733.424025874694,0.03,0.0301190529,8.424722e-07,35750.797355687224
10.0,3,4,2026-05-27T21:52:33.449,16830.3603639,16832.100336,1.7399721000001591,35222.127551958474,False,-0.03,-0.0298805707,-8.605384e-07,34723.111368417725,0.03,0.0301187879,8.42918e-07,35731.57519474017
10.0,3,5,2026-05-27T21:52:35.188,16832.1003938,16833.8386681,1.738274300001649,35224.670348885986,False,-0.03,-0.0298802417,-8.604332e-07,34726.97438917978,0.03,0.0301193025,8.429055e-07,35732.71558911409
10.0,3,6,2026-05-27T21:52:36.925,16833.8387201,16835.5761831,1.7374630000012985,35242.65760061275,False,-0.03,-0.0298807888,-8.601345e-07,34739.67013298501,0.03,0.030118708,8.423335e-07,35756.27468217754
5.0,3,0,2026-05-27T21:52:40.164,16837.8755666,16838.8147181,0.9391514999988431,35218.67915965135,False,-0.03,-0.0298813777,-8.606356e-07,34720.12742675297,0.03,0.0301190941,8.430192e-07,35727.649026261795
5.0,3,1,2026-05-27T21:52:41.114,16838.8147745,16839.764502,0.949727500003064,35262.42237329874,False,-0.03,-0.0298805025,-8.594408e-07,34767.377229472935,0.03,0.0301182447,8.420517e-07,35767.69062992213
5.0,3,2,2026-05-27T21:52:42.052,16839.7645587,16840.7033876,0.9388288999980432,35241.579627279985,False,-0.03,-0.0298811759,-8.59693e-07,34757.961155901,0.03,0.0301191429,8.428504e-07,35734.86220093151
5.0,3,3,2026-05-27T21:52:42.995,16840.7034464,16841.6456206,0.9421742000013182,35241.420775272265,False,-0.03,-0.029881679,-8.590702e-07,34783.74526319269,0.03,0.0301189755,8.434904e-07,35707.54984289092
5.0,3,4,2026-05-27T21:52:43.934,16841.6456757,16842.584676,0.939000299997133,35186.692123420886,False,-0.03,-0.0298820271,-8.618968e-07,34670.07546611149,0.03,0.0301189783,8.433219e-07,35714.68771295991
5.0,3,5,2026-05-27T21:52:44.876,16842.5847282,16843.5263659,0.9416377000015927,35198.4049012165,False,-0.03,-0.0298805446,-8.610896e-07,34700.8541271431,0.03,0.0301194202,8.435321e-07,35706.311828559934
5.0,3,6,2026-05-27T21:52:45.818,16843.5264448,16844.4680929,0.94164809999711,35283.95204537436,False,-0.03,-0.0298804585,-8.595582e-07,34762.57744967124,0.03,0.030118106,8.408909e-07,35816.900860741865
5.0,3,7,2026-05-27T21:52:46.759,16844.468145,16845.4103611,0.9422161000002234,35257.00324726111,False,-0.03,-0.0298810104,-8.589863e-07,34786.36434597385,0.03,0.0301194776,8.428171e-07,35736.671218464835
5.0,3,8,2026-05-27T21:52:47.697,16845.4104103,16846.3479334,0.9375231000012718,35268.2640151734,False,-0.03,-0.0298803198,-8.584396e-07,34807.71367024541,0.03,0.0301194652,8.428005e-07,35737.36038362578
5.0,3,9,2026-05-27T21:52:48.640,16846.347984,16847.2910043,0.9430203000010806,35217.35104445408,False,-0.03,-0.0298814663,-8.602989e-07,34733.81902499236,0.03,0.0301187925,8.434141e-07,35710.56317412764
5.0,3,10,2026-05-27T21:52:49.581,16847.291064,16848.2317767,0.9407126999976754,35196.84805322384,False,-0.03,-0.0298809345,-8.603992e-07,34729.151886705615,0.03,0.0301184214,8.442806e-07,35673.47325048094
5.0,3,11,2026-05-27T21:52:50.520,16848.2318319,16849.1715128,0.9396808999990753,35261.49597354796,False,-0.03,-0.0298821072,-8.594825e-07,34767.55745463113,0.03,0.0301183219,8.421024e-07,35765.628859388125
5.0,3,12,2026-05-27T21:52:51.460,16849.1715692,16850.1108793,0.9393100999986927,35218.85373025974,False,-0.03,-0.0298811363,-8.620485e-07,34662.94100621949,0.03,0.0301190201,8.415889e-07,35788.28107167288
0.7,3,0,2026-05-27T21:52:53.056,16851.5110825,16851.7072919,0.1962093999973149,36608.16260960824,False,-0.03,-0.0298732914,-9.202292e-07,32462.881421280697,0.03,0.030127769,7.187785e-07,41915.23396985302
0.7,3,1,2026-05-27T21:52:53.245,16851.7073477,16851.8963253,0.18897759999890695,39843.875696605784,False,-0.03,-0.0298706952,-7.648357e-07,39055.04829337856,0.03,0.0301255554,7.409478e-07,40658.134621629215
0.7,3,2,2026-05-27T21:52:53.444,16851.8963924,16852.094878,0.19848559999809368,29857.781534274618,False,-0.03,-0.0298651955,-1.017637e-06,29347.59201955118,0.03,0.0301356736,9.919185e-07,30381.199261834518
0.7,3,3,2026-05-27T21:52:53.630,16852.0949352,16852.2807584,0.18582320000132313,31667.413120614547,False,-0.03,-0.0298767347,-1.022507e-06,29219.10040713658,0.03,0.0301190035,8.720506e-07,34538.13746587641
0.7,3,4,2026-05-27T21:52:53.826,16852.2808129,16852.4764758,0.19566289999784203,36551.8156151788,False,-0.03,-0.0298638291,-9.282219e-07,32173.15719441655,0.03,0.0301327085,7.131887e-07,42250.68134141778
0.7,3,5,2026-05-27T21:52:54.005,16852.4765305,16852.6565537,0.18002319999868632,35399.16781261659,False,-0.03,-0.0298642475,-1.004237e-06,29738.246549370317,0.03,0.0301357419,6.907178e-07,43629.60082974552
0.7,3,6,2026-05-27T21:52:54.203,16852.6566089,16852.853617,0.19700809999994817,38477.237308097945,False,-0.03,-0.0298652723,-7.499334e-07,39823.899428935954,0.03,0.0301352158,8.094428e-07,37229.580397774866
0.7,3,7,2026-05-27T21:52:54.382,16852.8536745,16853.0336572,0.17998270000316552,35184.03677774186,False,-0.03,-0.0298646164,-1.015957e-06,29395.55158338394,0.03,0.0301344506,6.893353e-07,43715.229149007755
0.7,3,8,2026-05-27T21:52:54.579,16853.033723,16853.229729,0.19600599999830592,29790.536385027943,False,-0.03,-0.0298630109,-1.016734e-06,29371.508083726912,0.03,0.0301137219,9.965474e-07,30218.052748920927
0.7,3,9,2026-05-27T21:52:54.758,16853.2297843,16853.408542,0.17875769999955082,34932.858997180956,False,-0.03,-0.0298895126,-8.671089e-07,34470.31001527028,0.03,0.0301087277,8.504213e-07,35404.48445964371
0.7,3,10,2026-05-27T21:52:54.958,16853.4085961,16853.6081341,0.19953800000075717,35634.6704705134,False,-0.03,-0.0298900045,-8.266091e-07,36159.78157027306,0.03,0.0301080581,8.5709e-07,35128.23402443151
0.7,3,11,2026-05-27T21:52:55.134,16853.6081873,16853.784937,0.17674970000007306,36119.86249344521,False,-0.03,-0.0298835906,-8.391068e-07,35613.5721936707,0.03,0.0301045696,8.217013e-07,36636.8771717898
0.7,3,12,2026-05-27T21:52:55.332,16853.7849889,16853.9827037,0.19771480000053998,35412.55342364597,False,-0.03,-0.0298988809,-7.093723e-07,42148.362573503364,0.03,0.0301034697,9.850085e-07,30561.634442748462
0.7,3,13,2026-05-27T21:52:55.516,16853.9827545,16854.1672611,0.18450659999871277,37350.02595840679,False,-0.03,-0.0298931966,-7.101527e-07,42094.04061971461,0.03,0.0301064827,8.962633e-07,33591.1140174991
0.7,3,14,2026-05-27T21:52:55.714,16854.1673143,16854.3648465,0.1975321999998414,37722.08764913286,False,-0.03,-0.0298917618,-7.825624e-07,38197.288548491466,0.03,0.030105328,8.079405e-07,37261.813215205824
0.7,3,15,2026-05-27T21:52:55.897,16854.3649091,16854.5474637,0.18255460000000312,36395.28890037341,False,-0.03,-0.0298964692,-7.039034e-07,42472.40345763353,0.03,0.0301046585,9.446926e-07,31867.14757795287
0.7,3,16,2026-05-27T21:52:56.092,16854.5475137,16854.7431905,0.19567680000182008,31607.79207506656,False,-0.03,-0.029895704,-9.017207e-07,33154.062006117856,0.03,0.0301041666,9.965413e-07,30208.649255178887
0.7,3,17,2026-05-27T21:52:56.273,16854.7432808,16854.9236997,0.1804188999994949,35008.949106370106,False,-0.03,-0.0298967971,-7.127961e-07,41942.986360335024,0.03,0.0301031888,1.001051e-06,30071.583565672478
0.7,3,18,2026-05-27T21:52:56.468,16854.9237526,16855.1193175,0.19556490000104532,33762.519638513535,False,-0.03,-0.0298965741,-1.026291e-06,29130.69889534255,0.03,0.0301228241,7.514021e-07,40088.82075256378
0.7,3,19,2026-05-27T21:52:56.648,16855.1193719,16855.2982443,0.1788723999998183,35662.583947966086,False,-0.03,-0.0298712888,-8.500452e-07,35140.8240408863,0.03,0.0301289046,8.323958e-07,36195.4068004668
0.7,3,20,2026-05-27T21:52:56.846,16855.2982975,16855.4973049,0.19900739999866346,34819.09704990694,False,-0.03,-0.0298726621,-8.925874e-07,33467.49248308905,0.03,0.0301227626,8.304735e-07,36271.79265804387
0.7,3,21,2026-05-27T21:52:57.029,16855.49736,16855.6792552,0.18189519999941695,33673.22699598872,False,-0.03,-0.0298768159,-9.18847e-07,32515.55035822068,0.03,0.0301230222,8.629792e-07,34905.84964272603
0.7,3,22,2026-05-27T21:52:57.224,16855.6793105,16855.8751376,0.1958271000003151,36804.11370228115,False,-0.03,-0.0298763855,-8.370038e-07,35694.44427850865,0.03,0.0301358392,7.935809e-07,37974.50165446271
0.7,3,23,2026-05-27T21:52:57.404,16855.8751919,16856.0548323,0.17964040000151726,35129.68754784661,False,-0.03,-0.0298623252,-1.007421e-06,29642.34932565432,0.03,0.0301367888,7.005109e-07,43021.156130475625
0.7,3,24,2026-05-27T21:52:57.604,16856.0548869,16856.2548086,0.1999216999975033,30008.405669599462,False,-0.03,-0.0298639309,-1.004356e-06,29734.407819538093,0.03,0.0301348904,9.950445e-07,30284.96755672736
0.7,3,25,2026-05-27T21:52:57.784,16856.2548646,16856.4352091,0.18034450000050128,34873.64607761304,False,-0.03,-0.0298631657,-1.024487e-06,29149.38471644833,0.03,0.0301366599,6.960049e-07,43299.493868505815
0.7,3,26,2026-05-27T21:52:57.980,16856.4352629,16856.6311619,0.19589900000210037,30823.12904130038,False,-0.03,-0.029863439,-1.004777e-06,29721.459587550267,0.03,0.030130798,9.416262e-07,31998.68270445321
0.7,3,27,2026-05-27T21:52:58.161,16856.6312167,16856.8113913,0.18017460000191932,35150.11666125141,False,-0.03,-0.0298701071,-9.882515e-07,30225.20795566716,0.03,0.0301279012,7.186563e-07,41922.54517214975
0.7,3,28,2026-05-27T21:52:58.356,16856.811446,16857.0067943,0.19534829999975045,30418.63487041479,False,-0.03,-0.0298676339,-9.889119e-07,30202.522489617124,0.03,0.0301068721,9.827251e-07,30636.107798610214
0.7,3,29,2026-05-27T21:52:58.536,16857.0068579,16857.1870666,0.18020869999963907,35459.36291405444,False,-0.03,-0.0298927484,-8.042558e-07,37168.209915303065,0.03,0.0301061957,8.877922e-07,33911.309087869886
0.7,3,30,2026-05-27T21:52:58.737,16857.1871172,16857.3879079,0.20079070000065258,36716.6239135277,False,-0.03,-0.0298922694,-8.096641e-07,36919.34643020482,0.03,0.0301095968,8.245239e-07,36517.554918662754
0.7,3,31,2026-05-27T21:52:58.917,16857.3879636,16857.5680863,0.1801227000032668,35409.26817603697,False,-0.03,-0.0298897211,-8.489625e-07,35207.3514436739,0.03,0.0301118787,8.455543e-07,35611.99877997191
0.7,3,32,2026-05-27T21:52:59.113,16857.5681405,16857.7638984,0.1957579000008991,34698.412799387086,False,-0.03,-0.0298938613,-8.599585e-07,34761.98130491181,0.03,0.0301060373,8.692243e-07,34635.52192454813
0.7,3,33,2026-05-27T21:52:59.297,16857.763956,16857.9479297,0.1839737000009336,39588.933768927105,False,-0.03,-0.0298886074,-6.927269e-07,43146.306863498445,0.03,0.0301112365,8.228442e-07,36594.09217443594
0.7,3,34,2026-05-27T21:52:59.497,16857.9479859,16858.1475839,0.19959800000287942,34940.36427904864,False,-0.03,-0.0298888397,-8.548508e-07,34963.80853828527,0.03,0.0301117147,8.623767e-07,34917.12461619151
0.7,3,35,2026-05-27T21:52:59.676,16858.1476399,16858.3275826,0.17994270000053803,35865.21721951678,False,-0.03,-0.0298879379,-8.376658e-07,35680.026449689125,0.03,0.0301126302,8.352801e-07,36050.936925230235
0.7,3,36,2026-05-27T21:52:59.877,16858.327658,16858.5284535,0.20079550000082236,34729.0437959158,False,-0.03,-0.0298855194,-8.436152e-07,35425.534532805956,0.03,0.030106886,8.838267e-07,34064.241326947915
0.7,3,37,2026-05-27T21:53:00.058,16858.5285134,16858.708771,0.18025760000091395,35805.51090964819,False,-0.03,-0.0298816484,-8.91206e-07,33529.45155216639,0.03,0.0301160135,7.844484e-07,38391.32503807771
0.7,3,38,2026-05-27T21:53:00.257,16858.7088244,16858.9082374,0.19941299999845796,33606.11234313245,False,-0.03,-0.0298808696,-8.937894e-07,33431.66701238569,0.03,0.0301183979,8.915783e-07,33780.990295524236
0.7,3,39,2026-05-27T21:53:00.439,16858.9082953,16859.0898034,0.1815080999986094,35822.43125341184,False,-0.03,-0.0298799746,-8.623023e-07,34651.39151316192,0.03,0.0301244032,8.127481e-07,37064.870653035054
0.7,3,40,2026-05-27T21:53:00.635,16859.0898579,16859.2859552,0.1960973000022932,33000.7329055502,False,-0.03,-0.0298828508,-9.3375e-07,32003.053065595715,0.03,0.0301024725,8.839467e-07,34054.62399486304
0.7,3,41,2026-05-27T21:53:00.813,16859.2860085,16859.4644457,0.17843720000018948,34166.72706379964,False,-0.03,-0.0298967266,-7.749307e-07,38579.87120654789,0.03,0.0301053078,9.812233e-07,30681.403305445354
0.7,3,42,2026-05-27T21:53:01.015,16859.4644988,16859.6662598,0.20176100000026054,42658.66756310322,False,-0.03,-0.0298965353,-7.180833e-07,41633.79833509566,0.03,0.0301010719,6.883743e-07,43727.76830860769
0.7,3,43,2026-05-27T21:53:01.196,16859.6663183,16859.8474374,0.1811191000015242,35859.324969739435,False,-0.03,-0.0298919197,-7.899536e-07,37840.09554485225,0.03,0.0301114816,8.833462e-07,34087.973209144955
0.7,3,44,2026-05-27T21:53:01.391,16859.8474878,16860.0423973,0.1949094999981753,32448.752828433313,False,-0.03,-0.0298926849,-8.80089e-07,33965.524963952514,0.03,0.030104793,9.689028e-07,31071.014553781868
0.7,3,45,2026-05-27T21:53:01.571,16860.0424564,16860.2222844,0.17982800000027055,35189.53209332093,False,-0.03,-0.0298954177,-7.052262e-07,42391.24652487386,0.03,0.0301032694,9.99789e-07,30109.622530353903
0.7,3,46,2026-05-27T21:53:01.769,16860.2223285,16860.4193403,0.19701179999901797,42983.19811923789,False,-0.03,-0.0298966475,-7.111133e-07,42042.03113624791,0.03,0.0301183205,6.851292e-07,43960.059650063085
0.7,3,47,2026-05-27T21:53:01.949,16860.4193949,16860.6003253,0.18093040000167093,34478.89189351657,False,-0.03,-0.0298844797,-8.130281e-07,36757.00716863292,0.03,0.0301107437,9.270285e-07,32480.925559462303
0.7,3,48,2026-05-27T21:53:02.147,16860.6003776,16860.7975862,0.197208599998703,40816.59798419747,False,-0.03,-0.0298887907,-7.678383e-07,38925.89194886476,0.03,0.0301324697,7.026728e-07,42882.64708695142
0.7,3,49,2026-05-27T21:53:02.327,16860.7976604,16860.9785379,0.1808774999990419,34812.53567284528,False,-0.03,-0.0298714748,-8.78587e-07,33999.45002600767,0.03,0.030120954,8.447126e-07,35658.22742551727
0.7,3,50,2026-05-27T21:53:02.525,16860.9785933,16861.1755561,0.1969628000006196,36908.98714930143,False,-0.03,-0.0298793658,-8.277512e-07,36097.037129031036,0.03,0.0301331082,7.982071e-07,37750.989937323284
0.7,3,51,2026-05-27T21:53:02.705,16861.175614,16861.3561476,0.18053359999976237,34386.68008848358,False,-0.03,-0.0298660365,-9.665604e-07,30899.29661922835,0.03,0.0301325616,7.782605e-07,38717.83496656967
0.7,3,52,2026-05-27T21:53:02.900,16861.3562008,16861.5512558,0.19505500000013853,32396.319348550463,False,-0.03,-0.0298646155,-9.36575e-07,31887.051757734298,0.03,0.0301315505,9.153689e-07,32917.385001828225
0.7,3,53,2026-05-27T21:53:03.080,16861.5513098,16861.7303453,0.17903549999755342,34986.94809731601,False,-0.03,-0.0298697258,-9.859675e-07,30294.838115860817,0.03,0.0301272258,7.288706e-07,41334.121310421906
0.7,3,54,2026-05-27T21:53:03.276,16861.7304004,16861.9273435,0.19694309999977122,34590.345535766995,False,-0.03,-0.0298781634,-9.595294e-07,31138.35115422206,0.03,0.030122416,7.750754e-07,38863.852471643404
0.7,3,55,2026-05-27T21:53:03.457,16861.9273918,16862.1075589,0.1801670999993803,36130.21897922751,False,-0.03,-0.029884451,-8.507054e-07,35129.02468939306,0.03,0.0301101064,8.098037e-07,37181.98175681341
0.7,3,56,2026-05-27T21:53:03.655,16862.1076103,16862.3052378,0.19762749999790685,34286.24371067996,False,-0.03,-0.029881725,-8.480009e-07,35237.84585605982,0.03,0.0301038824,9.015523e-07,33391.165881336005
0.7,3,57,2026-05-27T21:53:03.834,16862.3053206,16862.4850048,0.17968420000033802,35279.04109067919,False,-0.03,-0.0298969604,-7.450055e-07,40129.85192726765,0.03,0.0301039781,9.557476e-07,31497.832796022714
0.7,3,58,2026-05-27T21:53:04.033,16862.4850587,16862.6832024,0.19814369999949122,39710.23653201628,False,-0.03,-0.0298945487,-7.569036e-07,39495.84689516604,0.03,0.0301032744,7.53987e-07,39925.455478675365
0.7,3,59,2026-05-27T21:53:04.215,16862.6832573,16862.8658549,0.18259760000000824,37511.57753101157,False,-0.03,-0.0298939338,-7.019815e-07,42585.07353826276,0.03,0.0301061233,8.975262e-07,33543.447868151365
0.7,3,60,2026-05-27T21:53:04.411,16862.8659256,16863.0620157,0.19609010000203853,37495.3128766324,False,-0.03,-0.0298935376,-7.828037e-07,38187.78270976491,0.03,0.0301033837,8.173142e-07,36832.08208055115
0.7,3,61,2026-05-27T21:53:04.590,16863.0620663,16863.2414913,0.17942499999844586,35057.15997212655,False,-0.03,-0.0298918022,-7.29262e-07,40989.112554884254,0.03,0.0301067532,9.821874e-07,30652.758526529666
0.7,3,62,2026-05-27T21:53:04.791,16863.2415425,16863.4416902,0.20014770000125282,42848.66894579628,False,-0.03,-0.0298947061,-7.272766e-07,41105.00200336433,0.03,0.0301075662,6.730533e-07,44732.81120529385
0.7,3,63,2026-05-27T21:53:04.972,16863.4417635,16863.6231353,0.1813718000012159,35536.46121260629,False,-0.03,-0.0298977122,-6.917071e-07,43223.081272405616,0.03,0.0301032074,9.967255e-07,30202.10419017071
2.0,3,0,2026-05-27T21:53:07.206,16865.4594129,16865.8571207,0.3977077999988978,35284.54257094511,False,-0.03,-0.0298800036,-8.619683e-07,34664.852060104764,0.03,0.0301200414,8.384943e-07,35921.581577835415
2.0,3,1,2026-05-27T21:53:07.603,16865.8571766,16866.2539469,0.3967703000016627,35285.18909842519,False,-0.03,-0.0298793173,-8.601606e-07,34736.905294197386,0.03,0.0301196253,8.402396e-07,35846.4720063182
2.0,3,2,2026-05-27T21:53:07.998,16866.2540001,16866.6488378,0.3948376999978791,35207.43349600346,False,-0.03,-0.0298797238,-8.626001e-07,34639.13788092536,0.03,0.0301195345,8.415644e-07,35789.934198737494
2.0,3,3,2026-05-27T21:53:08.394,16866.6488935,16867.0450049,0.3961113999976078,35213.23709667603,False,-0.03,-0.0298785258,-8.599286e-07,34745.35653308891,0.03,0.0301202208,8.439405e-07,35689.98146196325
2.0,3,4,2026-05-27T21:53:08.791,16867.0450618,16867.4410282,0.3959663999994518,35165.11239715341,False,-0.03,-0.0298789873,-8.653956e-07,34526.3915138926,0.03,0.0301190945,8.407864e-07,35822.528171245394
2.0,3,5,2026-05-27T21:53:09.188,16867.4410879,16867.8388247,0.3977368000014394,35197.19036290911,False,-0.03,-0.029879786,-8.60749e-07,34713.703995009,0.03,0.030119006,8.438982e-07,35690.33089536155
2.0,3,6,2026-05-27T21:53:09.583,16867.8388811,16868.2342797,0.3953985999978613,35161.5717954691,False,-0.03,-0.0298800203,-8.619268e-07,34666.54047652306,0.03,0.0301194221,8.444657e-07,35666.83892548863
2.0,3,7,2026-05-27T21:53:09.981,16868.2343366,16868.6317025,0.39736590000029537,35228.551832990765,False,-0.03,-0.029879817,-8.606648e-07,34717.13610223167,0.03,0.0301198214,8.424889e-07,35751.00087372071
2.0,3,8,2026-05-27T21:53:10.377,16868.631757,16869.0280157,0.3962587000023632,35288.548564053526,False,-0.03,-0.0298790805,-8.584778e-07,34804.72121701924,0.03,0.0301203236,8.417736e-07,35781.97700664407
2.0,3,9,2026-05-27T21:53:10.773,16869.0280703,16869.424357,0.39628670000092825,35351.17808951066,False,-0.03,-0.0298793507,-8.573413e-07,34851.173855732835,0.03,0.0301202136,8.399024e-07,35861.563915045364
2.0,3,10,2026-05-27T21:53:11.170,16869.4244121,16869.8206049,0.39619279999897117,35288.619846433365,False,-0.03,-0.029879664,-8.592979e-07,34772.18319746854,0.03,0.030119886,8.409542e-07,35816.321507164124
2.0,3,11,2026-05-27T21:53:11.565,16869.8206603,16870.2157661,0.39510579999841866,35295.13832390993,False,-0.03,-0.0298794775,-8.570265e-07,34864.12322139397,0.03,0.0301192858,8.428893e-07,35733.382545015105
2.0,3,12,2026-05-27T21:53:11.960,16870.2158184,16870.6105335,0.39471509999930277,35306.3929563961,False,-0.03,-0.0298794201,-8.58646e-07,34798.298833279376,0.03,0.030119159,8.407227e-07,35825.319097486004
2.0,3,13,2026-05-27T21:53:12.356,16870.6105884,16871.0063708,0.39578240000264486,35324.550389049626,False,-0.03,-0.0298792312,-8.578461e-07,34830.526361313525,0.03,0.0301189913,8.40639e-07,35828.68663005166
2.0,3,14,2026-05-27T21:53:12.751,16871.0064227,16871.402448,0.3960253000004741,35319.40910937735,False,-0.03,-0.0298791158,-8.579518e-07,34826.1007203435,0.03,0.0301192854,8.407856e-07,35822.78930562084
2.0,3,15,2026-05-27T21:53:13.146,16871.402507,16871.7973047,0.39479770000252756,35254.24812353024,False,-0.03,-0.0298795223,-8.595291e-07,34762.665161656536,0.03,0.0301194217,8.423635e-07,35755.84851432902
2.0,3,16,2026-05-27T21:53:13.541,16871.7973655,16872.1921736,0.39480810000168276,35250.00168908787,False,-0.03,-0.0298800771,-8.600966e-07,34740.37346502707,0.03,0.0301190248,8.420055e-07,35770.579645857426
2.0,3,17,2026-05-27T21:53:13.938,16872.1922342,16872.5897402,0.3975060000011581,35300.473794006306,False,-0.03,-0.0298798738,-8.578256e-07,34832.107831708454,0.03,0.0301190248,8.418371e-07,35777.73514614644
2.0,3,18,2026-05-27T21:53:14.334,16872.5898013,16872.9852218,0.39542050000090967,35353.7459350948,False,-0.03,-0.0298806629,-8.563954e-07,34891.19967248773,0.03,0.0301188263,8.407229e-07,35824.91484411808
2.0,3,19,2026-05-27T21:53:14.730,16872.9852872,16873.3807742,0.39548699999795645,35331.31143741377,False,-0.03,-0.0298795917,-8.584567e-07,34806.17216919619,0.03,0.0301197446,8.397349e-07,35868.158629586556
2.0,3,20,2026-05-27T21:53:15.128,16873.3808277,16873.7788781,0.39805040000283043,35335.26081414971,False,-0.03,-0.0298803832,-8.567116e-07,34877.99534872645,0.03,0.0301189674,8.412906e-07,35800.9080334429
2.0,3,21,2026-05-27T21:53:15.523,16873.7789329,16874.1741861,0.3952532000002975,35194.47751824377,False,-0.03,-0.0298802372,-8.63336e-07,34610.20645496075,0.03,0.0301183719,8.414374e-07,35793.95436903565
2.0,3,22,2026-05-27T21:53:15.919,16874.1742376,16874.5694137,0.39517609999893466,35237.64369819343,False,-0.03,-0.0298799287,-8.614015e-07,34687.57449342728,0.03,0.0301189218,8.412904e-07,35800.86234194518
2.0,3,23,2026-05-27T21:53:16.315,16874.5694683,16874.965461,0.39599269999962416,35286.574871873854,False,-0.03,-0.0298802229,-8.604543e-07,34726.10096782595,0.03,0.0301188142,8.398818e-07,35860.77731414111
2.0,3,24,2026-05-27T21:53:16.709,16874.9655148,16875.3605041,0.394989300002635,35257.80265291874,False,-0.03,-0.0298803281,-8.597403e-07,34755.06277884147,0.03,0.0301187808,8.419854e-07,35771.1437751771
2.0,3,25,2026-05-27T21:53:17.104,16875.3605617,16875.7554779,0.3949161999989883,35265.78569726137,False,-0.03,-0.0298803735,-8.619683e-07,34665.28119421561,0.03,0.0301189123,8.393772e-07,35882.45225150266
2.0,3,26,2026-05-27T21:53:17.500,16875.7555342,16876.1508168,0.39528259999860893,35333.45723602308,False,-0.03,-0.0298806126,-8.588768e-07,34790.33616928528,0.03,0.0301193714,8.3923e-07,35889.29304243175
2.0,3,27,2026-05-27T21:53:17.897,16876.1508724,16876.5483804,0.3975079999981972,35272.821466993526,False,-0.03,-0.0298807489,-8.602655e-07,34734.33364467132,0.03,0.0301193786,8.407645e-07,35823.79917325244
2.0,3,28,2026-05-27T21:53:18.293,16876.5484354,16876.9441003,0.3956648999992467,35134.993666108436,False,-0.03,-0.0298806804,-8.644717e-07,34565.249967118645,0.03,0.0301199772,8.432462e-07,35719.078485026075
2.0,3,29,2026-05-27T21:53:18.691,16876.9441546,16877.3413516,0.39719699999841396,35121.05406536864,False,-0.03,-0.0298801973,-8.63693e-07,34595.85442975687,0.03,0.0301203024,8.446982e-07,35658.063909689874
2.0,3,30,2026-05-27T21:53:19.087,16877.3414046,16877.7381458,0.39674120000199764,35188.55277976347,False,-0.03,-0.0298806158,-8.625158e-07,34643.55760207523,0.03,0.0301197691,8.425951e-07,35746.432776549496
7.0,3,0,2026-05-27T21:53:24.392,16881.7793205,16883.042891,1.2635704999993322,35258.976222175144,False,-0.03,-0.0298784816,-8.593394e-07,34769.12800693184,0.03,0.0301199024,8.423091e-07,35758.72847628026
7.0,3,1,2026-05-27T21:53:25.653,16883.0429444,16884.303773,1.2608285999995132,35255.45554454318,False,-0.03,-0.0298795433,-8.593461e-07,34770.092399325484,0.03,0.0301190265,8.424776e-07,35750.53686887342
7.0,3,2,2026-05-27T21:53:26.914,16884.3039229,16885.5643984,1.26047550000294,35255.186875107676,False,-0.03,-0.029879628,-8.596943e-07,34756.10807236945,0.03,0.0301195246,8.421589e-07,35764.6574773478
7.0,3,3,2026-05-27T21:53:28.177,16885.5644554,16886.8281882,1.2637328000018897,35241.05092240866,False,-0.03,-0.0298805189,-8.60055e-07,34742.56751021737,0.03,0.0301202072,8.425255e-07,35749.90572985625
7.0,3,4,2026-05-27T21:53:29.448,16886.8282439,16888.0993853,1.271141400000488,35248.885923003996,False,-0.03,-0.0298798147,-8.596101e-07,34759.729672790025,0.03,0.0301198308,8.425613e-07,35747.94000151681
7.0,3,5,2026-05-27T21:53:30.709,16888.0994398,16889.3598997,1.2604599000005692,35252.644877873776,False,-0.03,-0.029880144,-8.590274e-07,34783.691416595095,0.03,0.0301197624,8.429699e-07,35730.53130366814
7.0,3,6,2026-05-27T21:53:31.966,16889.3599544,16890.6165518,1.2565974000026472,35285.21924925625,False,-0.03,-0.0298803708,-8.592016e-07,34776.903115636655,0.03,0.0301194311,8.412215e-07,35804.400030194185
7.0,3,7,2026-05-27T21:53:33.223,16890.6166046,16891.8737722,1.2571676000006846,35283.02463082865,False,-0.03,-0.0298804726,-8.597185e-07,34756.112146010586,0.03,0.0301194222,8.40813e-07,35821.784629876085
7.0,3,8,2026-05-27T21:53:34.478,16891.8738293,16893.128361,1.2545317000003706,35253.30885316671,False,-0.03,-0.0298802629,-8.596762e-07,34757.57837660272,0.03,0.0301190779,8.42273e-07,35759.28220422594
7.0,3,9,2026-05-27T21:53:35.739,16893.1284152,16894.3905277,1.2621125000005122,35244.630982435374,False,-0.03,-0.0298803458,-8.601749e-07,34737.52349667492,0.03,0.030119684,8.422129e-07,35762.55362509884
0.1,3,0,2026-05-27T21:53:37.200,16895.685577,16895.8504363,0.16485929999907967,45215.54684176635,False,-0.03,-0.0298949509,-5.312031e-07,56277.81709105237,0.03,0.0301067806,7.958124e-07,37831.504761674994
0.1,3,1,2026-05-27T21:53:37.362,16895.8504913,16896.0124362,0.1619448999990709,48762.26339959881,False,-0.03,-0.0298061896,-1.001064e-06,29774.50952186873,0.03,0.0301467158,2.284299e-07,131973.5980272285
0.1,3,2,2026-05-27T21:53:37.525,16896.0124905,16896.1762489,0.1637583999981871,75321.2592155336,False,-0.03,-0.0298919183,-2.620018e-07,114090.50739346065,0.03,0.0300796215,5.342082e-07,56306.92583902681
0.1,3,3,2026-05-27T21:53:37.705,16896.1763051,16896.3560622,0.17975709999882383,39192.06961615622,False,-0.03,-0.0298845604,-7.066129e-07,42292.690099487285,0.03,0.0301523131,8.252499e-07,36537.190855763816
0.1,3,4,2026-05-27T21:53:37.865,16896.3561216,16896.5158565,0.15973489999669255,23704.2196005826,False,-0.03,-0.029921816,-1.16175e-06,25755.81321282548,0.03,0.030099354,1.370338e-06,21964.91230630691
0.1,3,5,2026-05-27T21:53:38.028,16896.5159129,16896.67875,0.16283710000061546,28378.50950799268,False,-0.03,-0.0298709464,-1.137346e-06,26263.728364103798,0.03,0.03012183,9.766754e-07,30841.188382547567
0.1,3,6,2026-05-27T21:53:38.188,16896.6788031,16896.8390283,0.16022520000115037,28413.450475233476,False,-0.03,-0.0299030463,-7.642396e-07,39127.84197521301,0.03,0.030150219,1.349311e-06,22344.8997303068
0.1,3,7,2026-05-27T21:53:38.351,16896.8390867,16897.0014064,0.16231969999716966,29274.856363713687,False,-0.03,-0.02991158,-7.427898e-07,40269.23902293758,0.03,0.0301152483,1.307667e-06,23029.75321698873
0.1,3,8,2026-05-27T21:53:38.542,16897.0014629,16897.1933728,0.19190990000060992,24461.75222946665,False,-0.03,-0.0298326125,-1.016194e-06,29357.20197127714,0.03,0.03015142,1.435962e-06,20997.366225568647
0.1,3,9,2026-05-27T21:53:38.700,16897.1934253,16897.3501971,0.15677180000056978,26802.416715740117,False,-0.03,-0.0298867154,-1.456617e-06,20517.895507192352,0.03,0.0300781305,7.806755e-07,38528.339239543195
0.1,3,10,2026-05-27T21:53:38.859,16897.3502491,16897.5107286,0.16047949999847333,34403.747601884614,False,-0.03,-0.0298836444,-1.00106e-06,29852.001278644635,0.03,0.0300689592,7.415584e-07,40548.33604474037
0.1,3,11,2026-05-27T21:53:39.017,16897.5107878,16897.6673196,0.15653179999935674,42447.912120878624,False,-0.03,-0.029843055,-1.016194e-06,29367.47806029164,0.03,0.0300943053,3.958274e-07,76028.85828520208
0.1,3,12,2026-05-27T21:53:39.176,16897.6673721,16897.826922,0.15954989999954705,37126.52789487178,False,-0.03,-0.0298431148,-8.727631e-07,34193.83198029339,0.03,0.0301219935,7.423922e-07,40574.23219155589
0.1,3,13,2026-05-27T21:53:39.331,16897.8269829,16897.982289,0.15530610000132583,41285.809546117634,False,-0.03,-0.0298405622,-7.755923e-07,38474.54674317937,0.03,0.0301047777,6.763676e-07,44509.49114061644
0.1,3,14,2026-05-27T21:53:39.506,16897.9823417,16898.156357,0.1740152999991551,33871.88570762555,False,-0.03,-0.0298391873,-1.407817e-06,21195.35941105982,0.03,0.0300853914,3.613369e-07,83261.33146102709
0.1,3,15,2026-05-27T21:53:39.686,16898.1564099,16898.3372838,0.18087390000073356,33437.65564409394,False,-0.03,-0.0299117271,-1.095286e-06,27309.512857828915,0.03,0.0301437971,7.007587e-07,43015.94414739339
0.1,3,16,2026-05-27T21:53:39.846,16898.3373491,16898.4974975,0.16014840000207187,26314.287474480923,False,-0.03,-0.0298987547,-8.660304e-07,34523.90897594357,0.03,0.0301560911,1.416184e-06,21293.907500720245
0.1,3,17,2026-05-27T21:53:40.009,16898.4975533,16898.6601916,0.16263830000025337,32249.64986030134,False,-0.03,-0.0299115184,-8.639302e-07,34622.61002104105,0.03,0.0301248845,9.976839e-07,30194.81871963655
0.1,3,18,2026-05-27T21:53:40.169,16898.6602422,16898.8194924,0.15925020000213408,25351.977650661876,False,-0.03,-0.0299484042,-9.59848e-07,31201.194564139325,0.03,0.0301494729,1.410692e-06,21372.115883552186
0.1,3,19,2026-05-27T21:53:40.359,16898.8195451,16899.0100882,0.19054310000137775,30473.13689711313,False,-0.03,-0.0298500317,-7.671867e-07,38908.43219779488,0.03,0.0301218544,1.200838e-06,25084.028320223042
0.1,3,20,2026-05-27T21:53:40.520,16899.0101432,16899.1704503,0.16030709999904502,35081.05205763916,False,-0.03,-0.0299077608,-9.564678e-07,31268.967758245493,0.03,0.0300444732,7.524956e-07,39926.44368950463
0.1,3,21,2026-05-27T21:53:40.674,16899.1705043,16899.3250641,0.15455980000115233,41761.82826422886,False,-0.03,-0.02986239,-1.014505e-06,29435.429100891568,0.03,0.0301423287,4.223267e-07,71372.06503874843
0.1,3,22,2026-05-27T21:53:40.834,16899.3251146,16899.4855695,0.1604549000003317,49220.67803741252,False,-0.03,-0.0298738074,-5.097543e-07,58604.326437265954,0.03,0.0301642664,7.100191e-07,42483.739381095525
0.1,3,23,2026-05-27T21:53:40.990,16899.4856201,16899.6413091,0.15568899999925634,45661.97928676913,False,-0.03,-0.0298785354,-6.153336e-07,48556.64537090125,0.03,0.0301402962,6.990823e-07,43114.088570115426
0.1,3,24,2026-05-27T21:53:41.148,16899.6413637,16899.7993641,0.15800039999885485,33280.44264664712,False,-0.03,-0.0298680746,-6.228958e-07,47950.354778439665,0.03,0.0301413825,1.180249e-06,25538.15550786317
0.1,3,25,2026-05-27T21:53:41.314,16899.7994177,16899.9641595,0.16474179999931948,49373.42822718707,False,-0.03,-0.0298231674,-9.871821e-07,30210.40130285993,0.03,0.0301128072,2.267497e-07,132801.97151308248
0.1,3,26,2026-05-27T21:53:41.500,16899.9642143,16900.1512556,0.18704130000332952,28425.833556477643,False,-0.03,-0.0298754157,-1.124731e-06,26562.27640209081,0.03,0.0301454078,9.867576e-07,30549.96262506618
0.1,3,27,2026-05-27T21:53:41.656,16900.1513102,16900.3063764,0.15506620000087423,36625.46840769811,False,-0.03,-0.0298529667,-1.25554e-06,23776.99372381605,0.03,0.0301208386,3.819491e-07,78860.87072858661
0.1,3,28,2026-05-27T21:53:41.812,16900.3064273,16900.4632216,0.1567942999972729,38408.15800562818,False,-0.03,-0.0298710199,-8.529952e-07,35018.97771523216,0.03,0.0301128018,7.087517e-07,42487.096397793466
0.1,3,29,2026-05-27T21:53:41.975,16900.4632752,16900.6265847,0.1633094999997411,48724.2651444151,False,-0.03,-0.02986557,-3.738938e-07,79877.14693316659,0.03,0.0301814835,8.584912e-07,35156.42734602288
0.1,3,30,2026-05-27T21:53:42.133,16900.6266361,16900.7842004,0.15756429999964894,45658.0737929107,False,-0.03,-0.0298372965,-8.273321e-07,36064.47338378385,0.03,0.0301001892,4.854146e-07,62009.23746422131
0.1,3,31,2026-05-27T21:53:42.281,16900.7842546,16900.9324962,0.14824159999989206,49427.05334792493,False,-0.03,-0.0298948846,-5.185926e-07,57646.184307296324,0.03,0.0301246779,6.957133e-07,43300.41972749407
0.1,3,32,2026-05-27T21:53:42.447,16900.9325806,16901.097943,0.1653623999991396,24821.228373807066,False,-0.03,-0.0298554304,-1.502471e-06,19870.886293312815,0.03,0.0300614313,9.114652e-07,32981.436153569004
0.1,3,33,2026-05-27T21:53:42.618,16901.0979957,16901.268663,0.1706672999971488,33515.666545397384,False,-0.03,-0.0298473282,-8.534182e-07,34973.85947475692,0.03,0.0301073864,9.354382e-07,32185.329185829698
0.1,3,34,2026-05-27T21:53:42.793,16901.2687099,16901.4438155,0.1751055999993696,30203.16880532241,False,-0.03,-0.0298659207,-1.00485e-06,29721.770114942527,0.03,0.0301344682,9.817094e-07,30695.914901089873
0.1,3,35,2026-05-27T21:53:42.957,16901.4438716,16901.6082597,0.1643880999981775,52027.04045025363,False,-0.03,-0.0298945257,-5.063923e-07,59034.32121696954,0.03,0.0301085462,6.469132e-07,46541.86403987428
0.1,3,36,2026-05-27T21:53:43.116,16901.608321,16901.7661276,0.15780660000018543,45597.44091052313,False,-0.03,-0.0298481352,-9.766617e-07,30561.385994761542,0.03,0.0301063941,3.382044e-07,89018.33950120104
0.1,3,37,2026-05-27T21:53:43.271,16901.7661822,16901.9223979,0.15621570000075735,38760.44161258982,False,-0.03,-0.0298353607,-8.479466e-07,35185.42405854331,0.03,0.03011136,6.986488e-07,43099.42277149836
0.1,3,38,2026-05-27T21:53:43.438,16901.9224486,16902.0890108,0.16656220000004396,29003.214199874146,False,-0.03,-0.0299036276,-1.294252e-06,23104.949886111823,0.03,0.0301294729,7.756255e-07,38845.3872390735
0.1,3,39,2026-05-27T21:53:43.622,16902.0890654,16902.2728995,0.18383410000024014,24923.597570102782,False,-0.03,-0.0298046814,-1.063728e-06,28019.081381706605,0.03,0.0301375677,1.341312e-06,22468.722936945316
0.1,3,40,2026-05-27T21:53:43.781,16902.2729539,16902.4316244,0.15867050000088057,28182.315144598924,False,-0.03,-0.0298838824,-1.32116e-06,22619.427170062674,0.03,0.0300973393,8.071684e-07,37287.55895300163
0.1,3,41,2026-05-27T21:53:43.944,16902.431679,16902.5943801,0.16270109999823035,28762.995144753448,False,-0.03,-0.0298883363,-1.405706e-06,21262.153181390702,0.03,0.0300588769,6.784724e-07,44303.75782419447
0.1,3,42,2026-05-27T21:53:44.111,16902.5944299,16902.7624278,0.16799790000004577,27372.897315986367,False,-0.03,-0.0299111106,-1.183608e-06,25271.12912383154,0.03,0.0301315039,1.009898e-06,29836.185337529136
0.1,3,43,2026-05-27T21:53:44.302,16902.762482,16902.9523224,0.1898404000021401,32961.748285997346,False,-0.03,-0.0298887937,-9.669938e-07,30908.981732871503,0.03,0.0301711111,8.551154e-07,35283.08705468291
0.1,3,44,2026-05-27T21:53:44.466,16902.9523805,16903.1173965,0.1650160000026517,26268.69079944732,False,-0.03,-0.0298827565,-1.454942e-06,20538.795704571043,0.03,0.0300590519,8.269307e-07,36350.14626981439
0.1,3,45,2026-05-27T21:53:44.622,16903.117455,16903.2725222,0.15506720000121277,32644.991427452027,False,-0.03,-0.0299026824,-7.894809e-07,37876.38484984247,0.03,0.0301146414,1.049004e-06,28707.842296120893
0.1,3,46,2026-05-27T21:53:44.780,16903.2725703,16903.4306728,0.15810250000140513,28390.290659864913,False,-0.03,-0.0298784742,-1.28123e-06,23320.148763297766,0.03,0.0300563621,8.298733e-07,36218.01315935818
0.1,3,47,2026-05-27T21:53:44.945,16903.430736,16903.5952703,0.1645343000018329,30955.537179595,False,-0.03,-0.0298886316,-1.246289e-06,23982.10334842079,0.03,0.030070724,6.906619e-07,43538.99353649014
0.1,3,48,2026-05-27T21:53:45.128,16903.5953237,16903.7792154,0.1838917000022775,44751.91250940374,False,-0.03,-0.0298778114,-4.65168e-07,64230.15211708458,0.03,0.0300730768,8.744594e-07,34390.47804849488
0.1,3,49,2026-05-27T21:53:45.290,16903.7792685,16903.9410666,0.16179810000176076,28634.252592521338,False,-0.03,-0.0299390474,-7.579287e-07,39501.139619069705,0.03,0.0300987823,1.338785e-06,22482.162781925403
0.1,3,50,2026-05-27T21:53:45.455,16903.9411154,16904.1059698,0.16485439999814844,43927.389509544526,False,-0.03,-0.029882615,-3.183656e-07,93862.57497669348,0.03,0.0301635611,1.048576e-06,28766.213512420654
0.1,3,51,2026-05-27T21:53:45.613,16904.1060234,16904.2636063,0.15758289999939734,51088.63505485368,False,-0.03,-0.0298293852,-8.66453e-07,34427.00896644134,0.03,0.0301251818,3.070872e-07,98099.76384557872
0.1,3,52,2026-05-27T21:53:45.772,16904.2636597,16904.4236188,0.15995910000128788,47394.42170234798,False,-0.03,-0.0299115834,-4.920893e-07,60784.86851878308,0.03,0.030110954,7.74358e-07,38885.0557494079
0.1,3,53,2026-05-27T21:53:45.962,16904.4236706,16904.613116,0.1894453999993857,27300.570835623024,False,-0.03,-0.0298819602,-1.356916e-06,22021.96760890136,0.03,0.0301516347,8.420708e-07,35806.53158855526
0.1,3,54,2026-05-27T21:53:46.119,16904.6131871,16904.7703313,0.15714419999858364,29471.032143399116,False,-0.03,-0.0298796885,-1.219791e-06,24495.744352926038,0.03,0.0301297871,8.16428e-07,36904.401980333845
0.1,3,55,2026-05-27T21:53:46.276,16904.7703897,16904.9275054,0.1571156999998493,34569.82873354486,False,-0.03,-0.0298883419,-1.160894e-06,25745.969830148144,0.03,0.0300920671,5.741568e-07,52410.88688664838
0.1,3,56,2026-05-27T21:53:46.435,16904.9275707,16905.0854994,0.1579286999985925,46789.14127296735,False,-0.03,-0.029834243,-9.619366e-07,31014.770620017993,0.03,0.0301325967,3.197035e-07,94251.69477343852
0.1,3,57,2026-05-27T21:53:46.599,16905.0855556,16905.2496457,0.16409010000279523,42979.93768460261,False,-0.03,-0.0298369728,-8.163933e-07,36547.3023847697,0.03,0.0301283311,5.787996e-07,52053.13047901208
0.1,3,58,2026-05-27T21:53:46.764,16905.2496994,16905.4153744,0.16567500000019209,28985.490844389624,False,-0.03,-0.029922634,-6.725388e-07,44492.05607170917,0.03,0.0301209784,1.398967e-06,21530.87127859342
0.1,3,59,2026-05-27T21:53:46.946,16905.4154283,16905.5976891,0.18226080000022193,46687.22363975171,False,-0.03,-0.0299220708,-9.648817e-07,31011.12892906975,0.03,0.0301104296,3.209626e-07,93812.89159546938
0.1,3,60,2026-05-27T21:53:47.104,16905.5977433,16905.7550914,0.1573480999977619,28596.600600558246,False,-0.03,-0.0299191417,-7.486902e-07,39961.978532642745,0.03,0.0301007534,1.350157e-06,22294.261630314104
0.1,3,61,2026-05-27T21:53:47.268,16905.7551471,16905.9186759,0.16352879999976722,30692.751405348958,False,-0.03,-0.0298998443,-9.682495e-07,30880.309568969566,0.03,0.0301174309,9.871723e-07,30508.788486062665
0.1,3,62,2026-05-27T21:53:47.425,16905.9187304,16906.0760886,0.15735819999827072,27461.163847558633,False,-0.03,-0.0299418069,-7.129151e-07,41999.12009157892,0.03,0.0300968679,1.473397e-06,20426.855694697355
0.1,3,63,2026-05-27T21:53:47.590,16906.0761466,16906.2404803,0.16433369999867864,26902.812230728887,False,-0.03,-0.0299037276,-8.357534e-07,35780.56350114759,0.03,0.0300920833,1.394341e-06,21581.58104796459
0.1,3,64,2026-05-27T21:53:47.783,16906.2405345,16906.4335842,0.19304969999939203,25264.806973806066,False,-0.03,-0.0298248835,-9.644565e-07,30924.031825178223,0.03,0.0300979204,1.407333e-06,21386.495164968062
0.1,3,65,2026-05-27T21:53:47.938,16906.4336631,16906.5889911,0.1553280000007362,28794.670274744094,False,-0.03,-0.0298567729,-1.233675e-06,24201.489776480837,0.03,0.0300595427,8.471377e-07,35483.65596289718
0.1,3,66,2026-05-27T21:53:48.103,16906.5890412,16906.7536619,0.16462069999761297,40216.44905043821,False,-0.03,-0.0298527677,-9.707744e-07,30751.498700418968,0.03,0.0300802419,5.194867e-07,57903.776747316144
0.1,3,67,2026-05-27T21:53:48.260,16906.7537165,16906.911167,0.15745049999895855,27952.89464639917,False,-0.03,-0.0299301941,-1.159214e-06,25819.386325561976,0.03,0.0301263317,9.892764e-07,30452.896379616457
0.1,3,68,2026-05-27T21:53:48.418,16906.9112338,16907.0689564,0.15772259999721427,64537.112358516606,False,-0.03,-0.0298830883,-3.103749e-07,96280.62159665617,0.03,0.0300801821,6.187536e-07,48614.15287119137
0.1,3,69,2026-05-27T21:53:48.609,16907.0690074,16907.259697,0.19068960000004154,63402.06138788862,False,-0.03,-0.0299459903,-6.969387e-07,42967.897033125,0.03,0.0301377657,2.507238e-07,120203.05092695629
0.1,3,70,2026-05-27T21:53:48.774,16907.2597475,16907.4247366,0.16498910000154865,33186.199593002915,False,-0.03,-0.0298951778,-6.267061e-07,47702.06927936396,0.03,0.0301681963,1.183184e-06,25497.468103016945
0.1,3,71,2026-05-27T21:53:48.930,16907.4247911,16907.5807956,0.15600450000056298,41780.30465294663,False,-0.03,-0.0298386355,-6.977808e-07,42762.1905045252,0.03,0.0301041734,7.369337e-07,40850.585880385166
0.1,3,72,2026-05-27T21:53:49.088,16907.5808744,16907.7388255,0.15795110000181012,43922.604152813,False,-0.03,-0.0298726494,-3.057464e-07,97704.01025163337,0.03,0.0301681186,1.061221e-06,28427.743702772557
0.3,4,0,2026-05-27T21:53:50.573,16909.0628323,16909.2238445,0.16101220000200556,38629.05746333766,False,-0.03,-0.0298837706,-7.141833e-07,41843.27832924685,0.03,0.0301191461,8.391271e-07,35893.4255609192
0.3,4,1,2026-05-27T21:53:50.730,16909.2238987,16909.3812447,0.15734599999996135,38442.664893672576,False,-0.03,-0.0298765809,-8.121888e-07,36785.265815042025,0.03,0.0301227968,7.485609e-07,40240.94338884118
0.3,4,2,2026-05-27T21:53:50.890,16909.3812979,16909.5414773,0.16017940000165254,42882.48362761336,False,-0.03,-0.0298852318,-5.6051e-07,53317.92795846639,0.03,0.0301225046,8.388431e-07,35909.58142231843
0.3,4,3,2026-05-27T21:53:51.049,16909.5415388,16909.6990747,0.15753590000167605,48665.576895731356,False,-0.03,-0.0298775001,-5.612106e-07,53237.590487421294,0.03,0.0301172917,6.715867e-07,44844.97936007369
0.3,4,4,2026-05-27T21:53:51.205,16909.6991278,16909.8552948,0.15616700000100536,59847.63344741747,False,-0.03,-0.029882713,-4.909658e-07,60865.16209479357,0.03,0.0301201293,5.116276e-07,58871.19713635465
0.3,4,5,2026-05-27T21:53:51.399,16909.8553485,16910.0497336,0.1943850999996357,40856.46893261943,False,-0.03,-0.029874248,-9.078124e-07,32907.95322910328,0.03,0.0301182184,5.605589e-07,53728.909486585624
0.3,4,6,2026-05-27T21:53:51.558,16910.0497974,16910.2090735,0.15927609999926062,27057.444918185687,False,-0.03,-0.0298763259,-1.204365e-06,24806.703864692183,0.03,0.0301191749,1.012973e-06,29733.442944678685
0.3,4,7,2026-05-27T21:53:51.714,16910.2091253,16910.3650448,0.15591950000089128,24218.77040445628,False,-0.03,-0.0298799446,-1.253997e-06,23827.764021764007,0.03,0.0301196372,1.223403e-06,24619.554799195357
0.3,4,8,2026-05-27T21:53:51.873,16910.3651046,16910.5241784,0.15907379999771365,32160.591032135297,False,-0.03,-0.0298793866,-9.496002e-07,31465.227787441494,0.03,0.030117804,9.159498e-07,32881.50071106517
0.3,4,9,2026-05-27T21:53:52.037,16910.5242316,16910.6876717,0.1634401000010257,31316.010618788452,False,-0.03,-0.0298826265,-8.759858e-07,34113.140304329136,0.03,0.0301235723,1.040165e-06,28960.378689919384
0.3,4,10,2026-05-27T21:53:52.229,16910.6877331,16910.8797686,0.19203550000020186,34970.227324368854,False,-0.03,-0.0298740503,-5.544808e-07,53877.519834771556,0.03,0.0301172278,1.161015e-06,25940.4295379474
0.3,4,11,2026-05-27T21:53:52.388,16910.8798214,16911.038886,0.1590645999967819,58660.32358560582,False,-0.03,-0.0298798209,-5.093352e-07,58664.354829589625,0.03,0.0301253258,5.135904e-07,58656.325741291126
0.3,4,12,2026-05-27T21:53:52.548,16911.0389387,16911.1991907,0.16025200000149198,54990.34881473272,False,-0.03,-0.0298785719,-4.90966e-07,60856.70270446427,0.03,0.0301190716,6.000917e-07,50190.781842175114
0.3,4,13,2026-05-27T21:53:52.706,16911.1992417,16911.3568385,0.1575967999997374,64198.00162080485,False,-0.03,-0.0298804689,-4.675514e-07,63908.41498923968,0.03,0.0301188165,4.67046e-07,64487.901619968914
0.3,4,14,2026-05-27T21:53:52.863,16911.3568883,16911.5142871,0.15739879999819095,52706.623371078604,False,-0.03,-0.0298791936,-5.720124e-07,52235.220075648715,0.03,0.0301175253,5.663022e-07,53182.77997154169
0.3,4,15,2026-05-27T21:53:53.024,16911.5144377,16911.675102,0.16066430000137188,37474.047316537544,False,-0.03,-0.0298814254,-7.99432e-07,37378.3203574538,0.03,0.0301192948,8.016953e-07,37569.504024783484
0.3,4,16,2026-05-27T21:53:53.187,16911.6751557,16911.8385092,0.16335350000008475,27377.323738407064,False,-0.03,-0.0298756772,-9.797415e-07,30493.428317571517,0.03,0.0301180729,1.211625e-06,24857.586216857526
0.3,4,17,2026-05-27T21:53:53.370,16911.8385612,16912.0207477,0.18218650000198977,35750.62461289371,False,-0.03,-0.0298819579,-4.849366e-07,61620.3394423106,0.03,0.0301247362,1.193543e-06,25239.757763230984
0.3,4,18,2026-05-27T21:53:53.527,16912.0208009,16912.1787722,0.1579712999991898,59313.85274772537,False,-0.03,-0.0298786422,-4.9994e-07,59764.45613473617,0.03,0.0301130196,5.114875e-07,58873.42232214864
0.3,4,19,2026-05-27T21:53:53.688,16912.1788228,16912.3389459,0.16012309999860008,56538.901709864826,False,-0.03,-0.0298816042,-5.003584e-07,59720.40081669459,0.03,0.0301171956,5.608366e-07,53700.4817445937
0.3,4,20,2026-05-27T21:53:53.844,16912.3390122,16912.4948367,0.1558245000014722,64621.645099326226,False,-0.03,-0.0298775711,-4.500224e-07,66391.29763318448,0.03,0.0301188056,4.78403e-07,62956.97476813481
0.3,4,21,2026-05-27T21:53:54.001,16912.4948917,16912.6518401,0.15694839999923715,38443.04302418709,False,-0.03,-0.0298817636,-7.858296e-07,38025.75469287489,0.03,0.0301182158,7.749204e-07,38866.205870951395
0.3,4,22,2026-05-27T21:53:54.161,16912.65189,16912.8118958,0.1600058000003628,28563.028658998428,False,-0.03,-0.0298787508,-1.002877e-06,29793.036234752617,0.03,0.0301186621,1.09765e-06,27439.222065321366
0.3,4,23,2026-05-27T21:53:54.322,16912.8119486,16912.9734423,0.16149370000130148,38782.51159854381,False,-0.03,-0.0298827478,-5.822456e-07,51323.26942444906,0.03,0.0301240052,9.650176e-07,31216.016371100384
0.3,4,24,2026-05-27T21:53:54.504,16912.9734949,16913.1544962,0.18100129999947967,36825.8454289947,False,-0.03,-0.0298844376,-8.504695e-07,35138.75288884552,0.03,0.0301213589,7.789784e-07,38667.77166093437
0.3,4,25,2026-05-27T21:53:54.662,16913.1545496,16913.3126931,0.15814350000073318,41123.94117029318,False,-0.03,-0.0298751597,-7.928415e-07,37681.125042016596,0.03,0.0301175807,6.659861e-07,45222.53647636189
0.3,4,26,2026-05-27T21:53:54.822,16913.3127469,16913.4727753,0.16002840000146534,37085.66858634113,False,-0.03,-0.0298783086,-9.336114e-07,32002.93891012899,0.03,0.0301250163,6.843539e-07,44019.64582944585
0.3,4,27,2026-05-27T21:53:54.980,16913.4728244,16913.6305878,0.1577633999986574,33292.72311299673,False,-0.03,-0.0298759811,-9.636151e-07,31004.060749982025,0.03,0.030118831,8.384247e-07,35923.11986991795
0.3,4,28,2026-05-27T21:53:55.137,16913.630644,16913.7877928,0.1571488000008685,25039.722863355844,False,-0.03,-0.02988172,-1.190197e-06,25106.53278406852,0.03,0.0301225454,1.206166e-06,24973.797470663245
0.3,4,29,2026-05-27T21:53:55.296,16913.787846,16913.9467438,0.158897799999977,25099.998954181876,False,-0.03,-0.0298821823,-1.218521e-06,24523.321551290457,0.03,0.0301186875,1.171952e-06,25699.59136551668
0.3,4,30,2026-05-27T21:53:55.455,16913.946798,16914.1060461,0.15924810000069556,36269.716109112356,False,-0.03,-0.0298824685,-5.0751e-07,58880.55112214538,0.03,0.0301209892,1.146858e-06,26263.922124622226
0.3,4,31,2026-05-27T21:53:55.639,16914.1061012,16914.2905377,0.18443649999971967,42468.80017326631,False,-0.03,-0.0298820061,-9.076745e-07,32921.50005315782,0.03,0.0301202081,5.051795e-07,59622.78378279404
0.3,4,32,2026-05-27T21:53:55.797,16914.2905929,16914.4483066,0.15771369999856688,26794.241651558048,False,-0.03,-0.0298819264,-1.160755e-06,25743.525894784,0.03,0.0301194907,1.078585e-06,27925.004241668485
0.3,4,33,2026-05-27T21:53:55.959,16914.4483622,16914.60965,0.16128779999780818,27132.544507650473,False,-0.03,-0.02988638,-1.235628e-06,24187.19873618921,0.03,0.0301233877,9.760985e-07,30861.012182684433
0.3,4,34,2026-05-27T21:53:56.116,16914.6096995,16914.7673672,0.15766769999754615,25149.614453963113,False,-0.03,-0.0298847061,-1.198324e-06,24938.752874848535,0.03,0.0301181746,1.187513e-06,25362.395695878695
0.3,4,35,2026-05-27T21:53:56.274,16914.767413,16914.9246644,0.15725139999995008,24982.597634577392,False,-0.03,-0.0298827293,-1.195945e-06,24986.708669713073,0.03,0.0301176007,1.20574e-06,24978.519996019044
0.3,4,36,2026-05-27T21:53:56.435,16914.924717,16915.0856025,0.16088549999767565,30619.774061947468,False,-0.03,-0.0298824902,-1.050967e-06,28433.328734394137,0.03,0.0301294775,9.089419e-07,33147.85851548927
0.3,4,37,2026-05-27T21:53:56.597,16915.0856518,16915.2479487,0.1622968999981822,49914.8253705517,False,-0.03,-0.0298789266,-7.258207e-07,41165.712964648155,0.03,0.0301246683,4.76299e-07,63247.38934996714
0.3,4,38,2026-05-27T21:53:56.778,16915.2480054,16915.4288639,0.18085849999988568,34869.37158162704,False,-0.03,-0.0298796918,-1.213755e-06,24617.56433547133,0.03,0.030122006,5.070015e-07,59412.0648558239
0.3,4,39,2026-05-27T21:53:56.938,16915.428946,16915.5882691,0.1593231000006199,25038.91774906228,False,-0.03,-0.0298787353,-1.224687e-06,24397.03801869376,0.03,0.0301202205,1.171541e-06,25709.915828810088
0.3,4,40,2026-05-27T21:53:57.098,16915.5883253,16915.7485102,0.1601848999998765,26193.94040319032,False,-0.03,-0.0298813861,-1.234218e-06,24210.78456156044,0.03,0.0301270454,1.05671e-06,28510.23024292379
0.3,4,41,2026-05-27T21:53:57.256,16915.7485631,16915.9071852,0.15862209999977495,24340.881684105316,False,-0.03,-0.0298852918,-1.259325e-06,23731.19869771505,0.03,0.0301201905,1.205889e-06,24977.58126991788
0.3,4,42,2026-05-27T21:53:57.412,16915.9072423,16916.0632958,0.15605349999896134,25313.505449535533,False,-0.03,-0.0298826296,-1.184031e-06,25238.046638981577,0.03,0.0301247817,1.186538e-06,25388.804825467032
0.3,4,43,2026-05-27T21:53:57.573,16916.0633506,16916.2242763,0.16092569999818807,35785.25514689643,False,-0.03,-0.0298828846,-8.095291e-07,36913.9103214449,0.03,0.0301180702,8.671658e-07,34731.61672196943
0.3,4,44,2026-05-27T21:53:57.757,16916.2243314,16916.4079344,0.1836029999976745,31102.04780916973,False,-0.03,-0.0298792394,-1.204501e-06,24806.32178802674,0.03,0.0301192856,7.24585e-07,41567.63609514412
0.3,4,45,2026-05-27T21:53:57.917,16916.4080071,16916.5677939,0.15978680000262102,24365.4040528122,False,-0.03,-0.0298751583,-1.242918e-06,24036.3067394631,0.03,0.0301255507,1.219619e-06,24700.78827896253
0.3,4,46,2026-05-27T21:53:58.073,16916.5678504,16916.7239783,0.15612790000159293,24280.018639562815,False,-0.03,-0.0298814712,-1.240119e-06,24095.648240209204,0.03,0.0301165915,1.230969e-06,24465.759495161943
0.3,4,47,2026-05-27T21:53:58.234,16916.7240333,16916.884242,0.1602086999992025,28285.183914187783,False,-0.03,-0.0298851895,-9.336123e-07,32010.27824933326,0.03,0.0301272957,1.188081e-06,25357.94756418123
0.3,4,48,2026-05-27T21:53:58.393,16916.8842957,16917.0440937,0.15979799999695388,28423.605096484524,False,-0.03,-0.0298826389,-9.523989e-07,31376.179560896177,0.03,0.0301245059,1.158774e-06,25996.87764827309
0.3,4,49,2026-05-27T21:53:58.552,16917.0441456,16917.2023597,0.15821409999989555,32023.99779275189,False,-0.03,-0.0298837707,-9.327749e-07,32037.494469458816,0.03,0.030123645,9.410516e-07,32010.61982148482
0.3,4,50,2026-05-27T21:53:58.711,16917.2024121,16917.3621035,0.15969140000015614,37621.022316959796,False,-0.03,-0.0298825592,-8.235464e-07,36285.21623068232,0.03,0.0301265943,7.715499e-07,39046.85140909227
0.3,4,51,2026-05-27T21:53:58.874,16917.36216,16917.5247239,0.16256389999762177,37310.641389028904,False,-0.03,-0.0298805505,-9.857703e-07,30311.879451024237,0.03,0.0301208037,6.223863e-07,48395.67275179418
0.3,4,52,2026-05-27T21:53:59.056,16917.5247769,16917.7070557,0.18227879999903962,35942.27646484805,False,-0.03,-0.0298754173,-9.840902e-07,30358.41358851048,0.03,0.0301173603,6.850522e-07,43963.59912427111
0.3,4,53,2026-05-27T21:53:59.215,16917.7071076,16917.8660824,0.1589748000005784,25061.98221972721,False,-0.03,-0.0298852532,-1.181364e-06,25297.243863872605,0.03,0.0301159893,1.21275e-06,24832.809152752012
0.3,4,54,2026-05-27T21:53:59.375,16917.8661348,16918.026,0.15986520000296878,25514.936315118637,False,-0.03,-0.0298756875,-1.149536e-06,25989.34483130585,0.03,0.0301186794,1.201807e-06,25061.161567539548
0.3,4,55,2026-05-27T21:53:59.533,16918.0260507,16918.1840059,0.15795520000028773,25111.987968296035,False,-0.03,-0.0298801511,-1.1759e-06,25410.45250446466,0.03,0.0301212778,1.213454e-06,24822.760318891364
0.3,4,56,2026-05-27T21:53:59.691,16918.1840566,16918.3422095,0.15815289999954985,31507.540234274205,False,-0.03,-0.0298838495,-9.765124e-07,30602.63187646158,0.03,0.0301185997,9.278714e-07,32459.88582038416
0.3,4,57,2026-05-27T21:53:59.852,16918.3422642,16918.5028115,0.160547299998143,39177.371959189906,False,-0.03,-0.0298812988,-8.068583e-07,37034.13449424763,0.03,0.0301220589,7.247237e-07,41563.507444285315
0.3,4,58,2026-05-27T21:54:00.037,16918.5028667,16918.6873791,0.1845123999992211,33875.22086500423,False,-0.03,-0.0298739941,-1.100605e-06,27143.247668327873,0.03,0.03011681,6.703297e-07,44928.35391300728
0.3,4,59,2026-05-27T21:54:00.202,16918.6874348,16918.8529253,0.16549050000321586,24658.114176676343,False,-0.03,-0.0298832241,-1.22791e-06,24336.656676792274,0.03,0.0301156144,1.205319e-06,24985.596676066667
0.3,4,60,2026-05-27T21:54:00.354,16918.85298,16919.0047687,0.15178870000090683,29725.05785003756,False,-0.03,-0.0298767679,-8.145758e-07,36677.70132626086,0.03,0.0301231068,1.203919e-06,25020.874992420588
0.3,4,61,2026-05-27T21:54:00.514,16919.0048266,16919.1648388,0.16001219999816385,26545.428656497457,False,-0.03,-0.0298750529,-1.060924e-06,28159.465616764257,0.03,0.0301269864,1.199429e-06,25117.77387406841
0.3,4,62,2026-05-27T21:54:00.671,16919.1649024,16919.3217077,0.1568053000009968,28568.4524022083,False,-0.03,-0.0298800744,-1.023073e-06,29206.199753096796,0.03,0.0301209606,1.077182e-06,27962.740372564713
0.3,4,63,2026-05-27T21:54:00.828,16919.3217624,16919.4790165,0.15725410000231932,40306.621632578186,False,-0.03,-0.0298809033,-7.196506e-07,41521.403997995694,0.03,0.0301227461,7.690291e-07,39169.839086713364
0.3,4,64,2026-05-27T21:54:00.988,16919.4790756,16919.6387829,0.15970730000117328,60840.06612394742,False,-0.03,-0.0298847611,-5.048449e-07,59195.9255208877,0.03,0.0301235909,4.814846e-07,62563.97587794085
0.3,4,65,2026-05-27T21:54:01.145,16919.638838,16919.7960799,0.15724190000037197,62256.82510269617,False,-0.03,-0.0298763152,-4.825527e-07,61913.06193085232,0.03,0.0301155568,4.810665e-07,62601.65029159171
0.3,4,66,2026-05-27T21:54:01.303,16919.7961326,16919.9534329,0.15730030000122497,51721.74993588598,False,-0.03,-0.0298843176,-5.689222e-07,52527.95127347817,0.03,0.0301151105,5.911203e-07,50945.82354894596
0.3,4,67,2026-05-27T21:54:01.460,16919.9534876,16920.110798,0.1573104000017338,39293.64627736622,False,-0.03,-0.0298839669,-8.199007e-07,36448.275870480415,0.03,0.0301214232,7.072009e-07,42592.45597679528
0.3,4,68,2026-05-27T21:54:01.623,16920.1108548,16920.2741245,0.1632696999986365,34318.16957427302,False,-0.03,-0.0298767935,-6.740821e-07,44322.18790559785,0.03,0.0301175133,1.074097e-06,28039.8449115862
0.3,4,69,2026-05-27T21:54:01.804,16920.2741803,16920.4551563,0.18097599999964586,38874.286226669064,False,-0.03,-0.0298790935,-6.045366e-07,49424.78834201271,0.03,0.0301228697,9.389506e-07,32081.421216409042
0.3,4,70,2026-05-27T21:54:01.955,16920.4552159,16920.6062727,0.15105679999760468,32786.41250701061,False,-0.03,-0.0298767341,-6.391699e-07,46743.02419434958,0.03,0.0301192828,1.190735e-06,25294.69848454946
0.3,4,71,2026-05-27T21:54:02.125,16920.6063314,16920.7755185,0.16918710000027204,25845.003941434166,False,-0.03,-0.0298830469,-1.184165e-06,25235.543104212677,0.03,0.0301158713,1.137325e-06,26479.565031982944
0.3,4,72,2026-05-27T21:54:02.283,16920.7755734,16920.9338791,0.1583057000025292,52129.654295642635,False,-0.03,-0.0298801045,-5.746731e-07,51994.95939517614,0.03,0.0301175515,5.762583e-07,52263.97867067598
0.3,4,73,2026-05-27T21:54:02.440,16920.9339317,16921.0912553,0.1573236000003817,39429.00534255536,False,-0.03,-0.0298740786,-7.681638e-07,38890.2452836231,0.03,0.030122334,7.534676e-07,39978.273783769866
2.0,4,0,2026-05-27T21:54:04.676,16922.9285322,16923.3262523,0.3977201000016066,35279.25070322792,False,-0.03,-0.0298793825,-8.597183e-07,34754.85225800125,0.03,0.0301198028,8.40975e-07,35815.33672225691
2.0,4,1,2026-05-27T21:54:05.072,16923.3263066,16923.7228213,0.39651470000171685,35218.127438240626,False,-0.03,-0.0298789401,-8.605805e-07,34719.51793004838,0.03,0.0301199367,8.430557e-07,35727.101661254404
2.0,4,2,2026-05-27T21:54:05.467,16923.7228757,16924.1178919,0.39501620000010007,35184.22901357286,False,-0.03,-0.0298796001,-8.620738e-07,34660.14174192511,0.03,0.0301200586,8.43226e-07,35720.03069165324
2.0,4,3,2026-05-27T21:54:05.863,16924.1179482,16924.5140113,0.3960631000009016,35284.09386082831,False,-0.03,-0.0298796097,-8.603704e-07,34728.77460684375,0.03,0.0301196617,8.400919e-07,35852.817650069
2.0,4,4,2026-05-27T21:54:06.259,16924.5140683,16924.9095016,0.39543330000014976,35246.77312012486,False,-0.03,-0.0298799062,-8.603495e-07,34729.96288136391,0.03,0.0301196641,8.419218e-07,35774.89512683957
2.0,4,5,2026-05-27T21:54:06.656,16924.9095933,16925.3066563,0.3970630000003439,35252.90088404313,False,-0.03,-0.0298800664,-8.60749e-07,34714.02975780396,0.03,0.0301203145,8.412494e-07,35804.262683575165
2.0,4,6,2026-05-27T21:54:07.050,16925.3067171,16925.7007026,0.39398549999896204,35159.23521530225,False,-0.03,-0.029879349,-8.629995e-07,34622.6724349203,0.03,0.0301205715,8.4352e-07,35708.18889889985
2.0,4,7,2026-05-27T21:54:07.454,16925.7007601,16926.1043627,0.4036025999994308,35229.045599543904,False,-0.03,-0.0298810549,-8.605382e-07,34723.6821096379,0.03,0.0301193998,8.426148e-07,35745.158760562954
2.0,4,8,2026-05-27T21:54:07.850,16926.1044175,16926.5001841,0.39576660000238917,35299.781335331776,False,-0.03,-0.0298812438,-8.585617e-07,34803.8397240408,0.03,0.0301187088,8.411642e-07,35805.98033059419
2.0,4,9,2026-05-27T21:54:08.245,16926.5002369,16926.8956254,0.39538850000099046,35279.69150002193,False,-0.03,-0.0298813586,-8.592553e-07,34775.87929920246,0.03,0.030118594,8.414385e-07,35794.17152887584
2.0,4,10,2026-05-27T21:54:08.640,16926.8956807,16927.2909858,0.39530509999895,35324.1679363786,False,-0.03,-0.0298807584,-8.560166e-07,34906.75110739675,0.03,0.0301190364,8.425314e-07,35748.26576196448
2.0,4,11,2026-05-27T21:54:09.035,16927.2910378,16927.6860004,0.39496259999941685,35316.77305482603,False,-0.03,-0.0298809736,-8.572782e-07,34855.63216234823,0.03,0.0301188546,8.416264e-07,35786.48982493895
2.0,4,12,2026-05-27T21:54:09.430,16927.6860552,16928.0814304,0.3953752000015811,35271.82028835116,False,-0.03,-0.0298808015,-8.586455e-07,34799.92790971362,0.03,0.0301190938,8.424262e-07,35752.798049253455
2.0,4,13,2026-05-27T21:54:09.826,16928.0814851,16928.4772051,0.3957200000004377,35181.42853172384,False,-0.03,-0.0298810358,-8.616957e-07,34677.01625991635,0.03,0.0301189978,8.437505e-07,35696.56883166292
2.0,4,14,2026-05-27T21:54:10.222,16928.4772587,16928.8729827,0.3957239999981539,35208.170597500604,False,-0.03,-0.0298806096,-8.592136e-07,34776.69534094898,0.03,0.0301191197,8.449286e-07,35646.940700078085
2.0,4,15,2026-05-27T21:54:10.617,16928.8730372,16929.2679217,0.39488450000135344,35232.72531931775,False,-0.03,-0.029881382,-8.589823e-07,34786.95893966616,0.03,0.030117948,8.439609e-07,35686.42575740179
2.0,4,16,2026-05-27T21:54:11.013,16929.2679734,16929.6640257,0.3960522999987006,35213.657732379885,False,-0.03,-0.0298801003,-8.603913e-07,34728.50120636971,0.03,0.03011862,8.434567e-07,35708.55504497149
2.0,4,17,2026-05-27T21:54:11.410,16929.664086,16930.0616478,0.3975618000004033,35233.17978942231,False,-0.03,-0.0298810902,-8.60455e-07,34727.08067243494,0.03,0.0301190384,8.424889e-07,35750.071484621345
2.0,4,18,2026-05-27T21:54:11.807,16930.0617018,16930.4578313,0.39612949999718694,35303.299453783075,False,-0.03,-0.0298816976,-8.591924e-07,34778.819738163416,0.03,0.0301197725,8.404071e-07,35839.502664839456
2.0,4,19,2026-05-27T21:54:12.203,16930.4578936,16930.8535164,0.39562279999881866,35199.65401524994,False,-0.03,-0.029881272,-8.613794e-07,34690.02393138262,0.03,0.030119488,8.432044e-07,35720.26901187897
2.0,4,20,2026-05-27T21:54:12.600,16930.8535712,16931.2507913,0.39722009999968577,35233.915291048834,False,-0.03,-0.0298813509,-8.606859e-07,34718.06718339408,0.03,0.0301185363,8.422156e-07,35761.07626123287
2.0,4,21,2026-05-27T21:54:12.995,16931.2508449,16931.6458724,0.39502749999883235,35285.50788613256,False,-0.03,-0.029880139,-8.590029e-07,34784.677676873966,0.03,0.0301185341,8.413743e-07,35796.831564738786
2.0,4,22,2026-05-27T21:54:13.391,16931.6459265,16932.0419657,0.3960391999971762,35258.147398765126,False,-0.03,-0.0298809855,-8.586879e-07,34798.423851087224,0.03,0.0301194117,8.430577e-07,35726.3941720715
2.0,4,23,2026-05-27T21:54:13.786,16932.0420207,16932.437503,0.3954823000021861,35299.21192949724,False,-0.03,-0.029880775,-8.578883e-07,34830.61256343046,0.03,0.0301189334,8.418581e-07,35776.73410756516
2.0,4,24,2026-05-27T21:54:14.182,16932.4375573,16932.8325243,0.3949670000001788,35302.54641181916,False,-0.03,-0.0298811337,-8.574262e-07,34849.8024669645,0.03,0.030119053,8.421732e-07,35763.490217926665
2.0,4,25,2026-05-27T21:54:14.576,16932.8325815,16933.2274311,0.3948496000011801,35260.106773335785,False,-0.03,-0.0298814494,-8.60118e-07,34741.10459262566,0.03,0.0301192921,8.415428e-07,35790.56478173184
2.0,4,26,2026-05-27T21:54:14.972,16933.2274868,16933.6231093,0.3956225000001723,35817.11957104097,False,-0.03,-0.0298800983,-8.588773e-07,34789.717110930746,0.03,0.0301193901,8.16285e-07,36898.13006486705
2.0,4,27,2026-05-27T21:54:15.370,16933.6231654,16934.020509,0.39734360000147717,35281.018265892686,False,-0.03,-0.0298805479,-9.082593e-07,32898.697431449364,0.03,0.0301203275,7.923967e-07,38011.677105671944
2.0,4,28,2026-05-27T21:54:15.765,16934.0205663,16934.4159006,0.3953342999993765,35154.66606872165,False,-0.03,-0.029879844,-9.114767e-07,32781.79683583793,0.03,0.0301198339,7.952577e-07,37874.30652982046
2.0,4,29,2026-05-27T21:54:16.163,16934.4159564,16934.8134334,0.3974769999986165,35268.10301085725,False,-0.03,-0.0298792773,-9.099625e-07,32835.72377982609,0.03,0.0301189324,7.912407e-07,38065.44885772433
2.0,4,30,2026-05-27T21:54:16.558,16934.8134933,16935.2083854,0.39489210000101593,35273.82660618608,False,-0.03,-0.0298801071,-9.094594e-07,32854.800445187546,0.03,0.0301182557,7.914721e-07,38053.46480311814
0.7,4,0,2026-05-27T21:54:18.155,16936.609649,16936.8051768,0.19552779999867198,35801.7505379052,False,-0.03,-0.0298693556,-8.9457e-07,33389.62361805113,0.03,0.0301241211,7.811435e-07,38564.13207048385
0.7,4,1,2026-05-27T21:54:18.352,16936.8052303,16937.0020883,0.19685799999933806,29739.884992660816,False,-0.03,-0.029873899,-1.077246e-06,27731.73351305087,0.03,0.0301332216,9.404861e-07,32040.049927372664
0.7,4,2,2026-05-27T21:54:18.547,16937.0021418,16937.1980858,0.19594399999914458,37045.39722580296,False,-0.03,-0.029884564,-8.251648e-07,36216.47942326187,0.03,0.0301092269,7.94302e-07,37906.522833884344
0.7,4,3,2026-05-27T21:54:18.723,16937.1981524,16937.3741901,0.1760376999991422,35701.55752480331,False,-0.03,-0.0298898384,-8.789481e-07,34006.37466535283,0.03,0.0301052438,8.015131e-07,37560.51373333761
0.7,4,4,2026-05-27T21:54:18.919,16937.3742431,16937.5706043,0.19636119999995572,30989.651322416532,False,-0.03,-0.0298790983,-1.089745e-06,27418.431192618453,0.03,0.0301212393,8.463961e-07,35587.63952244109
0.7,4,5,2026-05-27T21:54:19.098,16937.5706625,16937.7493095,0.1786470000006375,36572.56585876309,False,-0.03,-0.0298758645,-8.436751e-07,35411.57549867242,0.03,0.0301258441,7.969456e-07,37801.63175504075
0.7,4,6,2026-05-27T21:54:19.295,16937.7493707,16937.9463196,0.19694890000027954,35527.48653377178,False,-0.03,-0.0298748943,-9.025027e-07,33102.27692393607,0.03,0.0301350948,7.866117e-07,38310.00072844073
0.7,4,7,2026-05-27T21:54:19.475,16937.9463738,16938.1259284,0.17955459999939194,35035.07852070168,False,-0.03,-0.029864981,-1.047502e-06,28510.667282735496,0.03,0.0301327241,6.650018e-07,45312.244417985035
0.7,4,8,2026-05-27T21:54:19.671,16938.1259788,16938.3220385,0.1960596999997506,29857.649168754273,False,-0.03,-0.0298619065,-1.076045e-06,27751.540595421196,0.03,0.0301317129,9.332766e-07,32285.940631105506
0.7,4,9,2026-05-27T21:54:19.856,16938.3221056,16938.5065743,0.18446870000116178,35297.712129554355,False,-0.03,-0.0298700572,-1.028571e-06,29040.345489032843,0.03,0.0301297316,6.712499e-07,44886.01279493673
0.7,4,10,2026-05-27T21:54:20.052,16938.5066293,16938.703145,0.1965156999976898,39350.17233485486,False,-0.03,-0.0298862902,-8.420531e-07,35492.168130489634,0.03,0.0301305651,6.831462e-07,44105.588379178575
0.7,4,11,2026-05-27T21:54:20.230,16938.7032009,16938.8812132,0.1780122999989544,34974.49126996953,False,-0.03,-0.029867642,-1.052371e-06,28381.285687271888,0.03,0.0301272226,6.630182e-07,45439.51071026406
0.7,4,12,2026-05-27T21:54:20.426,16938.8812675,16939.0770398,0.19577229999777046,32048.130660743405,False,-0.03,-0.0298808208,-9.928185e-07,30096.962133562174,0.03,0.0301042262,8.78899e-07,34252.202130165126
0.7,4,13,2026-05-27T21:54:20.606,16939.077092,16939.2570892,0.17999720000079833,35475.548838436116,False,-0.03,-0.0298944642,-8.141098e-07,36720.43279665715,0.03,0.0301041715,8.771575e-07,34320.14375981508
0.7,4,14,2026-05-27T21:54:20.802,16939.25717,16939.4531509,0.19598089999999502,38860.14804987913,False,-0.03,-0.0298957964,-8.305131e-07,35996.77885875611,0.03,0.030106631,7.135476e-07,42192.88383844329
0.7,4,15,2026-05-27T21:54:20.981,16939.4532015,16939.6321752,0.17897369999991497,35559.74550610922,False,-0.03,-0.0298894905,-7.787766e-07,38380.05725903937,0.03,0.0301105321,9.085252e-07,33142.2090438438
0.7,4,16,2026-05-27T21:54:21.179,16939.6322311,16939.8295097,0.19727860000057262,40202.742345028804,False,-0.03,-0.0298830207,-8.01791e-07,37270.33690824666,0.03,0.0301223583,6.907783e-07,43606.404978268714
0.7,4,17,2026-05-27T21:54:21.361,16939.8295652,16940.0120823,0.18251709999822197,33498.06163191425,False,-0.03,-0.0298834057,-9.005796e-07,33182.41463608547,0.03,0.0301121888,8.904373e-07,33817.30392471205
0.7,4,18,2026-05-27T21:54:21.558,16940.0121375,16940.2080324,0.19589489999998477,40722.870740186176,False,-0.03,-0.0298880514,-8.089402e-07,36947.17038416437,0.03,0.0301326507,6.649417e-07,45316.22952809246
0.7,4,19,2026-05-27T21:54:21.738,16940.2080845,16940.3888127,0.1807282000008854,34237.64945197376,False,-0.03,-0.0298705206,-9.613331e-07,31071.97765269915,0.03,0.0301293372,7.911195e-07,38084.43250355982
0.7,4,20,2026-05-27T21:54:21.934,16940.388868,16940.584372,0.19550400000298396,35124.23308251137,False,-0.03,-0.0298703156,-9.172246e-07,32565.97740618819,0.03,0.03013813,7.912382e-07,38089.83186099963
0.7,4,21,2026-05-27T21:54:22.115,16940.5844256,16940.7656063,0.18118070000127773,34723.54837406622,False,-0.03,-0.0298631079,-1.082295e-06,27592.392000332628,0.03,0.0301373989,6.456536e-07,46677.34974295814
0.7,4,22,2026-05-27T21:54:22.310,16940.7656625,16940.9608571,0.19519459999719402,29755.01424286194,False,-0.03,-0.029862862,-1.086562e-06,27483.808563156086,0.03,0.0301230176,9.294303e-07,32410.195363762083
0.7,4,23,2026-05-27T21:54:22.490,16940.96091,16941.1412622,0.18035219999728724,35528.47558041004,False,-0.03,-0.0298753645,-9.622912e-07,31046.074722495647,0.03,0.030119373,7.263469e-07,41466.92578986708
0.7,4,24,2026-05-27T21:54:22.687,16941.1413109,16941.3377669,0.19645600000148988,31197.709211557598,False,-0.03,-0.0298686243,-9.906545e-07,30150.394814741165,0.03,0.0301048754,9.317142e-07,32311.276784232763
0.7,4,25,2026-05-27T21:54:22.866,16941.3378246,16941.5167855,0.17896090000067488,35133.07899649319,False,-0.03,-0.0298942033,-8.571351e-07,34876.88615248635,0.03,0.0301037959,8.506002e-07,35391.24009140839
0.7,4,26,2026-05-27T21:54:23.066,16941.5168401,16941.7171895,0.2003493999982311,40251.53016089222,False,-0.03,-0.0298944288,-8.022112e-07,37265.03544203821,0.03,0.0301062691,6.884327e-07,43731.60818769939
0.7,4,27,2026-05-27T21:54:23.246,16941.717242,16941.8975649,0.18032289999973727,36517.97356094076,False,-0.03,-0.0298938071,-7.870101e-07,37984.019645999455,0.03,0.0301058114,8.56006e-07,35170.093901210974
0.7,4,28,2026-05-27T21:54:23.442,16941.8976231,16942.0934484,0.19582529999752296,37519.672928696404,False,-0.03,-0.0298946884,-8.389272e-07,35634.425013278866,0.03,0.0301053468,7.602348e-07,39600.064085464124
0.7,4,29,2026-05-27T21:54:23.624,16942.0935025,16942.2746662,0.1811636999991606,35242.11888340224,False,-0.03,-0.0298930419,-7.724675e-07,38698.122445280875,0.03,0.0301065492,9.300292e-07,32371.61714922499
0.7,4,30,2026-05-27T21:54:23.819,16942.2747167,16942.4696577,0.19494099999792525,43329.35511599717,False,-0.03,-0.0298945033,-7.461479e-07,40065.11751892621,0.03,0.0301250291,6.390454e-07,47140.67122617579
0.7,4,31,2026-05-27T21:54:23.999,16942.4697167,16942.6496044,0.17988770000010845,35462.6391835542,False,-0.03,-0.0298749024,-8.900636e-07,33564.907496498,0.03,0.0301256986,8.018748e-07,37569.080110760435
0.7,4,32,2026-05-27T21:54:24.198,16942.6496571,16942.8487897,0.19913260000248556,35695.23732922833,False,-0.03,-0.0298741987,-9.154215e-07,32634.364279187237,0.03,0.0301274749,7.655219e-07,39355.4709538682
0.7,4,33,2026-05-27T21:54:24.379,16942.8488439,16943.029509,0.18066510000062408,34603.982097494394,False,-0.03,-0.0298731329,-9.341707e-07,31978.237917331382,0.03,0.0301260265,7.997095e-07,37671.21248403326
0.7,4,34,2026-05-27T21:54:24.575,16943.0295604,16943.2255312,0.19597080000312417,35299.03775895823,False,-0.03,-0.0298728391,-9.107968e-07,32798.57713597589,0.03,0.0301373677,7.892554e-07,38184.55686207532
0.7,4,35,2026-05-27T21:54:24.754,16943.2255826,16943.4054322,0.17984960000103456,34824.46823884942,False,-0.03,-0.0298629327,-1.077488e-06,27715.32740967881,0.03,0.0301383515,6.454754e-07,46691.712031163384
0.7,4,36,2026-05-27T21:54:24.957,16943.4054931,16943.607921,0.20242789999974775,29549.874925685923,False,-0.03,-0.0298639999,-1.08476e-06,27530.5135698219,0.03,0.0301043242,9.446335e-07,31868.787418612617
0.7,4,37,2026-05-27T21:54:25.144,16943.6079773,16943.7949681,0.18699080000078538,31316.136943472527,False,-0.03,-0.0298885064,-9.778576e-07,30565.295396793976,0.03,0.0301113612,9.380833e-07,32098.81382602163
0.7,4,38,2026-05-27T21:54:25.339,16943.795026,16943.9892906,0.19426459999885992,31507.42961048563,False,-0.03,-0.029878272,-1.077787e-06,27721.870833476376,0.03,0.0301268085,8.26687e-07,36442.823583774756
0.7,4,39,2026-05-27T21:54:25.518,16943.9893518,16944.1694246,0.18007280000165338,35259.18133763293,False,-0.03,-0.0298709344,-9.210704e-07,32430.67457167226,0.03,0.0301266104,7.805444e-07,38596.92081577935
0.7,4,40,2026-05-27T21:54:25.717,16944.1694773,16944.3686245,0.19914719999724184,38498.26778128368,False,-0.03,-0.029866596,-8.949312e-07,33373.06376177297,0.03,0.0301348908,6.636191e-07,45409.920841639425
0.7,4,41,2026-05-27T21:54:25.899,16944.3686933,16944.5504708,0.18177750000177184,34363.560711006445,False,-0.03,-0.0298734144,-9.558636e-07,31252.800504172355,0.03,0.0301301357,7.902753e-07,38126.12604746726
0.7,4,42,2026-05-27T21:54:26.099,16944.5505274,16944.7500089,0.1994814999998198,35735.23703951997,False,-0.03,-0.0298736604,-9.068276e-07,32943.042756969466,0.03,0.030126503,7.72192e-07,39014.264587045705
0.7,4,43,2026-05-27T21:54:26.285,16944.7500683,16944.9353391,0.1852708000005805,32727.806138729327,False,-0.03,-0.0298963991,-8.728781e-07,34250.37138633676,0.03,0.0301038479,9.604329e-07,31344.040692483566
0.7,4,44,2026-05-27T21:54:26.484,16944.9353896,16945.1348301,0.19944050000049174,30284.186899489254,False,-0.03,-0.0298881119,-1.07292e-06,27856.794448793946,0.03,0.0301055286,9.08102e-07,33152.14436263768
0.7,4,45,2026-05-27T21:54:26.664,16945.1348845,16945.314098,0.17921349999960512,35260.73551133773,False,-0.03,-0.0298971711,-7.545008e-07,39625.101921694455,0.03,0.0301066149,9.47216e-07,31784.31836033175
0.7,4,46,2026-05-27T21:54:26.863,16945.3141562,16945.5131353,0.19897910000145203,30273.5685483698,False,-0.03,-0.029894616,-1.045638e-06,28589.833192749305,0.03,0.0301069702,9.363413e-07,32153.84198048297
0.7,4,47,2026-05-27T21:54:27.042,16945.513189,16945.6928047,0.1796156999989762,34889.99475736045,False,-0.03,-0.0298934955,-7.866488e-07,38001.06921919921,0.03,0.0301083776,9.330956e-07,32267.194915504904
0.7,4,48,2026-05-27T21:54:27.239,16945.6928558,16945.8904475,0.19759170000179438,42118.90623102874,False,-0.03,-0.0298905714,-7.943401e-07,37629.43781888891,0.03,0.0301226785,6.305129e-07,47774.8805773839
0.7,4,49,2026-05-27T21:54:27.420,16945.8905002,16946.0709936,0.18049339999924996,34430.02935895297,False,-0.03,-0.0298835566,-8.564134e-07,34893.845192053275,0.03,0.0301178346,8.862918e-07,33981.84954436
0.7,4,50,2026-05-27T21:54:27.617,16946.0710481,16946.2679785,0.19693040000129258,38776.81422957488,False,-0.03,-0.0298840963,-8.342394e-07,35821.96705166407,0.03,0.0301318881,7.134892e-07,42231.736794334094
0.7,4,51,2026-05-27T21:54:27.798,16946.2680315,16946.4489378,0.18090630000006058,35073.25652510072,False,-0.03,-0.0298672759,-9.794188e-07,30494.897484099758,0.03,0.0301301801,7.312138e-07,41205.704952505
0.7,4,52,2026-05-27T21:54:27.995,16946.448987,16946.6459082,0.19692120000036084,35350.155974314606,False,-0.03,-0.0298706987,-9.247348e-07,32301.908287651768,0.03,0.0301392736,7.728524e-07,38997.451000993206
0.7,4,53,2026-05-27T21:54:28.175,16946.6459645,16946.8258105,0.17984599999908824,34886.7621800762,False,-0.03,-0.0298626506,-1.063126e-06,28089.47443670835,0.03,0.0301368345,6.567093e-07,45890.67719918083
0.7,4,54,2026-05-27T21:54:28.371,16946.8258981,16947.0214114,0.19551330000103917,30050.19621554081,False,-0.03,-0.029863894,-1.056874e-06,28256.815855059354,0.03,0.0301283628,9.395275e-07,32067.568857750306
0.7,4,55,2026-05-27T21:54:28.551,16947.0214567,16947.201898,0.18044129999907454,35379.874354008025,False,-0.03,-0.0298776637,-9.9943e-07,29894.703681098224,0.03,0.0301278415,6.96605e-07,43249.533810409055
0.7,4,56,2026-05-27T21:54:28.745,16947.2019524,16947.3962007,0.19424830000207294,34967.959783288316,False,-0.03,-0.0298716994,-1.022803e-06,29205.721336366827,0.03,0.0301202101,6.928221e-07,43474.66701769473
0.7,4,57,2026-05-27T21:54:28.930,16947.3962522,16947.5808058,0.18455360000007204,40831.16831237115,False,-0.03,-0.0298778892,-7.672386e-07,38942.10901276344,0.03,0.0301207157,7.021929e-07,42895.2154030609
0.7,4,58,2026-05-27T21:54:29.127,16947.5808593,16947.7780792,0.19721990000107326,34381.2790713,False,-0.03,-0.0298839356,-9.85548e-07,30322.151331036137,0.03,0.0301135624,7.59515e-07,39648.41036714219
0.7,4,59,2026-05-27T21:54:29.312,16947.7781335,16947.962818,0.18468450000000303,39800.31838664288,False,-0.03,-0.0298669784,-8.546105e-07,34948.05926208489,0.03,0.0301310185,6.528648e-07,46152.00344696175
0.7,4,60,2026-05-27T21:54:29.520,16947.9628681,16948.1708686,0.2080004999988887,35490.662157001876,False,-0.03,-0.0298723211,-7.743297e-07,38578.29694508683,0.03,0.0301026994,9.15552e-07,32879.289652581174
0.7,4,61,2026-05-27T21:54:29.706,16948.1709217,16948.356666,0.1857443000008061,35448.1305055076,False,-0.03,-0.0298941372,-8.366437e-07,35731.02528591323,0.03,0.0301029722,8.558887e-07,35171.59672747169
0.7,4,62,2026-05-27T21:54:29.893,16948.3567192,16948.5437196,0.18700039999748697,35821.30484283575,False,-0.03,-0.0298677246,-1.016014e-06,29396.96165604017,0.03,0.0301353288,6.590521e-07,45725.260263945755
0.7,4,63,2026-05-27T21:54:30.072,16948.5437748,16948.7233568,0.17958200000066427,34928.009456339096,False,-0.03,-0.0298644248,-1.06787e-06,27966.348712858307,0.03,0.0301345431,6.499195e-07,46366.577860796606
3.0,4,0,2026-05-27T21:54:33.136,16951.1636834,16951.7860521,0.6223687000019709,35255.026094571775,False,-0.03,-0.0298804871,-9.084839e-07,32890.49712383455,0.03,0.0301182156,7.933643e-07,37962.65549130456
3.0,4,1,2026-05-27T21:54:33.758,16951.7861146,16952.4090409,0.6229262999986531,35173.99725804112,False,-0.03,-0.0298812299,-9.108531e-07,32805.761873127514,0.03,0.0301181455,7.949347e-07,37887.57177161847
3.0,4,2,2026-05-27T21:54:34.391,16952.4090966,16953.0418266,0.6327300000011746,35172.7112394813,False,-0.03,-0.0298811263,-9.146672e-07,32668.850812623434,0.03,0.0301175573,7.911633e-07,38067.4347508283
3.0,4,3,2026-05-27T21:54:35.016,16953.0418838,16953.6669462,0.6250623999985692,35254.34466032538,False,-0.03,-0.0298816572,-9.089609e-07,32874.52430572096,0.03,0.0301178953,7.929443e-07,37982.359290557986
3.0,4,4,2026-05-27T21:54:35.649,16953.6670018,16954.299133,0.6321312000000034,35180.02359688702,False,-0.03,-0.0298809224,-9.08764e-07,32880.8385895568,0.03,0.0301178761,7.967152e-07,37802.56244640494
3.0,4,5,2026-05-27T21:54:36.268,16954.2991937,16954.9187088,0.619515099999262,35177.07819717072,False,-0.03,-0.0298808443,-9.10405e-07,32821.485273037826,0.03,0.0301183974,7.952296e-07,37873.83844866941
3.0,4,6,2026-05-27T21:54:36.890,16954.9187623,16955.5405594,0.6217971000005491,35160.00236981599,False,-0.03,-0.029880162,-9.116811e-07,32774.79592370622,0.03,0.0301190319,7.947805e-07,37896.03783686188
3.0,4,7,2026-05-27T21:54:37.512,16955.5406104,16956.1636076,0.6229972000000998,35181.17552645693,False,-0.03,-0.0298785407,-9.123258e-07,32749.85832911883,0.03,0.0301192918,7.930701e-07,37978.09525286604
3.0,4,8,2026-05-27T21:54:38.135,16956.1636616,16956.7863022,0.6226405999987037,35235.22604878862,False,-0.03,-0.0298789982,-9.131246e-07,32721.7098301809,0.03,0.0301186286,7.896494e-07,38141.773551654696
3.0,4,9,2026-05-27T21:54:38.760,16956.7863594,16957.4108638,0.6245043999988411,35201.23389319382,False,-0.03,-0.0298794491,-9.133349e-07,32714.669175567473,0.03,0.03011903,7.911076e-07,38071.97655540157
3.0,4,10,2026-05-27T21:54:39.381,16957.4109206,16958.0316996,0.6207790000007662,35221.99802318441,False,-0.03,-0.0298790346,-9.095637e-07,32849.85383651524,0.03,0.0301197617,7.93883e-07,37939.79931551627
3.0,4,11,2026-05-27T21:54:40.002,16958.0317531,16958.6530692,0.6213161000014225,35179.596421035785,False,-0.03,-0.029878609,-9.085959e-07,32884.37577145131,0.03,0.030118979,7.968696e-07,37796.62193161842
3.0,4,12,2026-05-27T21:54:40.624,16958.6531286,16959.2758541,0.6227255000012519,35193.63676720125,False,-0.03,-0.0298792817,-9.114418e-07,32782.435148355056,0.03,0.0301190555,7.933646e-07,37963.69979199979
3.0,4,13,2026-05-27T21:54:41.244,16959.2759197,16959.8958222,0.6199024999987159,35141.588495914206,False,-0.03,-0.0298797185,-9.131389e-07,32721.98621699284,0.03,0.0301185979,7.941919e-07,37923.577286547494
3.0,4,14,2026-05-27T21:54:41.871,16959.8958897,16960.5220974,0.6262076999992132,35159.92809623502,False,-0.03,-0.0298801824,-9.152276e-07,32647.816127922717,0.03,0.030118389,7.912199e-07,38065.762754450436
3.0,4,15,2026-05-27T21:54:42.500,16960.522161,16961.1511552,0.6289942000003066,35188.28297750125,False,-0.03,-0.0298792993,-9.108396e-07,32804.128520543025,0.03,0.0301183348,7.942062e-07,37922.56318321363
3.0,4,16,2026-05-27T21:54:43.122,16961.1512084,16961.7724713,0.6212629000001471,35223.66362396763,False,-0.03,-0.0298787271,-9.084416e-07,32890.09122875923,0.03,0.0301189438,7.948926e-07,37890.5827026192
3.0,4,17,2026-05-27T21:54:43.743,16961.7725275,16962.3936042,0.6210766999975021,35133.78579494998,False,-0.03,-0.0298794412,-9.11891e-07,32766.461342419214,0.03,0.0301183667,7.958045e-07,37846.439295078126
3.0,4,18,2026-05-27T21:54:44.366,16962.39366,16963.0167933,0.6231332999996084,35166.64323149574,False,-0.03,-0.0298793934,-9.103065e-07,32823.442873361884,0.03,0.0301192993,7.958186e-07,37846.94062189549
3.0,4,19,2026-05-27T21:54:44.987,16963.0168515,16963.6382984,0.621446900000592,35119.0910149841,False,-0.03,-0.0298796915,-9.146536e-07,32667.767885022262,0.03,0.0301181499,7.937574e-07,37943.77211475446
7.0,4,0,2026-05-27T21:54:50.288,16967.6756601,16968.9389375,1.2632773999976052,35181.09097148018,False,-0.03,-0.0298800663,-9.120808e-07,32760.328141980404,0.03,0.0301185156,7.933405e-07,37964.172508525655
7.0,4,1,2026-05-27T21:54:51.558,16968.9389912,16970.2079584,1.26896719999786,35198.66948140574,False,-0.03,-0.0298801811,-9.11378e-07,32785.71690341439,0.03,0.0301194181,7.932205e-07,37971.05357211519
7.0,4,2,2026-05-27T21:54:52.828,16970.2080259,16971.4789579,1.2709319999994477,35157.434805502,False,-0.03,-0.0298794959,-9.126761e-07,32738.334990912987,0.03,0.0301199503,7.939173e-07,37938.39773991573
7.0,4,3,2026-05-27T21:54:54.094,16971.4790148,16972.744878,1.2658632000020589,35154.47179670222,False,-0.03,-0.0298799741,-9.129523e-07,32728.954294764364,0.03,0.0301203214,7.938091e-07,37944.03641883168
7.0,4,4,2026-05-27T21:54:55.351,16972.7449308,16974.0028155,1.2578847000004316,35203.709930768615,False,-0.03,-0.0298791585,-9.118828e-07,32766.44597310093,0.03,0.0301195206,7.924455e-07,38008.31804837052
7.0,4,5,2026-05-27T21:54:56.611,16974.0028709,16975.2621352,1.2592642999989039,35159.08670054683,False,-0.03,-0.0298791195,-9.125017e-07,32744.179545090163,0.03,0.0301193416,7.939835e-07,37934.46790770841
7.0,4,6,2026-05-27T21:54:57.872,16975.2621863,16976.5234108,1.2612245000018447,35154.68347290912,False,-0.03,-0.0298790027,-9.12231e-07,32753.768179331768,0.03,0.0301189085,7.944523e-07,37911.53792367396
7.0,4,7,2026-05-27T21:54:59.131,16976.5234685,16977.7824134,1.2589449000006425,35171.14658976007,False,-0.03,-0.0298790355,-9.134868e-07,32708.776415816847,0.03,0.0301192863,7.924093e-07,38009.75871938908
7.0,4,8,2026-05-27T21:55:00.390,16977.7824707,16979.0408147,1.2583440000016708,35171.5735388357,False,-0.03,-0.0298794065,-9.117085e-07,32772.98226351954,0.03,0.0301204983,7.942119e-07,37925.01509987448
7.0,4,9,2026-05-27T21:55:01.649,16979.0408677,16980.2999995,1.2591317999977036,35134.93759505147,False,-0.03,-0.0298788672,-9.135114e-07,32707.711365178366,0.03,0.0301208233,7.941817e-07,37926.866484080405
1.0,4,0,2026-05-27T21:55:03.377,16981.7937536,16982.0281302,0.23437660000126925,34710.17008864834,False,-0.03,-0.0298785745,-9.191132e-07,32508.046342931426,0.03,0.0301223974,8.095148e-07,37210.434447893975
1.0,4,1,2026-05-27T21:55:03.607,16982.0281962,16982.2576569,0.22946070000034524,34763.94557980784,False,-0.03,-0.0298797557,-9.225178e-07,32389.354113275644,0.03,0.0301220148,8.034592e-07,37490.409967301384
1.0,4,2,2026-05-27T21:55:03.831,16982.2577113,16982.4815234,0.22381210000094143,35143.573235307296,False,-0.03,-0.029879947,-9.139798e-07,32692.13061382757,0.03,0.0301207283,7.933217e-07,37967.86133544563
1.0,4,3,2026-05-27T21:55:04.056,16982.481577,16982.7067521,0.22517510000034235,35487.50758047367,False,-0.03,-0.0298820131,-9.094785e-07,32856.20616650092,0.03,0.0301223017,7.813789e-07,38550.18570376037
1.0,4,4,2026-05-27T21:55:04.291,16982.7068062,16982.941433,0.2346268000001146,35361.035517487944,False,-0.03,-0.0298787227,-9.090582e-07,32867.77755263634,0.03,0.0301229043,7.877707e-07,38238.16283088467
1.0,4,5,2026-05-27T21:55:04.516,16982.9414866,16983.1670814,0.22559479999836185,35213.19444399616,False,-0.03,-0.029881434,-9.160848e-07,32618.63312217384,0.03,0.0301226698,7.879385e-07,38229.72198972382
1.0,4,6,2026-05-27T21:55:04.741,16983.1671353,16983.3916906,0.22455530000297586,34839.92240358209,False,-0.03,-0.0298786459,-9.284911e-07,32179.78707604198,0.03,0.0301224211,7.937018e-07,37951.81149897858
1.0,4,7,2026-05-27T21:55:04.955,16983.3917488,16983.605848,0.21409919999859994,35064.95341126224,False,-0.03,-0.0298801189,-9.10321e-07,32823.71701850226,0.03,0.0301191547,8.007685e-07,37612.8115678876
1.0,4,8,2026-05-27T21:55:05.171,16983.6059049,16983.8217284,0.21582349999880535,34760.94677154731,False,-0.03,-0.0298796837,-9.25549e-07,32283.200241154165,0.03,0.0301199247,8.005147e-07,37625.698441265355
1.0,4,9,2026-05-27T21:55:05.393,16983.8217862,16984.0443606,0.22257440000248607,35185.519048468275,False,-0.03,-0.0298787607,-9.131384e-07,32720.95522431211,0.03,0.0301195899,7.920617e-07,38026.822784134114
1.0,4,10,2026-05-27T21:55:05.628,16984.0444151,16984.2792339,0.23481879999962985,35258.28475050479,False,-0.03,-0.0298813575,-9.068293e-07,32951.46892584966,0.03,0.0301194321,7.949208e-07,37889.85280042993
1.0,4,11,2026-05-27T21:55:05.854,16984.2792888,16984.5049756,0.2256868000004033,35136.00711456048,False,-0.03,-0.0298810511,-9.034226e-07,33075.38587146259,0.03,0.0301170787,8.041741e-07,37450.943396461036
1.0,4,12,2026-05-27T21:55:06.081,16984.5050295,16984.7318034,0.22677390000171727,35406.07384024461,False,-0.03,-0.0298793342,-9.048938e-07,33019.71369457941,0.03,0.0301182265,7.896618e-07,38140.66540891303
1.0,4,13,2026-05-27T21:55:06.307,16984.7318574,16984.9577439,0.2258865000003425,35294.355072102306,False,-0.03,-0.0298795398,-9.145712e-07,32670.545278486792,0.03,0.0301218803,7.854576e-07,38349.466985869134
1.0,4,14,2026-05-27T21:55:06.532,16984.9577974,16985.1833894,0.22559200000250712,35396.114057143495,False,-0.03,-0.0298793676,-9.152003e-07,32647.899700207705,0.03,0.0301207517,7.799044e-07,38621.08189157543
1.0,4,15,2026-05-27T21:55:06.757,16985.1834568,16985.4085046,0.2250477999987197,35270.23267751079,False,-0.03,-0.0298801711,-9.110358e-07,32798.020780303035,0.03,0.0301201873,7.901256e-07,38120.75864900467
1.0,4,16,2026-05-27T21:55:06.983,16985.4085583,16985.634197,0.22563869999794406,34848.72270440673,False,-0.03,-0.0298796163,-9.238646e-07,32341.986368998227,0.03,0.0301218899,7.97906e-07,37751.17607838518
1.0,4,17,2026-05-27T21:55:07.209,16985.6342479,16985.8605043,0.22625639999751002,34945.588992182245,False,-0.03,-0.0298795733,-9.137698e-07,32699.23486199697,0.03,0.0301211678,8.032063e-07,37501.15978920982
1.0,4,18,2026-05-27T21:55:07.435,16985.8605558,16986.0859419,0.22538609999901382,35111.365172419835,False,-0.03,-0.0298788874,-9.069552e-07,32944.17122256976,0.03,0.030118497,8.018187e-07,37562.72708531243
1.0,4,19,2026-05-27T21:55:07.660,16986.0859959,16986.3110312,0.225035299998126,35166.583773275896,False,-0.03,-0.0298802265,-9.09563e-07,32851.18952727848,0.03,0.030121266,7.966446e-07,37810.167796279544
1.0,4,20,2026-05-27T21:55:07.885,16986.3110821,16986.5365299,0.2254477999995288,35459.196980067696,False,-0.03,-0.0298785526,-9.044318e-07,33035.71656812598,0.03,0.0301225716,7.876856e-07,38241.8716300006
1.0,4,21,2026-05-27T21:55:08.112,16986.5365958,16986.7625073,0.22591150000152993,35488.45338568883,False,-0.03,-0.0298777874,-9.1011e-07,32828.765094329254,0.03,0.0301206634,7.805371e-07,38589.66268227353
1.0,4,22,2026-05-27T21:55:08.340,16986.7625659,16986.9902355,0.22766960000080871,34978.0261660418,False,-0.03,-0.0298770701,-9.195317e-07,32491.61513409489,0.03,0.0301191187,7.95722e-07,37851.30824584465
1.0,4,23,2026-05-27T21:55:08.565,16986.990291,16987.2155041,0.22521310000229278,34999.48214191656,False,-0.03,-0.029880303,-9.208363e-07,32449.093286179097,0.03,0.0301217347,7.93533e-07,37959.01959968899
1.0,4,24,2026-05-27T21:55:08.789,16987.2155604,16987.4398455,0.22428510000099777,34920.6873353759,False,-0.03,-0.0298785431,-9.141895e-07,32683.095900795182,0.03,0.0301219968,8.040052e-07,37464.92783877517
1.0,4,25,2026-05-27T21:55:09.015,16987.4399018,16987.6659909,0.22608910000053584,34909.995197998345,False,-0.03,-0.0298766288,-9.113296e-07,32783.56019600373,0.03,0.0301217242,8.073287e-07,37310.35970850535
1.0,4,26,2026-05-27T21:55:09.240,16987.6660452,16987.8914021,0.22535689999858732,35244.7412926822,False,-0.03,-0.0298802395,-9.100683e-07,32832.963745688096,0.03,0.030119749,7.92313e-07,38014.962521124864
1.0,4,27,2026-05-27T21:55:09.455,16987.8914662,16988.1056074,0.2141412000019045,35461.94623349473,False,-0.03,-0.0298810621,-9.00939e-07,33166.576316487575,0.03,0.0301202034,7.910512e-07,38076.17433612388
1.0,4,28,2026-05-27T21:55:09.670,16988.1056529,16988.3205876,0.21493469999768422,35247.729073011564,False,-0.03,-0.0298801008,-9.097316e-07,32844.963063831136,0.03,0.0301205716,7.925248e-07,38005.84107904258
1.0,4,29,2026-05-27T21:55:09.893,16988.3206369,16988.5446089,0.22397199999977602,35318.46360452949,False,-0.03,-0.0298784413,-9.019491e-07,33126.52709559775,0.03,0.0301207342,7.968557e-07,37799.483896519785
1.0,4,30,2026-05-27T21:55:10.129,16988.5446637,16988.7795633,0.2348996000000625,35194.907856976315,False,-0.03,-0.0298795508,-9.104059e-07,32820.03203186623,0.03,0.03012152,7.944166e-07,37916.52893456657
1.0,4,31,2026-05-27T21:55:10.353,16988.7796182,16989.0042355,0.2246173000021372,35349.646177641516,False,-0.03,-0.0298788875,-9.076285e-07,32919.73257781129,0.03,0.0301197983,7.896639e-07,38142.55444626505
1.0,4,32,2026-05-27T21:55:10.578,16989.004293,16989.2293422,0.22504919999846607,34980.22838741897,False,-0.03,-0.029877515,-9.169248e-07,32584.476938566826,0.03,0.0301223952,7.983273e-07,37731.88665851713
1.0,4,33,2026-05-27T21:55:10.814,16989.2293946,16989.4642935,0.2348989000020083,34611.92836256214,False,-0.03,-0.0298783136,-9.243697e-07,32322.904569459602,0.03,0.0301217065,8.091373e-07,37226.94096539611
1.0,4,34,2026-05-27T21:55:11.039,16989.4643477,16989.6897216,0.22537390000070445,34977.97010397868,False,-0.03,-0.0298794949,-9.080487e-07,32905.167861591566,0.03,0.0301223761,8.073702e-07,37309.24933815987
1.0,4,35,2026-05-27T21:55:11.265,16989.6897739,16989.9150315,0.22525759999916772,35406.128154481354,False,-0.03,-0.029879844,-9.028751e-07,33094.105707422874,0.03,0.0301208218,7.917656e-07,38042.599729010704
1.0,4,36,2026-05-27T21:55:11.492,16989.9150857,16990.1431468,0.22806110000237823,35349.87551342097,False,-0.03,-0.0298788062,-9.057774e-07,32986.919523494405,0.03,0.0301202335,7.91514e-07,38053.94914050794
1.0,4,37,2026-05-27T21:55:11.717,16990.1432035,16990.3679218,0.22471829999994952,35349.78169988569,False,-0.03,-0.0298799426,-9.176808e-07,32560.278693855205,0.03,0.0301174956,7.795698e-07,38633.481697213
1.0,4,38,2026-05-27T21:55:11.942,16990.367977,16990.59256,0.22458299999925657,35209.02602038343,False,-0.03,-0.0298805452,-9.17893e-07,32553.40785908597,0.03,0.0301208672,7.862556e-07,38309.25617572708
1.0,4,39,2026-05-27T21:55:12.168,16990.5926301,16990.8185624,0.22593229999984032,35164.233075063676,False,-0.03,-0.0298819082,-9.149036e-07,32661.26420313572,0.03,0.0301185238,7.913879e-07,38057.85228710219
1.0,4,40,2026-05-27T21:55:12.394,16990.8187372,16991.0444713,0.22573410000040894,34740.136152972416,False,-0.03,-0.029881143,-9.242853e-07,32328.91727262134,0.03,0.0301175769,8.027868e-07,37516.283152637785
1.0,4,41,2026-05-27T21:55:12.618,16991.0445257,16991.2686636,0.22413790000064182,34883.36753378548,False,-0.03,-0.0298812577,-9.157476e-07,32630.451556738997,0.03,0.0301183612,8.042589e-07,37448.5892540325
1.0,4,42,2026-05-27T21:55:12.832,16991.2687184,16991.4830471,0.21432869999989634,35172.769529989186,False,-0.03,-0.0298803395,-9.123395e-07,32751.338180578612,0.03,0.0301198821,7.935319e-07,37956.73759303186
1.0,4,43,2026-05-27T21:55:13.048,16991.4831073,16991.6982356,0.2151283000021067,34727.86763697233,False,-0.03,-0.029881317,-9.162105e-07,32614.03029107394,0.03,0.0301181241,8.114925e-07,37114.48238893151
1.0,4,44,2026-05-27T21:55:13.282,16991.698291,16991.9332647,0.23497370000040974,35214.98906858422,False,-0.03,-0.0298828186,-9.063669e-07,32969.89177340876,0.03,0.0301198745,7.975295e-07,37766.470707353146
1.0,4,45,2026-05-27T21:55:13.507,16991.9333231,16992.1579245,0.22460140000112006,35653.107315625835,False,-0.03,-0.0298788827,-8.950099e-07,33383.857206495704,0.03,0.0301190184,7.87814e-07,38231.12866742658
1.0,4,46,2026-05-27T21:55:13.733,16992.1579818,16992.3838347,0.22585289999915403,35382.85037394675,False,-0.03,-0.0298803892,-9.082174e-07,32900.04045286954,0.03,0.0301195875,7.875187e-07,38246.18704292355
1.0,4,47,2026-05-27T21:55:13.958,16992.3838896,16992.6093349,0.22544529999868246,35244.60487985739,False,-0.03,-0.0298799253,-9.062822e-07,32969.780604760854,0.03,0.0301212901,7.961405e-07,37834.13869788058
1.0,4,48,2026-05-27T21:55:14.185,16992.6093924,16992.8350824,0.22568999999930384,34931.17431345415,False,-0.03,-0.0298815848,-9.205847e-07,32459.354147423914,0.03,0.0301194488,7.971083e-07,37785.89283288105
1.0,4,49,2026-05-27T21:55:14.412,16992.8351375,16993.0625007,0.22736320000331034,34694.98185578914,False,-0.03,-0.0298788779,-9.220551e-07,32404.655535227776,0.03,0.0301176554,8.072017e-07,37311.189260379404
1.0,4,50,2026-05-27T21:55:14.635,16993.0625535,16993.2862742,0.22372069999983069,35015.85174627798,False,-0.03,-0.029882154,-9.202055e-07,32473.3486161515,0.03,0.0301184639,7.933218e-07,37965.00222230121
1.0,4,51,2026-05-27T21:55:14.861,16993.2863252,16993.5117717,0.2254465000005439,35276.09043956695,False,-0.03,-0.029881604,-9.054416e-07,33002.24332524594,0.03,0.0301198651,7.954688e-07,37864.294740409685
1.0,4,52,2026-05-27T21:55:15.086,16993.5119384,16993.737234,0.22529560000111815,35327.624675485866,False,-0.03,-0.0298794328,-9.002684e-07,33189.471939701536,0.03,0.0301204821,7.981168e-07,37739.44126974899
1.0,4,53,2026-05-27T21:55:15.312,16993.7372869,16993.962707,0.2254200999996101,35364.967375579705,False,-0.03,-0.0298807192,-9.056497e-07,32993.68309844303,0.03,0.0301215533,7.910088e-07,38079.92186686166
5.0,4,0,2026-05-27T21:55:18.556,16996.269439,16997.2068856,0.9374466000008397,35110.29354496466,False,-0.03,-0.0298810406,-9.134666e-07,32711.69476804078,0.03,0.0301201373,7.954675e-07,37864.69880919082
5.0,4,1,2026-05-27T21:55:19.496,16997.2069391,16998.1464364,0.9394972999980382,35207.083764674346,False,-0.03,-0.0298799062,-9.101016e-07,32831.39618697517,0.03,0.0301193511,7.940798e-07,37929.87946551467
5.0,4,2,2026-05-27T21:55:20.436,16998.1464917,16999.0866117,0.9401199999992969,35173.785429373405,False,-0.03,-0.0298803539,-9.106989e-07,32810.35466277603,0.03,0.0301186672,7.950891e-07,37880.870458417805
5.0,4,3,2026-05-27T21:55:21.376,16999.0866831,17000.0266211,0.939938000003167,35105.10580844425,False,-0.03,-0.0298805069,-9.141899e-07,32685.22973180955,0.03,0.0301188862,7.949459e-07,37887.96973479579
5.0,4,4,2026-05-27T21:55:22.313,17000.0266745,17000.9638455,0.9371709999977611,35205.05262478492,False,-0.03,-0.0298800949,-9.110611e-07,32797.02634653154,0.03,0.0301192602,7.932214e-07,37970.81142793172
5.0,4,5,2026-05-27T21:55:23.250,17000.9638995,17001.9011344,0.937234900000476,35157.541545378015,False,-0.03,-0.0298807453,-9.122215e-07,32756.01956323108,0.03,0.0301192487,7.943823e-07,37915.30689946138
5.0,4,6,2026-05-27T21:55:24.190,17001.9011978,17002.8409698,0.9397719999979017,35108.08591107538,False,-0.03,-0.029880619,-9.134666e-07,32711.23322954556,0.03,0.0301197423,7.955517e-07,37860.19475541313
5.0,4,7,2026-05-27T21:55:25.131,17002.8410204,17003.7821912,0.9411708000006911,35264.47390855848,False,-0.03,-0.0298798328,-9.093109e-07,32859.864321432855,0.03,0.0301199154,7.92111e-07,38024.86696940201
5.0,4,8,2026-05-27T21:55:26.070,17003.7822474,17004.7209892,0.938741800000571,35130.93517083668,False,-0.03,-0.0298802249,-9.133237e-07,32715.91977740203,0.03,0.030119288,7.945589e-07,37906.9292408656
5.0,4,9,2026-05-27T21:55:27.013,17004.7210428,17005.6638662,0.9428234000006341,35134.960701666445,False,-0.03,-0.0298811254,-9.113299e-07,32788.483511843515,0.03,0.0301190578,7.963761e-07,37820.14276922675
5.0,4,10,2026-05-27T21:55:27.953,17005.6639228,17006.6036268,0.9397040000003472,35189.388699185096,False,-0.03,-0.0298804625,-9.106147e-07,32813.50773274361,0.03,0.0301194088,7.944411e-07,37912.70214997688
5.0,4,11,2026-05-27T21:55:28.895,17006.6036802,17007.5465058,0.9428255999991961,35078.367868680405,False,-0.03,-0.0298803401,-9.147038e-07,32666.684122226234,0.03,0.0301191315,7.95737e-07,37850.610817393186
5.0,4,12,2026-05-27T21:55:29.838,17007.5465605,17008.489088,0.9425274999994144,35180.46157189247,False,-0.03,-0.0298799661,-9.108164e-07,32805.69618641034,0.03,0.0301191783,7.946514e-07,37902.37870341637
10.0,4,0,2026-05-27T21:55:36.814,17013.7267053,17015.4648396,1.7381343000015477,35122.077737037354,False,-0.03,-0.0298795119,-9.130083e-07,32726.440603004376,0.03,0.0301193614,7.952868e-07,37872.32656193966
10.0,4,1,2026-05-27T21:55:38.552,17015.4648949,17017.2034459,1.7385509999985516,35174.68721787876,False,-0.03,-0.0298788912,-9.116872e-07,32773.182731972105,0.03,0.0301191391,7.940289e-07,37932.04390923303
10.0,4,2,2026-05-27T21:55:40.291,17017.2035042,17018.9414565,1.7379523000017798,35161.979965526196,False,-0.03,-0.0298795913,-9.118387e-07,32768.50532884819,0.03,0.0301186594,7.945001e-07,37908.94349793033
10.0,4,3,2026-05-27T21:55:42.030,17018.9415082,17020.6811827,1.7396744999969087,35169.20891029134,False,-0.03,-0.0298791183,-9.120116e-07,32761.774411641258,0.03,0.0301186166,7.939618e-07,37934.59156347321
10.0,4,4,2026-05-27T21:55:43.767,17020.6812497,17022.4183073,1.737057599999389,35168.00455314365,False,-0.03,-0.029879186,-9.116116e-07,32776.22399714966,0.03,0.0301200322,7.944624e-07,37912.47036990045
10.0,4,5,2026-05-27T21:55:45.504,17022.4183689,17024.1546821,1.736313200002769,35139.66030745645,False,-0.03,-0.0298785882,-9.123813e-07,32747.918222348486,0.03,0.0301189662,7.950215e-07,37884.46752697883
10.0,4,6,2026-05-27T21:55:47.242,17024.1547357,17025.8925459,1.737810199996602,35178.95725604683,False,-0.03,-0.0298787953,-9.113087e-07,32786.6894061255,0.03,0.0301182479,7.941723e-07,37924.07252179408
0.1,4,0,2026-05-27T21:55:48.697,17027.1879987,17027.3476196,0.15962090000175522,30673.83082734378,False,-0.03,-0.0299127463,-7.032478e-07,42535.143799952166,0.03,0.0301446452,1.254688e-06,24025.610510342016
0.1,4,1,2026-05-27T21:55:48.845,17027.3476733,17027.4957936,0.14812030000030063,34618.72929124157,False,-0.03,-0.0298879907,-6.47304e-07,46173.03569883702,0.03,0.0300736217,1.084753e-06,27723.935034058446
0.1,4,2,2026-05-27T21:55:49.003,17027.495849,17027.654025,0.15817600000082166,45596.23768058319,False,-0.03,-0.0298197177,-1.038081e-06,28725.810124643456,0.03,0.0301341232,2.768047e-07,108864.2035341163
0.1,4,3,2026-05-27T21:55:49.168,17027.6540772,17027.8184484,0.1643712000004598,49560.63234442058,False,-0.03,-0.0298522697,-9.510061e-07,31390.197917763093,0.03,0.0301439386,2.595557e-07,116136.68511228997
0.1,4,4,2026-05-27T21:55:49.325,17027.8185028,17027.9758473,0.15734449999945355,31009.769554115766,False,-0.03,-0.0298875996,-1.43054e-06,20892.529813916422,0.03,0.0300861909,5.034889e-07,59755.42042734209
0.1,4,5,2026-05-27T21:55:49.497,17027.9758994,17028.1482392,0.17233979999946314,28654.208071258283,False,-0.03,-0.02991404,-7.760219e-07,38547.93273231078,0.03,0.0301063508,1.318623e-06,22831.65908678978
0.1,4,6,2026-05-27T21:55:49.673,17028.1483177,17028.3231339,0.17481620000035036,57619.58343191357,False,-0.03,-0.0298809226,-5.787446e-07,51630.58558127368,0.03,0.0301271539,4.627082e-07,65110.48194088629
0.1,4,7,2026-05-27T21:55:49.828,17028.3231889,17028.4789505,0.15576159999909578,32111.454915696,False,-0.03,-0.0299265562,-9.648805e-07,31015.8161554721,0.03,0.0301371078,9.055942e-07,33278.821573724745
0.1,4,8,2026-05-27T21:55:49.985,17028.4790069,17028.6359394,0.15693249999822,33024.63166769591,False,-0.03,-0.02985727,-1.433468e-06,20828.69655967207,0.03,0.0300962771,3.819511e-07,78796.15243940912
0.1,4,9,2026-05-27T21:55:50.142,17028.6360002,17028.7922763,0.15627609999864944,47152.96576206776,False,-0.03,-0.0298246455,-1.046904e-06,28488.424440063274,0.03,0.0300931232,2.238065e-07,134460.45222100342
0.1,4,10,2026-05-27T21:55:50.298,17028.7923298,17028.9493767,0.15704689999984112,43871.49545362078,False,-0.03,-0.0298471829,-7.524592e-07,39666.181103241215,0.03,0.0301068131,6.141228e-07,49024.09273845557
0.1,4,11,2026-05-27T21:55:50.464,17028.9494385,17029.1148806,0.16544209999847226,56427.7751423373,False,-0.03,-0.0298609664,-3.743117e-07,79775.66931517236,0.03,0.0301140054,6.885509e-07,43735.336632339015
0.1,4,12,2026-05-27T21:55:50.648,17029.1149341,17029.2994044,0.18447030000243103,35758.57017649883,False,-0.03,-0.0299213412,-1.133983e-06,26386.057992051028,0.03,0.0301066528,5.447193e-07,55270.03137212139
0.1,4,13,2026-05-27T21:55:50.813,17029.2994592,17029.4640224,0.16456319999997504,26287.362154635826,False,-0.03,-0.0298800144,-1.480556e-06,20181.617176250005,0.03,0.0300814061,8.00442e-07,37580.99412574553
0.1,4,14,2026-05-27T21:55:50.974,17029.4640824,17029.6244826,0.1604001999985485,27024.526099201837,False,-0.03,-0.0299358463,-8.698227e-07,34416.03248570082,0.03,0.0301146424,1.352251e-06,22270.009339982
0.1,4,15,2026-05-27T21:55:51.136,17029.624535,17029.7875605,0.16302550000182237,29253.37571422053,False,-0.03,-0.0299440776,-8.168209e-07,36659.2940998449,0.03,0.0301250937,1.236589e-06,24361.4440206083
0.1,4,16,2026-05-27T21:55:51.302,17029.7876116,17029.9536823,0.16607070000100066,26600.378381489372,False,-0.03,-0.0298742547,-1.269007e-06,23541.442009382135,0.03,0.0301637117,9.880273e-07,30529.229000048887
0.1,4,17,2026-05-27T21:55:51.486,17029.9537383,17030.1375456,0.18380729999989853,27326.5231464311,False,-0.03,-0.0298552503,-1.03599e-06,28818.087336750352,0.03,0.0301200736,1.158776e-06,25993.007794431363
0.1,4,18,2026-05-27T21:55:51.645,17030.1376128,17030.2965272,0.15891439999904833,38120.31010399117,False,-0.03,-0.0298936284,-1.123879e-06,26598.618178647346,0.03,0.0300743425,4.492449e-07,66944.20459753688
0.1,4,19,2026-05-27T21:55:51.808,17030.2965794,17030.4594332,0.16285380000044825,41158.29700971073,False,-0.03,-0.0298517629,-1.062039e-06,28107.972400260252,0.03,0.0300996142,3.945659e-07,76285.39161645748
0.1,4,20,2026-05-27T21:55:51.967,17030.4594952,17030.6179624,0.15846719999899506,25827.431176209022,False,-0.03,-0.029847399,-1.468383e-06,20326.712444913897,0.03,0.0300540614,8.509131e-07,35319.777542501106
0.1,4,21,2026-05-27T21:55:52.130,17030.6180212,17030.7812688,0.1632476000013412,30405.62041023718,False,-0.03,-0.0298816869,-1.393084e-06,21450.025195896298,0.03,0.0300487183,5.779465e-07,51992.2143312573
0.1,4,22,2026-05-27T21:55:52.313,17030.7813228,17030.9645025,0.18317969999770867,35463.09481980789,False,-0.03,-0.0298938226,-7.819099e-07,38231.79959737049,0.03,0.0300992935,9.097957e-07,33083.57414747069
0.1,4,23,2026-05-27T21:55:52.479,17030.9645527,17031.1303624,0.16580969999995432,28039.408427744343,False,-0.03,-0.0299172317,-8.69402e-07,34411.27545140223,0.03,0.030112478,1.271503e-06,23682.585098108306
0.1,4,24,2026-05-27T21:55:52.645,17031.1304133,17031.2959756,0.1655622999969637,48611.44743188169,False,-0.03,-0.0299012104,-5.417234e-07,55196.45339300462,0.03,0.0301499009,6.936052e-07,43468.389366169686
0.1,4,25,2026-05-27T21:55:52.809,17031.296032,17031.4597224,0.1636904000006325,41643.39303407261,False,-0.03,-0.0298257025,-1.0713e-06,27840.663212918884,0.03,0.0300793553,3.672249e-07,81909.90126214207
0.1,4,26,2026-05-27T21:55:52.993,17031.4597757,17031.6436641,0.18388839999897755,58969.64143225645,False,-0.03,-0.0298775923,-5.606495e-07,53291.03530815599,0.03,0.0300722661,4.559729e-07,65951.87148183587
0.1,4,27,2026-05-27T21:55:53.156,17031.6437181,17031.8072602,0.16354209999917657,32857.55683651022,False,-0.03,-0.0299151064,-8.883316e-07,33675.60762219874,0.03,0.030120388,9.388126e-07,32083.49355345252
0.1,4,28,2026-05-27T21:55:53.315,17031.8073172,17031.965345,0.15802780000012717,33700.04364806152,False,-0.03,-0.0298708704,-5.299451e-07,56365.97149402834,0.03,0.0301433502,1.25089e-06,24097.522723820635
0.1,4,29,2026-05-27T21:55:53.479,17031.9653929,17032.1296089,0.16421599999739556,31262.770915642344,False,-0.03,-0.0299039303,-7.368996e-07,40580.73895005506,0.03,0.030149089,1.184012e-06,25463.49952534265
0.1,4,30,2026-05-27T21:55:53.636,17032.1296604,17032.2871139,0.15745349999997416,49017.60834743837,False,-0.03,-0.0298642964,-4.407704e-07,67754.76846902605,0.03,0.0301521378,7.836148e-07,38478.26483113897
0.1,4,31,2026-05-27T21:55:53.808,17032.2871606,17032.4588197,0.1716591000003973,26421.775998935518,False,-0.03,-0.0298440003,-1.051117e-06,28392.653053846527,0.03,0.0301239458,1.218524e-06,24721.668018028366
0.1,4,32,2026-05-27T21:55:53.977,17032.4588746,17032.6273191,0.16844449999916833,21185.17226166975,False,-0.03,-0.0298861441,-1.456635e-06,20517.24975714575,0.03,0.0300930402,1.374552e-06,21892.98054929897
0.1,4,33,2026-05-27T21:55:54.134,17032.6273699,17032.7844955,0.15712559999883524,36663.23452046105,False,-0.03,-0.0298753632,-5.968182e-07,50057.72813228551,0.03,0.0301421024,1.040175e-06,28977.914677818637
0.1,4,34,2026-05-27T21:55:54.292,17032.7845473,17032.9432654,0.15871809999953257,29736.981992736102,False,-0.03,-0.0299232466,-7.894801e-07,37902.47100591896,0.03,0.030100914,1.229022e-06,24491.76174226336
0.1,4,35,2026-05-27T21:55:54.455,17032.9433128,17033.1060531,0.1627403000020422,31736.81917736551,False,-0.03,-0.0299187248,-9.426e-07,31740.637385953745,0.03,0.0301118876,9.489132e-07,31733.026371642845
0.1,4,36,2026-05-27T21:55:54.615,17033.1061186,17033.2657813,0.1596626999998989,30980.377736407092,False,-0.03,-0.0298821971,-7.394251e-07,40412.74376539287,0.03,0.0301371761,1.19791e-06,25158.130493943616
0.1,4,37,2026-05-27T21:55:54.780,17033.2658318,17033.4306754,0.16484359999958542,40783.01212584336,False,-0.03,-0.0298495963,-1.050696e-06,28409.35560809216,0.03,0.0301384625,4.20212e-07,71722.04149334146
0.1,4,38,2026-05-27T21:55:54.957,17033.430731,17033.6077366,0.17700559999866528,33515.15356946829,False,-0.03,-0.0298546777,-8.811747e-07,33880.54343820811,0.03,0.0301134738,9.0811e-07,33160.601468985034
0.1,4,39,2026-05-27T21:55:55.121,17033.6077989,17033.7722709,0.1644720000003872,39077.516961800764,False,-0.03,-0.0298741582,-5.169086e-07,57793.8889002814,0.03,0.0301838666,1.019986e-06,29592.432249070087
0.1,4,40,2026-05-27T21:55:55.280,17033.7723269,17033.9306646,0.15833769999881042,41645.93121814284,False,-0.03,-0.0298552088,-7.583498e-07,39368.651247748734,0.03,0.0301051995,6.814165e-07,44180.32069960149
0.1,4,41,2026-05-27T21:55:55.443,17033.9307181,17034.0940638,0.16334569999889936,50124.429451282456,False,-0.03,-0.0298880836,-5.051244e-07,59169.7482837891,0.03,0.0301133346,6.91925e-07,43521.09636159988
0.1,4,42,2026-05-27T21:55:55.599,17034.0941175,17034.2506192,0.15650169999935315,48250.70364158463,False,-0.03,-0.0298182614,-9.72461e-07,30662.680971267742,0.03,0.0301349749,2.70075e-07,111580.02369712117
0.1,4,43,2026-05-27T21:55:55.773,17034.2506685,17034.4238045,0.1731359999976121,28166.92579432292,False,-0.03,-0.0298610697,-1.225663e-06,24363.19746945123,0.03,0.0301226803,9.03918e-07,33324.571808504756
0.1,4,44,2026-05-27T21:55:55.950,17034.423855,17034.6009351,0.17708009999842034,43261.13954077433,False,-0.03,-0.0299476945,-7.999992e-07,37434.655559655555,0.03,0.0301370879,5.888866e-07,51176.38591199053
0.1,4,45,2026-05-27T21:55:56.107,17034.6009868,17034.7573813,0.1563945000016247,28019.93837698476,False,-0.03,-0.0298667533,-1.241654e-06,24054.00643013271,0.03,0.03013354,8.996888e-07,33493.29234730943
0.1,4,46,2026-05-27T21:55:56.272,17034.7574755,17034.9227959,0.165320400003111,31761.38917867191,False,-0.03,-0.0298868981,-1.303069e-06,22935.775542200758,0.03,0.0300969564,5.855088e-07,51403.08121756667
0.1,4,47,2026-05-27T21:55:56.428,17034.9228503,17035.0796229,0.15677259999938542,30636.372786533062,False,-0.03,-0.0299121481,-1.012416e-06,29545.313487736265,0.03,0.0301115066,9.468125e-07,31803.030272625256
0.1,4,48,2026-05-27T21:55:56.584,17035.079683,17035.2353937,0.1557107000007818,26772.38418867051,False,-0.03,-0.0298767602,-1.386775e-06,21544.05739936183,0.03,0.0300764174,8.525914e-07,35276.47288020967
0.1,4,49,2026-05-27T21:55:56.759,17035.2354464,17035.4096823,0.1742359000018041,49281.869759316454,False,-0.03,-0.0298847679,-7.764398e-07,38489.48482548164,0.03,0.0301461676,4.416742e-07,68254.30962460565
0.1,4,50,2026-05-27T21:55:56.937,17035.409742,17035.5887615,0.1790194999994128,66855.47394933399,False,-0.03,-0.0298922398,-4.660077e-07,64145.377426167,0.03,0.0301156224,4.315682e-07,69781.83842090312
0.1,4,51,2026-05-27T21:55:57.101,17035.588815,17035.7516771,0.1628621000018029,48870.28639232402,False,-0.03,-0.0298618661,-3.520172e-07,84830.70173843777,0.03,0.0301589043,8.761477e-07,34422.16911600636
0.1,4,52,2026-05-27T21:55:57.267,17035.7517317,17035.9177452,0.1660135000020091,45259.09991189044,False,-0.03,-0.0298466228,-6.792763e-07,43938.85492545522,0.03,0.0301190324,6.456651e-07,46648.07250693897
0.1,4,53,2026-05-27T21:55:57.437,17035.917792,17036.0883447,0.17055270000128075,55264.20469569009,False,-0.03,-0.0299289232,-6.889494e-07,43441.39526066791,0.03,0.0301602721,3.983583e-07,75711.41884077726
0.1,4,54,2026-05-27T21:55:57.614,17036.0883917,17036.2644823,0.17609060000177124,80353.69819322907,False,-0.03,-0.0298863604,-4.041772e-07,73943.7068691653,0.03,0.0301050357,3.424144e-07,87919.88800704644
0.1,4,55,2026-05-27T21:55:57.778,17036.2645531,17036.4289217,0.164368599998852,28955.612333112735,False,-0.03,-0.0299276959,-7.772828e-07,38502.96944689886,0.03,0.0301268174,1.296737e-06,23232.789224029235
0.1,4,56,2026-05-27T21:55:57.937,17036.4289738,17036.5874226,0.15844880000076955,48845.486941867995,False,-0.03,-0.0298776024,-3.415076e-07,87487.37187693626,0.03,0.0301538967,8.875005e-07,33976.20249228028
0.1,4,57,2026-05-27T21:55:58.111,17036.5874754,17036.7624638,0.17498840000189375,34161.41195773719,False,-0.03,-0.0298716553,-6.552935e-07,45585.154285827644,0.03,0.030174388,1.102422e-06,27370.99586183875
0.1,4,58,2026-05-27T21:55:58.423,17036.7625236,17037.0736541,0.31113050000203657,34995.15500628465,False,-0.03,-0.02988113,-8.576237e-07,34841.772679556314,0.03,0.030159655,8.580648e-07,35148.458484720504
0.1,4,59,2026-05-27T21:55:58.589,17037.0737075,17037.2397326,0.16602509999938775,36774.4217121674,False,-0.03,-0.029877304,-9.66972e-07,30897.796420165214,0.03,0.0301377101,6.650051e-07,45319.517248815086
0.1,4,60,2026-05-27T21:55:58.745,17037.2397867,17037.396254,0.15646729999934905,28044.721084143075,False,-0.03,-0.0298877628,-1.396865e-06,21396.31446131158,0.03,0.0301069825,7.423877e-07,40554.258240000476
0.1,4,61,2026-05-27T21:55:58.912,17037.3963059,17037.5622437,0.16593779999675462,45677.49234767499,False,-0.03,-0.0298188951,-1.069636e-06,27877.60985980277,0.03,0.0300884836,2.418935e-07,124387.31755917377
0.1,4,62,2026-05-27T21:55:59.082,17037.5622979,17037.732355,0.17005710000012186,34788.749044042575,False,-0.03,-0.0298705858,-8.824458e-07,33849.76822372546,0.03,0.0301526868,8.429187e-07,35771.761618291304
0.1,4,63,2026-05-27T21:55:59.250,17037.7324119,17037.9007784,0.1683664999982284,32666.986318460134,False,-0.03,-0.0298430276,-8.21032e-07,36348.190569916886,0.03,0.0301184998,1.014507e-06,29687.81861534716
0.1,4,64,2026-05-27T21:55:59.414,17037.9008463,17038.0650188,0.16417250000085915,27621.54648418507,False,-0.03,-0.0298665291,-1.341357e-06,22265.906168156576,0.03,0.0301180813,8.303031e-07,36273.59852082932
0.1,4,65,2026-05-27T21:55:59.574,17038.0650726,17038.224422,0.15934940000079223,27723.53775144781,False,-0.03,-0.0299272645,-8.147126e-07,36733.52357628936,0.03,0.0301485495,1.352248e-06,22295.13336311091
0.1,4,66,2026-05-27T21:55:59.736,17038.2244761,17038.3870617,0.16258559999914723,30743.946481829003,False,-0.03,-0.0299175512,-8.147154e-07,36721.47500832806,0.03,0.0301349192,1.138595e-06,26466.758768482207
0.1,4,67,2026-05-27T21:55:59.902,17038.3871119,17038.5531963,0.16608439999981783,30372.28135365813,False,-0.03,-0.0299209587,-7.213332e-07,41480.07980223287,0.03,0.0301852151,1.257648e-06,24001.322389094563
0.1,4,68,2026-05-27T21:56:00.082,17038.5532506,17038.7333496,0.1800989999974263,28054.454929864183,False,-0.03,-0.0298836624,-1.480173e-06,20189.303817864533,0.03,0.0301210069,6.586912e-07,45728.570383208404
0.1,4,69,2026-05-27T21:56:00.305,17038.733416,17038.9562512,0.22283520000200951,33231.701527144825,False,-0.03,-0.0298255546,-9.005344e-07,33119.839286539194,0.03,0.0301109595,9.030601e-07,33343.25090877119
0.1,4,70,2026-05-27T21:56:00.471,17038.9563054,17039.1220225,0.16571710000062012,42942.43512872284,False,-0.03,-0.0298491089,-1.045227e-06,28557.537166567643,0.03,0.0301188509,3.512462e-07,85748.54589174203
0.1,4,71,2026-05-27T21:56:00.635,17039.1220751,17039.2855818,0.16350669999883394,30417.525070339438,False,-0.03,-0.029899862,-1.065849e-06,28052.624715133195,0.03,0.0301302583,9.076883e-07,33194.49892655882
0.3,5,0,2026-05-27T21:56:02.172,17040.6102757,17040.8233569,0.21308119999957853,45374.45755800745,False,-0.03,-0.0298751964,-6.711373e-07,44514.28403696234,0.03,0.0301216883,6.511239e-07,46261.06997454709
0.3,5,1,2026-05-27T21:56:02.332,17040.8234131,17040.9829417,0.1595286000010674,45444.711118935025,False,-0.03,-0.0298781135,-7.907365e-07,37785.17053405275,0.03,0.0301166126,5.294331e-07,56884.642460019975
0.3,5,2,2026-05-27T21:56:02.488,17040.9829984,17041.1395935,0.15659510000114096,36606.92796771391,False,-0.03,-0.0298731811,-8.358822e-07,35738.5060957154,0.03,0.0301145881,8.028177e-07,37511.11628455626
0.3,5,3,2026-05-27T21:56:02.648,17041.1396461,17041.2990059,0.15935979999994743,26586.764268003266,False,-0.03,-0.0298802908,-1.161739e-06,25720.31308237048,0.03,0.0301225267,1.095129e-06,27505.916380627303
0.3,5,4,2026-05-27T21:56:02.806,17041.2990609,17041.4565928,0.1575319000003219,24899.237030915956,False,-0.03,-0.0298770388,-1.246563e-06,23967.532166444853,0.03,0.0301152576,1.16284e-06,25898.023459805307
0.3,5,5,2026-05-27T21:56:02.966,17041.4566464,17041.6165046,0.15985819999696105,24884.731852564528,False,-0.03,-0.0298828998,-1.250488e-06,23896.990454926396,0.03,0.0301231472,1.160872e-06,25948.724062601214
0.3,5,6,2026-05-27T21:56:03.125,17041.6165635,17041.7752663,0.15870279999944614,25022.899118576614,False,-0.03,-0.0298844461,-1.249365e-06,23919.70809171059,0.03,0.0301217922,1.148688e-06,26222.779553716937
0.3,5,7,2026-05-27T21:56:03.282,17041.7753207,17041.9325045,0.15718380000180332,26390.990853490912,False,-0.03,-0.0298814492,-1.182625e-06,25267.053546136773,0.03,0.0301196561,1.09092e-06,27609.408664246694
0.3,5,8,2026-05-27T21:56:03.477,17041.9325699,17042.1281875,0.19561759999851347,33664.7016474936,False,-0.03,-0.0298824535,-8.482239e-07,35229.44059935118,0.03,0.0301263618,9.343202e-07,32244.151202125355
0.3,5,9,2026-05-27T21:56:03.638,17042.1282409,17042.2894459,0.16120500000033644,48536.125438979565,False,-0.03,-0.0298846099,-5.54901e-07,53855.75066543402,0.03,0.0301208301,6.814037e-07,44204.08944066491
0.3,5,10,2026-05-27T21:56:03.796,17042.2894969,17042.4471567,0.1576597999992373,57642.54277939458,False,-0.03,-0.0298843708,-5.755121e-07,51926.572525582,0.03,0.0301223924,4.655031e-07,64709.327177413
0.3,5,11,2026-05-27T21:56:03.953,17042.4472078,17042.6044725,0.15726469999935944,58999.05104091961,False,-0.03,-0.0298795883,-5.720088e-07,52236.23884807366,0.03,0.030116765,4.448949e-07,67694.11157556537
0.3,5,12,2026-05-27T21:56:04.114,17042.6045249,17042.7647549,0.16022999999768217,51862.53174880719,False,-0.03,-0.029884736,-6.969362e-07,42880.16033605372,0.03,0.0301187922,4.600364e-07,65470.45451186037
0.3,5,13,2026-05-27T21:56:04.271,17042.7648083,17042.9220312,0.15722290000121575,44854.46238817501,False,-0.03,-0.0298807665,-7.054847e-07,42354.946180973166,0.03,0.030120227,6.32197e-07,47643.73605062979
0.3,5,14,2026-05-27T21:56:04.457,17042.9221193,17043.1077121,0.18559280000044964,30842.447917135145,False,-0.03,-0.0298840346,-8.162511e-07,36611.325362991854,0.03,0.0301226342,1.129336e-06,26672.87166972451
0.3,5,15,2026-05-27T21:56:04.617,17043.1077643,17043.2681799,0.16041559999939636,56093.63278549685,False,-0.03,-0.0298823086,-5.393378e-07,55405.552141904394,0.03,0.0301240514,5.304157e-07,56793.28760442045
0.3,5,16,2026-05-27T21:56:04.776,17043.2682306,17043.4270352,0.15880459999971208,58510.46370370327,False,-0.03,-0.0298847636,-5.393366e-07,55410.22730517454,0.03,0.0301228717,4.862515e-07,61949.159437040296
0.3,5,17,2026-05-27T21:56:04.933,17043.4270926,17043.5841944,0.15710179999950924,65519.87197191664,False,-0.03,-0.029881352,-5.153613e-07,57981.3656943197,0.03,0.0301134978,4.003128e-07,75224.91861364413
0.3,5,18,2026-05-27T21:56:05.091,17043.5842655,17043.7413365,0.1570709999978135,40698.48390429052,False,-0.03,-0.0298807144,-7.884916e-07,37896.04657804852,0.03,0.030118647,6.857491e-07,43920.79697953668
0.3,5,19,2026-05-27T21:56:05.247,17043.7413918,17043.898416,0.1570242000016151,30623.74042483031,False,-0.03,-0.0298828962,-1.046909e-06,28543.929032991407,0.03,0.0301285768,9.127299e-07,33009.30187561512
0.3,5,20,2026-05-27T21:56:05.416,17043.8984857,17044.0668115,0.1683258000011847,27141.02629214988,False,-0.03,-0.0298868817,-1.277264e-06,23399.141994137466,0.03,0.0301264247,9.339017e-07,32258.667801975305
0.3,5,21,2026-05-27T21:56:05.577,17044.0668687,17044.2280473,0.16117859999940265,27723.891868244267,False,-0.03,-0.0298816049,-1.272783e-06,23477.3758763277,0.03,0.0301186609,8.914249e-07,33787.09849814606
0.3,5,22,2026-05-27T21:56:05.759,17044.228111,17044.4106059,0.18249490000016522,29852.85849310026,False,-0.03,-0.0298864831,-8.24387e-07,36252.97718183329,0.03,0.0301243301,1.185833e-06,25403.518117643882
0.3,5,23,2026-05-27T21:56:05.918,17044.4106577,17044.5690635,0.15840580000076443,41504.20707918107,False,-0.03,-0.0298815464,-7.221715e-07,41377.35482499655,0.03,0.0301242982,7.236059e-07,41630.807874839054
0.3,5,24,2026-05-27T21:56:06.075,17044.569128,17044.7259607,0.15683270000226912,63513.701130384135,False,-0.03,-0.0298886881,-5.262992e-07,56790.297420174684,0.03,0.0301214766,4.185389e-07,71968.16496626717
0.3,5,25,2026-05-27T21:56:06.236,17044.7260198,17044.8869683,0.1609485000008135,52109.85226419192,False,-0.03,-0.0298867433,-6.216414e-07,48077.144315034355,0.03,0.0301174754,5.298533e-07,56841.15848669811
0.3,5,26,2026-05-27T21:56:06.395,17044.8870277,17045.0454659,0.15843820000009146,61646.08266683434,False,-0.03,-0.029883891,-5.347089e-07,55888.14960813257,0.03,0.0301159207,4.385859e-07,68665.95734153788
0.3,5,27,2026-05-27T21:56:06.552,17045.0455212,17045.2028064,0.15728519999902346,47395.54762130887,False,-0.03,-0.0298704053,-6.552933e-07,45583.2606559536,0.03,0.0301145657,6.103313e-07,49341.34248071498
0.3,5,28,2026-05-27T21:56:06.713,17045.2028594,17045.3638059,0.16094650000013644,28757.836190569702,False,-0.03,-0.0298753947,-9.277304e-07,32202.6686847817,0.03,0.0301118239,1.158213e-06,25998.520047694165
0.3,5,29,2026-05-27T21:56:06.896,17045.3638704,17045.5466867,0.18281629999910365,42118.11978822893,False,-0.03,-0.0298757294,-5.379363e-07,55537.67128189713,0.03,0.0301191652,8.865075e-07,33975.08221870655
0.3,5,30,2026-05-27T21:56:07.119,17045.5467436,17045.7695353,0.22279170000183512,34747.90301523266,False,-0.03,-0.029884641,-5.446635e-07,54868.08093437508,0.03,0.0301197232,1.182185e-06,25478.011647923122
0.3,5,31,2026-05-27T21:56:07.278,17045.7695887,17045.9287675,0.1591788000005181,54676.82879876855,False,-0.03,-0.0298807513,-5.699052e-07,52431.09082001709,0.03,0.0301202173,5.274695e-07,57103.23971338626
0.3,5,32,2026-05-27T21:56:07.437,17045.9288187,17046.0880372,0.15921850000086124,60024.50329039012,False,-0.03,-0.0298822996,-5.29382e-07,56447.51729375007,0.03,0.0301214052,4.702715e-07,64051.09644109839
0.3,5,33,2026-05-27T21:56:07.593,17046.0880906,17046.2436517,0.15556110000034096,61157.62096553502,False,-0.03,-0.0298786331,-5.394787e-07,55384.26836870483,0.03,0.0301261239,4.416706e-07,68209.48439855404
0.3,5,34,2026-05-27T21:56:07.750,17046.2437055,17046.4010862,0.15738069999861182,39930.37093700632,False,-0.03,-0.0298795736,-8.22705e-07,36318.696981299494,0.03,0.0301184082,6.798601e-07,44300.89102154987
0.3,5,35,2026-05-27T21:56:07.910,17046.4011397,17046.560873,0.15973329999906127,27261.210664335664,False,-0.03,-0.0298815025,-1.085601e-06,27525.30856180125,0.03,0.0301219488,1.115455e-06,27004.18107409084
0.3,5,36,2026-05-27T21:56:08.067,17046.5609277,17046.7176635,0.15673579999929643,27298.55840576637,False,-0.03,-0.0298790697,-1.171552e-06,25503.835681216027,0.03,0.0301264921,1.02657e-06,29346.748979611715
0.3,5,37,2026-05-27T21:56:08.225,17046.7177138,17046.8760399,0.1583260999977938,25131.10080297866,False,-0.03,-0.0298714338,-1.264089e-06,23630.799571865587,0.03,0.0301193185,1.123023e-06,26819.858987750024
0.3,5,38,2026-05-27T21:56:08.422,17046.8760932,17047.0731142,0.1970209999999497,34335.79215397186,False,-0.03,-0.0298890648,-6.055169e-07,49361.23962848932,0.03,0.0301166085,1.142096e-06,26369.594587495274
0.3,5,39,2026-05-27T21:56:08.582,17047.0731641,17047.2331206,0.15995650000331807,32047.793353146342,False,-0.03,-0.0298761998,-9.508572e-07,31420.280353348535,0.03,0.0301216567,9.212797e-07,32695.452531950934
0.3,5,40,2026-05-27T21:56:08.737,17047.2331695,17047.388302,0.1551325000000361,37255.42597658636,False,-0.03,-0.0298746057,-8.933695e-07,33440.36896267446,0.03,0.0301159179,7.168798e-07,42009.71752865683
0.3,5,41,2026-05-27T21:56:08.900,17047.388355,17047.5506733,0.1623183000010613,48073.03128869748,False,-0.03,-0.0298816037,-5.456471e-07,54763.60765043927,0.03,0.0301243029,7.025768e-07,42876.88249882433
0.3,5,42,2026-05-27T21:56:09.083,17047.5507295,17047.7338783,0.18314880000252742,53767.06541659762,False,-0.03,-0.0298771243,-6.750641e-07,44258.20348023247,0.03,0.0301213128,4.408316e-07,68328.3884367636
0.3,5,43,2026-05-27T21:56:09.259,17047.7339271,17047.9100647,0.1761376000031305,28070.906880596027,False,-0.03,-0.0298788711,-9.655818e-07,30943.904597207613,0.03,0.0301157813,1.171672e-06,25703.25253142518
0.3,5,44,2026-05-27T21:56:09.418,17047.9101127,17048.0696554,0.15954269999929238,46836.23036762016,False,-0.03,-0.0298802101,-5.868702e-07,50914.51244244468,0.03,0.0301186028,6.94164e-07,43388.30996709711
0.3,5,45,2026-05-27T21:56:09.577,17048.069712,17048.2287734,0.15906139999788138,60179.021208100654,False,-0.03,-0.0298797637,-5.665391e-07,52740.86766473841,0.03,0.0301185038,4.304573e-07,69968.62127788285
0.3,5,46,2026-05-27T21:56:09.733,17048.2288245,17048.3845916,0.15576709999731975,61079.10932867259,False,-0.03,-0.029876643,-5.668195e-07,52709.27164644124,0.03,0.0301198269,4.154553e-07,72498.35758503983
0.3,5,47,2026-05-27T21:56:09.893,17048.3846444,17048.5437395,0.1590950999998313,42488.10166474872,False,-0.03,-0.0298794168,-7.339528e-07,40710.27019721159,0.03,0.0301253905,6.783204e-07,44411.741855323824
0.3,5,48,2026-05-27T21:56:10.049,17048.5437923,17048.7002884,0.15649610000036773,36693.78972036945,False,-0.03,-0.0298783328,-8.576171e-07,34838.77921743864,0.03,0.0301232384,7.775798e-07,38739.73886667324
0.3,5,49,2026-05-27T21:56:10.248,17048.7003408,17048.8983789,0.198038100003032,46656.851959526284,False,-0.03,-0.02988235,-5.978057e-07,49986.72645643893,0.03,0.0301156042,6.881352e-07,43764.08037257795
0.3,5,50,2026-05-27T21:56:10.403,17048.8984324,17049.0541836,0.15575119999994058,24431.358772957585,False,-0.03,-0.0298856817,-1.278254e-06,23380.08071948142,0.03,0.0301269705,1.178124e-06,25571.98605579718
0.3,5,51,2026-05-27T21:56:10.714,17049.0542475,17049.3648784,0.31063089999952354,30644.53319015248,False,-0.03,-0.029878269,-9.654393e-07,30947.848300768364,0.03,0.0301177084,9.923643e-07,30349.447677632095
0.3,5,52,2026-05-27T21:56:10.885,17049.36493,17049.5352513,0.17032130000006873,49319.987701595994,False,-0.03,-0.0298758864,-7.05348e-07,42356.23607070552,0.03,0.0301178344,5.1107e-07,58930.93783630423
0.3,5,53,2026-05-27T21:56:11.056,17049.5353064,17049.7063075,0.17100109999955748,26489.96356729675,False,-0.03,-0.029880557,-1.108185e-06,26963.509702802327,0.03,0.0301191575,1.156813e-06,26036.323502588577
0.3,5,54,2026-05-27T21:56:11.207,17049.7064006,17049.8572493,0.15084869999918737,34361.72148356295,False,-0.03,-0.0298829228,-6.018702e-07,49650.1119344337,0.03,0.0301245733,1.144477e-06,26321.693926570824
0.3,5,55,2026-05-27T21:56:11.365,17049.857301,17050.0161613,0.15886029999819584,24623.83577971146,False,-0.03,-0.0298766579,-1.259741e-06,23716.508314010578,0.03,0.0301183084,1.176718e-06,25595.179473756667
0.3,5,56,2026-05-27T21:56:11.561,17050.0162162,17050.212593,0.1963767999986885,26970.819191489627,False,-0.03,-0.0298809939,-1.219368e-06,24505.312506150723,0.03,0.0301152158,1.005118e-06,29961.87094450602
0.3,5,57,2026-05-27T21:56:11.722,17050.2126463,17050.3731976,0.1605513000031351,31310.97440229201,False,-0.03,-0.0298817058,-9.146793e-07,32669.052202230883,0.03,0.0301236882,1.001754e-06,30070.943764636824
0.3,5,58,2026-05-27T21:56:11.887,17050.3732494,17050.5378248,0.1645754000019224,34644.556742005036,False,-0.03,-0.0298795058,-8.950533e-07,33382.93462523405,0.03,0.0301230026,8.368929e-07,35993.85608361596
0.3,5,59,2026-05-27T21:56:12.039,17050.5378803,17050.6897935,0.15191320000303676,28796.8951945818,False,-0.03,-0.0298854043,-1.291147e-06,23146.399519187205,0.03,0.0301234809,7.927195e-07,38000.1764810882
0.3,5,60,2026-05-27T21:56:12.199,17050.6898455,17050.8490259,0.15918039999814937,60324.27605472166,False,-0.03,-0.0298846869,-5.536397e-07,53978.583725119424,0.03,0.0301229229,4.411109e-07,68288.77477296526
0.3,5,61,2026-05-27T21:56:12.437,17050.8490798,17051.087097,0.2380172000011953,44792.779104720714,False,-0.03,-0.0298809686,-5.512555e-07,54205.29790632475,0.03,0.0301247328,7.883734e-07,38211.24964388702
0.3,5,62,2026-05-27T21:56:12.625,17051.0871528,17051.2764648,0.18931200000224635,32197.782621999417,False,-0.03,-0.0298820526,-1.278251e-06,23377.29647776532,0.03,0.0301178778,5.852292e-07,51463.38870309274
0.3,5,63,2026-05-27T21:56:12.786,17051.2765189,17051.4369774,0.16045850000227802,25139.792386238358,False,-0.03,-0.0298788018,-1.234503e-06,24203.101815062415,0.03,0.0301184943,1.152044e-06,26143.527764564544
0.3,5,64,2026-05-27T21:56:13.011,17051.437034,17051.662396,0.22536200000104145,30319.755985197942,False,-0.03,-0.0298828509,-1.248943e-06,23926.512979375362,0.03,0.0301197855,7.300517e-07,41257.058232999116
0.3,5,65,2026-05-27T21:56:13.167,17051.6624464,17051.8188148,0.15636839999933727,31196.986128923818,False,-0.03,-0.029876028,-9.801632e-07,30480.666893023525,0.03,0.0301212202,9.430113e-07,31941.526257426605
0.3,5,66,2026-05-27T21:56:13.328,17051.8188803,17051.9790588,0.16017849999843747,26861.00613518245,False,-0.03,-0.0298808617,-1.262967e-06,23659.257684484237,0.03,0.0301196314,9.707726e-07,31026.453981086815
0.3,5,67,2026-05-27T21:56:13.485,17051.9791103,17052.1366177,0.15750740000294172,24491.56978618946,False,-0.03,-0.029882137,-1.296054e-06,23056.243798483705,0.03,0.0301203966,1.153872e-06,26103.758995798493
0.3,5,68,2026-05-27T21:56:13.643,17052.1366724,17052.2938185,0.15714609999849927,26221.88088601742,False,-0.03,-0.0298783111,-1.189354e-06,25121.461818768843,0.03,0.0301242225,1.098908e-06,27412.870322174374
0.3,5,69,2026-05-27T21:56:13.803,17052.2938681,17052.4537812,0.15991310000026715,32602.561524971392,False,-0.03,-0.0298780241,-1.015912e-06,29410.05136271646,0.03,0.0301210502,8.244058e-07,36536.67914514915
0.3,5,70,2026-05-27T21:56:13.964,17052.4538295,17052.6152586,0.16142910000053234,41871.912376941895,False,-0.03,-0.0298782825,-9.50442e-07,31436.197579652413,0.03,0.0301204204,4.824685e-07,62429.81749067555
3.0,5,0,2026-05-27T21:56:17.078,17055.0573632,17055.7289562,0.6715929999991204,35209.28593153399,False,-0.03,-0.0298818003,-9.12214e-07,32757.445402065743,0.03,0.0301185868,7.918929e-07,38033.661875235906
3.0,5,1,2026-05-27T21:56:17.703,17055.729015,17056.3544048,0.6253897999995388,35180.13337240737,False,-0.03,-0.0298806828,-9.10377e-07,32822.317347648284,0.03,0.0301183381,7.951032e-07,37879.78478768542
3.0,5,2,2026-05-27T21:56:18.325,17056.354457,17056.9754912,0.6210341999976663,35108.0194131559,False,-0.03,-0.029880136,-9.131389e-07,32722.44343111437,0.03,0.0301189566,7.958465e-07,37845.18321058144
3.0,5,3,2026-05-27T21:56:18.962,17056.9755538,17057.6122964,0.6367425999997067,35226.8752658972,False,-0.03,-0.0298804214,-9.121578e-07,32757.951968398447,0.03,0.0301178446,7.91038e-07,38073.827805996676
3.0,5,4,2026-05-27T21:56:19.593,17057.6123501,17058.2438974,0.6315472999995109,35192.50012669537,False,-0.03,-0.0298805797,-9.087923e-07,32879.43757886153,0.03,0.0301182973,7.960845e-07,37833.04071364283
3.0,5,5,2026-05-27T21:56:20.217,17058.2439553,17058.8679133,0.6239580000001297,35110.22592237784,False,-0.03,-0.0298806531,-9.126625e-07,32740.09077835454,0.03,0.0301192506,7.962386e-07,37826.91595207768
3.0,5,6,2026-05-27T21:56:20.850,17058.86797,17059.5011635,0.6331935000016529,35225.20565403438,False,-0.03,-0.0298808906,-9.128869e-07,32732.30298298727,0.03,0.0301189701,7.904349e-07,38104.30194820598
3.0,5,7,2026-05-27T21:56:21.472,17059.5012218,17060.1234256,0.6222037999978056,35336.81549792939,False,-0.03,-0.0298803916,-9.069133e-07,32947.35185822062,0.03,0.0301183196,7.909961e-07,38076.44513038686
3.0,5,8,2026-05-27T21:56:22.106,17060.1234798,17060.7570486,0.6335687999999209,35229.57716615875,False,-0.03,-0.0298809081,-9.083018e-07,32897.55464538329,0.03,0.0301179753,7.947809e-07,37894.68934142731
3.0,5,9,2026-05-27T21:56:22.735,17060.7571038,17061.3853939,0.6282901000013226,35167.20962642715,False,-0.03,-0.0298809128,-9.147651e-07,32665.121133283286,0.03,0.030118275,7.913466e-07,38059.52410738859
3.0,5,10,2026-05-27T21:56:23.357,17061.3854558,17062.0071708,0.6217150000011316,35284.03103576007,False,-0.03,-0.029881627,-9.083293e-07,32897.35011300417,0.03,0.0301189701,7.921736e-07,38020.668828145754
3.0,5,11,2026-05-27T21:56:23.979,17062.0072216,17062.6305143,0.6232926999982737,35179.274136801534,False,-0.03,-0.0298802496,-9.118772e-07,32767.843740363285,0.03,0.0301183085,7.936315e-07,37949.99127428787
3.0,5,12,2026-05-27T21:56:24.602,17062.6305795,17063.2525368,0.6219572999980301,35190.36001331119,False,-0.03,-0.0298814564,-9.094516e-07,32856.56586892584,0.03,0.0301192124,7.955798e-07,37858.191472433056
3.0,5,13,2026-05-27T21:56:25.223,17063.2525914,17063.8734532,0.620861800001876,35065.40926316803,False,-0.03,-0.0298806976,-9.139245e-07,32694.930051661817,0.03,0.0301183356,7.971359e-07,37783.18803606763
3.0,5,14,2026-05-27T21:56:25.847,17063.8735127,17064.4983802,0.6248674999987998,35136.02015821396,False,-0.03,-0.0298801939,-9.11723e-07,32773.32468304518,0.03,0.0301184817,7.958886e-07,37842.584628049706
3.0,5,15,2026-05-27T21:56:26.478,17064.4984346,17065.1288217,0.6303871000018262,35216.56546309804,False,-0.03,-0.0298809009,-9.106151e-07,32813.9747517914,0.03,0.0301185407,7.931127e-07,37975.10832949718
3.0,5,16,2026-05-27T21:56:27.099,17065.1288753,17065.7498768,0.6210014999996929,35223.26008474321,False,-0.03,-0.0298804769,-9.100538e-07,32833.747741067615,0.03,0.0301189934,7.93351e-07,37964.272308221705
3.0,5,17,2026-05-27T21:56:27.727,17065.749931,17066.3781315,0.628200500003004,35114.3415154633,False,-0.03,-0.0298816263,-9.118916e-07,32768.836010771454,0.03,0.0301189408,7.968281e-07,37798.54249617954
3.0,5,18,2026-05-27T21:56:28.368,17066.3781848,17067.0191546,0.6409697999988566,35192.06254411461,False,-0.03,-0.0298813776,-9.121574e-07,32759.014617433353,0.03,0.0301187734,7.927768e-07,37991.491930641765
3.0,5,19,2026-05-27T21:56:28.997,17067.0192097,17067.647059,0.6278492999990704,35182.23798838956,False,-0.03,-0.029881435,-9.102361e-07,32828.22445736881,0.03,0.0301182059,7.951597e-07,37876.926987119696
10.0,5,0,2026-05-27T21:56:35.977,17072.8877882,17074.6284771,1.7406888999976218,35139.71409845221,False,-0.03,-0.0298805493,-9.12495e-07,32745.9868821199,0.03,0.0301191737,7.949669e-07,37887.33052910757
10.0,5,1,2026-05-27T21:56:37.717,17074.628532,17076.3681767,1.7396447000028274,35185.173573725726,False,-0.03,-0.0298793623,-9.111071e-07,32794.56641266433,0.03,0.0301188179,7.941049e-07,37928.00913330216
10.0,5,2,2026-05-27T21:56:39.457,17076.3682333,17078.1081611,1.739927800001169,35173.15164718486,False,-0.03,-0.0298799749,-9.122048e-07,32755.7746900696,0.03,0.0301188585,7.936086e-07,37951.779378398875
10.0,5,3,2026-05-27T21:56:41.198,17078.1082543,17079.8491722,1.740917899998749,35155.404814717236,False,-0.03,-0.0298800218,-9.123731e-07,32749.783832951674,0.03,0.0301185545,7.942941e-07,37918.64310713122
10.0,5,4,2026-05-27T21:56:42.949,17079.8492259,17081.5999045,1.7506785999976273,35191.72499750723,False,-0.03,-0.0298805705,-9.117463e-07,32772.900202611185,0.03,0.0301188572,7.931837e-07,37972.108100557285
10.0,5,5,2026-05-27T21:56:44.689,17081.5999589,17083.3393057,1.7393468000009307,35170.49039604826,False,-0.03,-0.0298801702,-9.117547e-07,32772.15922221185,0.03,0.0301187028,7.941889e-07,37923.85262498632
10.0,5,6,2026-05-27T21:56:46.426,17083.3393581,17085.0771074,1.7377493000021786,35122.28638121799,False,-0.03,-0.0298796155,-9.135003e-07,32708.927955469746,0.03,0.0301194632,7.947905e-07,37896.10369021773
7.0,5,0,2026-05-27T21:56:51.724,17089.1148578,17090.3750533,1.2601954999990994,35143.247919298075,False,-0.03,-0.0298787808,-9.128022e-07,32733.028908124892,0.03,0.0301198947,7.944582e-07,37912.49772486457
7.0,5,1,2026-05-27T21:56:52.996,17090.3751082,17091.6463729,1.2712646999971184,35166.211648984085,False,-0.03,-0.0298793061,-9.111437e-07,32793.187397333706,0.03,0.0301199057,7.950171e-07,37885.858933097166
7.0,5,2,2026-05-27T21:56:54.263,17091.6464284,17092.9137868,1.2673584000003757,35174.44599272945,False,-0.03,-0.0298790021,-9.113721e-07,32784.63549630277,0.03,0.0301201011,7.943862e-07,37916.193785843716
7.0,5,3,2026-05-27T21:56:55.532,17092.913842,17094.1824471,1.26860509999824,35179.03384132831,False,-0.03,-0.0298796559,-9.110235e-07,32797.8980783701,0.03,0.0301196568,7.945183e-07,37909.33047105397
7.0,5,4,2026-05-27T21:56:56.802,17094.1825014,17095.452457,1.269955600000685,35160.84006566551,False,-0.03,-0.0298808035,-9.11738e-07,32773.45410633318,0.03,0.0301199957,7.947286e-07,37899.725390529544
7.0,5,5,2026-05-27T21:56:58.070,17095.4525096,17096.7213232,1.268813599999703,35181.990187630254,False,-0.03,-0.0298802624,-9.110293e-07,32798.355003510864,0.03,0.0301204828,7.944099e-07,37915.543096832
7.0,5,6,2026-05-27T21:56:59.333,17096.7213778,17097.9831068,1.261728999998013,35141.75533869812,False,-0.03,-0.0298800138,-9.129523e-07,32728.997780059268,0.03,0.0301199123,7.944162e-07,37914.52427581412
7.0,5,7,2026-05-27T21:57:00.592,17097.9831717,17099.2431695,1.2599977999998373,35160.32187660127,False,-0.03,-0.0298802003,-9.125917e-07,32742.13462603265,0.03,0.0301193138,7.938635e-07,37940.16704383058
7.0,5,8,2026-05-27T21:57:01.855,17099.2432283,17100.5055354,1.2623070999979973,35150.50547941017,False,-0.03,-0.0298803916,-9.122132e-07,32755.929863764308,0.03,0.0301198973,7.947406e-07,37899.02931849713
7.0,5,9,2026-05-27T21:57:03.115,17100.5055893,17101.7658109,1.2602216000013868,35168.533142392276,False,-0.03,-0.0298802675,-9.123632e-07,32750.408499597528,0.03,0.0301199334,7.937131e-07,37948.136927562366
1.0,5,0,2026-05-27T21:57:04.844,17103.2593545,17103.4950156,0.23566109999956097,34706.61849865953,False,-0.03,-0.0298814796,-9.279859e-07,32200.359509772723,0.03,0.0301206309,8.008518e-07,37610.742586830675
1.0,5,1,2026-05-27T21:57:05.069,17103.4950721,17103.7195115,0.22443940000084694,35291.26767740874,False,-0.03,-0.0298816565,-9.038424e-07,33060.69343505018,0.03,0.0301187993,7.963078e-07,37823.06201195065
1.0,5,2,2026-05-27T21:57:05.296,17103.7195666,17103.9476581,0.22809150000102818,35575.87521598421,False,-0.03,-0.0298809105,-8.971124e-07,33307.87814325161,0.03,0.0301186462,7.894113e-07,38153.30006043745
1.0,5,3,2026-05-27T21:57:05.522,17103.9477127,17104.1723213,0.22460860000137473,35656.282726464604,False,-0.03,-0.0298817331,-9.03254e-07,33082.31471989053,0.03,0.0301170154,7.794438e-07,38639.110863413116
1.0,5,4,2026-05-27T21:57:05.747,17104.1723785,17104.3975659,0.22518739999941317,35520.78072631635,False,-0.03,-0.0298799062,-9.040546e-07,33050.99736232745,0.03,0.030120937,7.851212e-07,38364.697068427144
1.0,5,5,2026-05-27T21:57:05.973,17104.397622,17104.6237646,0.2261426000004576,35372.43128531814,False,-0.03,-0.0298810109,-9.091432e-07,32867.221467421194,0.03,0.0301192033,7.870991e-07,38266.08784078142
1.0,5,6,2026-05-27T21:57:06.200,17104.6238188,17104.8510018,0.22718300000269664,35058.0355916883,False,-0.03,-0.029880229,-9.208784e-07,32447.529445798707,0.03,0.030120442,7.905886e-07,38098.75578777635
1.0,5,7,2026-05-27T21:57:06.426,17104.8510555,17105.076453,0.22539750000214553,34805.16609528382,False,-0.03,-0.0298813099,-9.257582e-07,32277.66159673228,0.03,0.0301199111,7.981589e-07,37736.735254095394
1.0,5,8,2026-05-27T21:57:06.652,17105.0765108,17105.3027065,0.22619569999733358,34871.04351851394,False,-0.03,-0.0298795643,-9.186073e-07,32527.02683725679,0.03,0.0301207911,8.020282e-07,37555.77559492297
1.0,5,9,2026-05-27T21:57:06.878,17105.3027581,17105.5292153,0.22645720000218716,35164.68789263628,False,-0.03,-0.0298820464,-9.065355e-07,32962.908126598464,0.03,0.0301206667,7.997988e-07,37660.30494169283
1.0,5,10,2026-05-27T21:57:07.104,17105.5292738,17105.7547203,0.2254465000005439,35136.34215906364,False,-0.03,-0.029882625,-9.109089e-07,32805.28382146667,0.03,0.0301205041,7.968138e-07,37801.182785739904
1.0,5,11,2026-05-27T21:57:07.331,17105.7547756,17105.981559,0.22678340000129538,35234.19476166777,False,-0.03,-0.0298812955,-9.10951e-07,32802.308247095614,0.03,0.0301199837,7.919765e-07,38031.41090676301
1.0,5,12,2026-05-27T21:57:07.558,17105.9816124,17106.2086955,0.22708310000234633,35339.331821215084,False,-0.03,-0.0298810334,-9.15662e-07,32633.257031524732,0.03,0.0301194624,7.82177e-07,38507.22074415382
1.0,5,13,2026-05-27T21:57:07.784,17106.2087511,17106.4348906,0.22613950000231853,34642.23939315786,False,-0.03,-0.0298813873,-9.334133e-07,32013.029276527344,0.03,0.0301201942,7.98622e-07,37715.20719439234
1.0,5,14,2026-05-27T21:57:08.008,17106.4349417,17106.6589882,0.22404649999953108,34925.86023047055,False,-0.03,-0.0298801965,-9.157887e-07,32627.82834075153,0.03,0.0301175208,8.020707e-07,37549.70827384668
1.0,5,15,2026-05-27T21:57:08.232,17106.6590426,17106.8831815,0.22413890000098036,34889.85981250804,False,-0.03,-0.0298809378,-9.151145e-07,32652.67657763045,0.03,0.0301180516,8.045539e-07,37434.47343925622
1.0,5,16,2026-05-27T21:57:08.457,17106.883233,17107.1078406,0.2246076000010362,35508.085460102775,False,-0.03,-0.0298804356,-8.954294e-07,33369.95144452483,0.03,0.0301197637,7.943322e-07,37918.34663129607
1.0,5,17,2026-05-27T21:57:08.681,17107.1078992,17107.3317924,0.22389320000002044,35133.64149094947,False,-0.03,-0.0298803543,-9.022856e-07,33116.293000797086,0.03,0.0301210789,8.055201e-07,37393.32997401306
1.0,5,18,2026-05-27T21:57:08.906,17107.3318509,17107.5569192,0.22506830000202172,35204.321369727135,False,-0.03,-0.02988001,-9.121719e-07,32756.99459718064,0.03,0.0301192817,7.921442e-07,38022.47330725895
1.0,5,19,2026-05-27T21:57:09.120,17107.5569767,17107.7715514,0.21457469999950263,35184.74675561138,False,-0.03,-0.0298808239,-9.156644e-07,32632.942702588414,0.03,0.0301207451,7.896646e-07,38143.71962476221
1.0,5,20,2026-05-27T21:57:09.335,17107.7716062,17107.9861429,0.21453670000119018,35193.94052371258,False,-0.03,-0.0298814313,-9.068709e-07,32950.038754138,0.03,0.0301179235,7.979497e-07,37744.1378823753
1.0,5,21,2026-05-27T21:57:09.558,17107.9861909,17108.2091922,0.22300130000076024,35136.43285742269,False,-0.03,-0.0298809243,-9.140218e-07,32691.697615964957,0.03,0.0301194012,7.936167e-07,37952.07585727468
1.0,5,22,2026-05-27T21:57:09.792,17108.2092467,17108.4435837,0.23433699999804958,35485.46769932189,False,-0.03,-0.0298793605,-9.025385e-07,33105.9123793611,0.03,0.0301199225,7.882743e-07,38209.95115532753
1.0,5,23,2026-05-27T21:57:10.018,17108.443645,17108.6687192,0.2250741999996535,34775.853858119204,False,-0.03,-0.0298819669,-9.213827e-07,32431.656140277,0.03,0.0301213381,8.040474e-07,37462.1422816615
1.0,5,24,2026-05-27T21:57:10.243,17108.6687747,17108.8939932,0.2252184999997553,34826.56243334143,False,-0.03,-0.0298814169,-9.238215e-07,32345.444330966533,0.03,0.030120066,7.99044e-07,37695.12817817291
1.0,5,25,2026-05-27T21:57:10.477,17108.8940504,17109.1278359,0.233785500000522,34798.65640827909,False,-0.03,-0.0298784781,-9.192383e-07,32503.517423066467,0.03,0.0301203074,8.049313e-07,37419.72439138595
1.0,5,26,2026-05-27T21:57:10.702,17109.1279262,17109.3529879,0.22506170000269776,35456.06936576731,False,-0.03,-0.0298786359,-8.97617e-07,33286.619905817286,0.03,0.0301201495,7.945837e-07,37906.830331404984
1.0,5,27,2026-05-27T21:57:10.926,17109.3530416,17109.5778999,0.2248583000000508,35463.29365800585,False,-0.03,-0.029879755,-8.964824e-07,33329.99621632282,0.03,0.0301208717,7.954255e-07,37867.621417719194
1.0,5,28,2026-05-27T21:57:11.154,17109.577958,17109.8052422,0.2272841999983939,35409.598651555236,False,-0.03,-0.029880721,-9.02876e-07,33095.04405920635,0.03,0.0301213786,7.916391e-07,38049.38209848401
1.0,5,29,2026-05-27T21:57:11.368,17109.8052957,17110.0185351,0.2132394000000204,35238.96728582187,False,-0.03,-0.0298800993,-9.21382e-07,32429.653824363835,0.03,0.030118887,7.812498e-07,38552.18522935942
1.0,5,30,2026-05-27T21:57:11.584,17110.0185852,17110.234162,0.21557680000114487,35405.75724696754,False,-0.03,-0.0298809984,-9.137702e-07,32700.780130496703,0.03,0.0301191309,7.808731e-07,38571.095482735924
1.0,5,31,2026-05-27T21:57:11.807,17110.2342159,17110.4578048,0.2235889000003226,34952.863855563104,False,-0.03,-0.0298817644,-9.230226e-07,32373.81663244215,0.03,0.0301211354,7.936579e-07,37952.29077918836
1.0,5,32,2026-05-27T21:57:12.042,17110.4578597,17110.6925625,0.23470280000037747,35109.087076938995,False,-0.03,-0.0298803344,-9.156216e-07,32633.93349392369,0.03,0.0301205758,7.933636e-07,37965.66391500694
1.0,5,33,2026-05-27T21:57:12.270,17110.6926157,17110.9204877,0.22787199999947916,34848.79524306949,False,-0.03,-0.0298817835,-9.262206e-07,32262.05884429692,0.03,0.0301214367,7.955956e-07,37860.23540100021
1.0,5,34,2026-05-27T21:57:12.495,17110.9205417,17111.1453998,0.2248580999985279,35294.158654382074,False,-0.03,-0.0298813914,-9.085115e-07,32890.493295902146,0.03,0.0301180889,7.914718e-07,38053.268480317296
1.0,5,35,2026-05-27T21:57:12.721,17111.1454547,17111.3716764,0.22622169999885955,35277.16555977885,False,-0.03,-0.0298804349,-9.075878e-07,32922.91379412548,0.03,0.0301228523,7.933223e-07,37970.509968016784
1.0,5,36,2026-05-27T21:57:12.946,17111.3717286,17111.5973073,0.2255786999994598,35417.29677040563,False,-0.03,-0.0298820896,-8.9972e-07,33212.654603654475,0.03,0.0301211402,7.944587e-07,37914.04159838642
1.0,5,37,2026-05-27T21:57:13.172,17111.5973729,17111.8228885,0.22551559999919846,35493.55571542228,False,-0.03,-0.0298799471,-9.039268e-07,33055.71546280075,0.03,0.0301196337,7.865091e-07,38295.34038449142
1.0,5,38,2026-05-27T21:57:13.397,17111.8229418,17112.0479938,0.22505199999795877,35383.08819197612,False,-0.03,-0.0298808309,-9.0704e-07,32943.23392573646,0.03,0.030119542,7.886959e-07,38189.043457687556
1.0,5,39,2026-05-27T21:57:13.631,17112.0480453,17112.282135,0.23408970000309637,34975.64915335123,False,-0.03,-0.0298806731,-9.171768e-07,32578.96743572232,0.03,0.0301216654,7.983693e-07,37728.98757504829
1.0,5,40,2026-05-27T21:57:13.856,17112.282189,17112.5075156,0.22532659999706084,34852.982469653834,False,-0.03,-0.0298795683,-9.200375e-07,32476.46786136435,0.03,0.0301190638,8.014402e-07,37581.174241072506
1.0,5,41,2026-05-27T21:57:14.082,17112.5076494,17112.7338784,0.22622899999987567,34915.03421319429,False,-0.03,-0.0298820265,-9.106162e-07,32815.17119945812,0.03,0.0301206085,8.079167e-07,37281.82435144613
1.0,5,42,2026-05-27T21:57:14.309,17112.7339331,17112.9591911,0.22525799999857554,35155.31173279074,False,-0.03,-0.0298802331,-9.088483e-07,32877.03030307699,0.03,0.030119805,7.97865e-07,37750.50290462672
1.0,5,43,2026-05-27T21:57:14.535,17112.9592449,17113.1853674,0.2261225000002014,35610.1682833752,False,-0.03,-0.0298800992,-9.017815e-07,33134.52227618331,0.03,0.0301189107,7.831027e-07,38460.997133581586
1.0,5,44,2026-05-27T21:57:14.762,17113.1854247,17113.4121983,0.22677359999943292,35623.98903348698,False,-0.03,-0.0298793849,-9.083859e-07,32892.8321102298,0.03,0.0301204825,7.758687e-07,38821.623426747334
1.0,5,45,2026-05-27T21:57:14.985,17113.4122513,17113.6356849,0.2234336000001349,35199.672898207886,False,-0.03,-0.0298797053,-9.117931e-07,32770.26915426318,0.03,0.0301175986,7.926916e-07,37994.09328924389
1.0,5,46,2026-05-27T21:57:15.209,17113.6357417,17113.8599868,0.22424509999837028,34921.83773713279,False,-0.03,-0.0298810444,-9.23825e-07,32344.918572240415,0.03,0.0301201381,7.943315e-07,37918.851386354436
1.0,5,47,2026-05-27T21:57:15.435,17113.8600412,17114.0858734,0.2258321999979671,34706.2293606479,False,-0.03,-0.0298801549,-9.256323e-07,32280.80405145758,0.03,0.0301198703,8.031647e-07,37501.48668137432
1.0,5,48,2026-05-27T21:57:15.661,17114.0859305,17114.3115033,0.22557279999819002,35020.73783999161,False,-0.03,-0.0298795762,-9.12044e-07,32761.11262175948,0.03,0.0301205399,8.012299e-07,37592.880520310086
1.0,5,49,2026-05-27T21:57:15.885,17114.3115581,17114.5359504,0.2243923000023642,35028.46855276591,False,-0.03,-0.0298798488,-9.04516e-07,33034.07435578807,0.03,0.0301217881,8.084232e-07,37259.92537077115
1.0,5,50,2026-05-27T21:57:16.110,17114.536009,17114.7607271,0.2247181000020646,35381.17789072502,False,-0.03,-0.0298791362,-8.987953e-07,33243.538545428535,0.03,0.0301194515,7.969817e-07,37791.8984839928
1.0,5,51,2026-05-27T21:57:16.323,17114.7607813,17114.973993,0.2132117000001017,35558.106517151864,False,-0.03,-0.0298798084,-8.963974e-07,33333.216272157864,0.03,0.0301182559,7.909271e-07,38079.686357946266
1.0,5,52,2026-05-27T21:57:16.539,17114.9740466,17115.189953,0.2159064000006765,35163.099024401396,False,-0.03,-0.0298804397,-9.085967e-07,32886.361682801624,0.03,0.0301196572,7.977403e-07,37756.21865913005
1.0,5,53,2026-05-27T21:57:16.772,17115.1900043,17115.4235303,0.23352599999998347,35523.41373741472,False,-0.03,-0.0298802102,-9.021185e-07,33122.2674183048,0.03,0.0301190594,7.868878e-07,38276.180416064395
0.7,5,0,2026-05-27T21:57:18.374,17116.8280865,17117.0244837,0.1963971999975911,35942.244338893055,False,-0.03,-0.0298973809,-7.41341e-07,40328.78378505978,0.03,0.0301020499,9.27988e-07,32437.973228102088
0.7,5,1,2026-05-27T21:57:18.556,17117.0245403,17117.2076467,0.18310639999981504,34083.487511037856,False,-0.03,-0.0298938555,-8.288914e-07,36064.86386515773,0.03,0.0301035257,9.31415e-07,32320.20710424462
0.7,5,2,2026-05-27T21:57:18.753,17117.2077017,17117.4036994,0.19599770000058925,35331.72436465787,False,-0.03,-0.0298973809,-7.574443e-07,39471.3920218292,0.03,0.0301040381,9.407864e-07,31998.802384898423
0.7,5,3,2026-05-27T21:57:18.935,17117.403752,17117.5860689,0.1823169000017515,34197.583580578466,False,-0.03,-0.0298884582,-8.397082e-07,35593.862486992504,0.03,0.0301042977,9.145899e-07,32915.62447824976
0.7,5,4,2026-05-27T21:57:19.136,17117.5861245,17117.7865115,0.20038699999713572,42342.37493026835,False,-0.03,-0.0298943816,-7.772734e-07,38460.57461891787,0.03,0.0301064362,6.397661e-07,47058.504975490265
0.7,5,5,2026-05-27T21:57:19.318,17117.7865678,17117.9689411,0.18237329999828944,35633.27191302052,False,-0.03,-0.0298954264,-7.559433e-07,39547.18085337882,0.03,0.0301022199,9.278102e-07,32444.372674497437
0.7,5,6,2026-05-27T21:57:19.512,17117.9689927,17118.1627337,0.19374099999913597,32621.043216073194,False,-0.03,-0.0298982549,-1.030676e-06,29008.393423345457,0.03,0.0301342966,8.096254e-07,37220.048432274976
0.7,5,7,2026-05-27T21:57:19.692,17118.1627854,17118.3425491,0.17976370000178576,34732.70464481157,False,-0.03,-0.0298799313,-8.850774e-07,33759.681695634754,0.03,0.0301190064,8.423705e-07,35755.05837395778
0.7,5,8,2026-05-27T21:57:19.891,17118.3426026,17118.5422725,0.1996698999973887,36890.7029402893,False,-0.03,-0.0298795829,-8.914463e-07,33518.09626670726,0.03,0.0301211312,7.349991e-07,40981.181065391786
0.7,5,9,2026-05-27T21:57:20.074,17118.5423343,17118.7250743,0.1827400000001944,33328.195324544206,False,-0.03,-0.0298849187,-8.984172e-07,33263.965449459334,0.03,0.0301148115,9.018522e-07,33392.180559076085
0.7,5,10,2026-05-27T21:57:20.269,17118.7251293,17118.9197247,0.194595400000253,35528.25229244915,False,-0.03,-0.0298840374,-1.057117e-06,28269.37548067054,0.03,0.0301321445,6.321353e-07,47667.239117954654
0.7,5,11,2026-05-27T21:57:20.449,17118.9197785,17119.0999617,0.18018320000192034,35318.928692489,False,-0.03,-0.0298636505,-1.007542e-06,29640.10482937684,0.03,0.0301318861,6.911374e-07,43597.53371760811
0.7,5,12,2026-05-27T21:57:20.646,17119.1000487,17119.2964972,0.19644850000258884,35262.49779092328,False,-0.03,-0.0298653815,-9.934802e-07,30061.37565700856,0.03,0.0301338537,7.080225e-07,42560.587693187714
0.7,5,13,2026-05-27T21:57:20.829,17119.2965522,17119.4793969,0.18284469999707653,33988.32505163516,False,-0.03,-0.0298662765,-1.064507e-06,28056.4397415893,0.03,0.0301339357,7.008113e-07,42998.644142866986
0.7,5,14,2026-05-27T21:57:21.029,17119.4794513,17119.6793924,0.19994109999970533,34854.13579355647,False,-0.03,-0.0298667958,-1.018897e-06,29312.870486418153,0.03,0.0301203262,7.021935e-07,42894.62406017714
0.7,5,15,2026-05-27T21:57:21.212,17119.6794538,17119.863215,0.18376120000175433,31698.08780259676,False,-0.03,-0.0298838007,-1.017698e-06,29364.11459981252,0.03,0.0301147171,8.751139e-07,34412.340039393726
0.7,5,16,2026-05-27T21:57:21.412,17119.8632663,17120.0630413,0.1997750000009546,39335.19178076085,False,-0.03,-0.0298856522,-8.377239e-07,35674.82341138888,0.03,0.0301153525,6.876533e-07,43794.383739596684
0.7,5,17,2026-05-27T21:57:21.592,17120.0630955,17120.2430954,0.1799998999995296,34631.5222872852,False,-0.03,-0.029883664,-8.589366e-07,34791.46656458695,0.03,0.0301151817,8.735557e-07,34474.25470407897
0.7,5,18,2026-05-27T21:57:21.792,17120.2431466,17120.4430637,0.19991709999885643,38237.787152922036,False,-0.03,-0.0298773316,-8.373044e-07,35682.75957943133,0.03,0.0301130379,7.315722e-07,41162.08612082307
0.7,5,19,2026-05-27T21:57:21.972,17120.443118,17120.6234742,0.18035620000227937,34818.13997970515,False,-0.03,-0.0298861518,-8.477004e-07,35255.559393389456,0.03,0.0301157434,8.755937e-07,34394.6551922427
0.7,5,20,2026-05-27T21:57:22.167,17120.6235267,17120.8181335,0.19460679999974673,38117.77285388586,False,-0.03,-0.0298782198,-8.519073e-07,35072.14904720267,0.03,0.0301347639,7.225022e-07,41708.888775702
0.7,5,21,2026-05-27T21:57:22.348,17120.818187,17120.9983597,0.18017269999836572,35345.32900567451,False,-0.03,-0.0298634968,-1.057418e-06,28241.90320195041,0.03,0.0301346478,6.400664e-07,47080.50258535677
0.7,5,22,2026-05-27T21:57:22.547,17120.9984097,17121.1982406,0.19983089999732329,30429.65593322441,False,-0.03,-0.0298652321,-1.044675e-06,28588.06049728384,0.03,0.0301348254,9.270876e-07,32504.830611476194
0.7,5,23,2026-05-27T21:57:22.728,17121.198286,17121.3782402,0.1799542000007932,34531.4264120025,False,-0.03,-0.0298635378,-1.073399e-06,27821.469742379115,0.03,0.0301347707,6.640997e-07,45376.87744776876
0.7,5,24,2026-05-27T21:57:22.929,17121.3782954,17121.579811,0.201515599997947,30427.975533515277,False,-0.03,-0.0298640109,-1.073279e-06,27825.021173432073,0.03,0.0301017667,8.974659e-07,33540.84729013102
0.7,5,25,2026-05-27T21:57:23.113,17121.579864,17121.7640981,0.18423410000104923,31210.091572458223,False,-0.03,-0.0298898223,-9.911967e-07,30155.288349930946,0.03,0.0301074715,9.311717e-07,32332.889304947734
0.7,5,26,2026-05-27T21:57:23.309,17121.7641567,17121.9603015,0.19614480000018375,34744.353525626604,False,-0.03,-0.0298689163,-9.748491e-07,30639.5280048984,0.03,0.0301294366,7.520028e-07,40065.590979182525
0.7,5,27,2026-05-27T21:57:23.491,17121.9603544,17122.1418804,0.1815260000003036,34110.208686304984,False,-0.03,-0.0298729882,-9.453475e-07,31600.007616246934,0.03,0.0301206233,8.134694e-07,37027.35874268903
0.7,5,28,2026-05-27T21:57:23.680,17122.1419277,17122.3308812,0.18895350000093458,36973.837268950345,False,-0.03,-0.0298953905,-8.06119e-07,37085.57979653128,0.03,0.0301091727,8.167735e-07,36863.55238018863
0.7,5,29,2026-05-27T21:57:23.860,17122.330935,17122.5108639,0.17992889999732142,34552.09443474884,False,-0.03,-0.0298915918,-9.022021e-07,33131.81359254207,0.03,0.0301129713,8.344383e-07,36087.71469382457
0.7,5,30,2026-05-27T21:57:24.054,17122.5109161,17122.7046935,0.19377739999981713,32853.575592565714,False,-0.03,-0.0298867138,-9.160227e-07,32626.6082707339,0.03,0.0301330235,9.108633e-07,33081.82852465348
0.7,5,31,2026-05-27T21:57:24.234,17122.7047466,17122.8850555,0.18030889999863575,35146.98335852745,False,-0.03,-0.0298903687,-7.888709e-07,37890.0637607497,0.03,0.0301036445,9.180754e-07,32789.9478626701
0.7,5,32,2026-05-27T21:57:24.435,17122.8851097,17123.085133,0.20002329999988433,35098.36851772195,False,-0.03,-0.0298949256,-7.613521e-07,39265.57186878449,0.03,0.0301025309,9.480566e-07,31751.828846505578
0.7,5,33,2026-05-27T21:57:24.616,17123.0851865,17123.2666888,0.18150229999810108,34703.12957725609,False,-0.03,-0.0298990385,-7.803399e-07,38315.40396691237,0.03,0.0301025719,9.486572e-07,31731.769811055037
0.7,5,34,2026-05-27T21:57:24.814,17123.2667457,17123.4645824,0.19783670000106213,35115.97075027823,False,-0.03,-0.0298965926,-7.6177e-07,39246.219462567446,0.03,0.0301034259,9.468548e-07,31793.075242370847
0.7,5,35,2026-05-27T21:57:24.994,17123.464642,17123.6452322,0.1805902000014612,36474.54787897725,False,-0.03,-0.0298957318,-7.57985e-07,39441.05991543368,0.03,0.0301047718,8.870115e-07,33939.550727358095
0.7,5,36,2026-05-27T21:57:25.195,17123.6452864,17123.8455808,0.2002944000014395,42899.786051232455,False,-0.03,-0.0298967703,-7.555217e-07,39571.027940031374,0.03,0.030105127,6.431309e-07,46810.263664830905
0.7,5,37,2026-05-27T21:57:25.377,17123.8456374,17124.0281715,0.18253409999670112,35421.80310650308,False,-0.03,-0.0298976966,-7.630942e-07,39179.562103866076,0.03,0.0301014077,9.307525e-07,32340.936715184755
0.7,5,38,2026-05-27T21:57:25.572,17124.0282233,17124.2228643,0.1946410000018659,42092.57213941549,False,-0.03,-0.0298980246,-7.709032e-07,38783.11129075609,0.03,0.0301154475,6.548465e-07,45988.559914422694
0.7,5,39,2026-05-27T21:57:25.753,17124.2229173,17124.403827,0.18090969999684603,34560.64168415794,False,-0.03,-0.0298860754,-8.424724e-07,35474.24865194397,0.03,0.0301081987,8.934408e-07,33699.15354212613
0.7,5,40,2026-05-27T21:57:25.949,17124.4038785,17124.5996264,0.19574789999751374,40931.308146431744,False,-0.03,-0.0298916366,-8.156123e-07,36649.32051662291,0.03,0.0301289408,6.50761e-07,46298.01232710627
0.7,5,41,2026-05-27T21:57:26.129,17124.5996769,17124.7796073,0.17993039999782923,34332.020386279604,False,-0.03,-0.0298700475,-9.747945e-07,30642.40462989892,0.03,0.0301301706,7.728515e-07,38985.717954872314
0.7,5,42,2026-05-27T21:57:26.324,17124.7796603,17124.9745079,0.1948475999997754,35816.14724007824,False,-0.03,-0.0298667339,-9.749114e-07,30635.331477301424,0.03,0.0301360325,7.003879e-07,43027.63154531938
0.7,5,43,2026-05-27T21:57:26.506,17124.9745629,17125.1571665,0.18260360000203946,35649.11481407872,False,-0.03,-0.0298658936,-1.050328e-06,28434.825692545564,0.03,0.030133866,6.327365e-07,47624.66840462024
0.7,5,44,2026-05-27T21:57:26.703,17125.1572205,17125.3537128,0.19649229999777162,30157.122083087033,False,-0.03,-0.0298657496,-1.075083e-06,27779.947780775998,0.03,0.0301297941,9.14349e-07,32952.18138806955
0.7,5,45,2026-05-27T21:57:26.882,17125.3537686,17125.5334795,0.17971089999991818,35327.93118285952,False,-0.03,-0.029871953,-1.014692e-06,29439.428910447703,0.03,0.0301282705,6.836872e-07,44067.33152236871
0.7,5,46,2026-05-27T21:57:27.078,17125.5335337,17125.729338,0.19580430000132765,31011.027438971738,False,-0.03,-0.0298713177,-1.006101e-06,29690.17792448273,0.03,0.0301049459,9.279292e-07,32443.149649779316
0.7,5,47,2026-05-27T21:57:27.260,17125.7293912,17125.9106238,0.18123259999993024,36096.4631942753,False,-0.03,-0.0298942186,-8.501638e-07,35162.892844884715,0.03,0.0301093184,8.121469e-07,37073.73432072449
0.7,5,48,2026-05-27T21:57:27.456,17125.9106774,17126.1064718,0.19579440000234172,35299.19195466267,False,-0.03,-0.0298896274,-8.920472e-07,33506.777892470265,0.03,0.0301016529,8.074614e-07,37279.37075382179
0.7,5,49,2026-05-27T21:57:27.635,17126.106524,17126.2859798,0.1794558000001416,34990.43534862261,False,-0.03,-0.029898591,-7.523959e-07,39737.844132324484,0.03,0.0301035044,9.624183e-07,31279.02326878032
0.7,5,50,2026-05-27T21:57:27.834,17126.2860275,17126.485097,0.19906950000222423,43169.79773527045,False,-0.03,-0.0298989643,-7.537198e-07,39668.54035146748,0.03,0.0301044989,6.36221e-07,47317.6756190066
0.7,5,51,2026-05-27T21:57:28.015,17126.4851485,17126.6655304,0.180381900001521,35724.23561514115,False,-0.03,-0.0298961017,-7.509548e-07,39810.787147242416,0.03,0.0301020804,9.285264e-07,32419.19712783611
0.7,5,52,2026-05-27T21:57:28.214,17126.6656672,17126.8640064,0.19833920000019134,42912.40516787645,False,-0.03,-0.0298944279,-7.466872e-07,40036.07923103543,0.03,0.0301043281,6.514809e-07,46209.072437887284
0.7,5,53,2026-05-27T21:57:28.394,17126.8640656,17127.0445897,0.18052410000018426,34619.244863234024,False,-0.03,-0.0298947968,-7.828625e-07,38186.52292069169,0.03,0.0301053051,9.502805e-07,31680.440775118503
0.7,5,54,2026-05-27T21:57:28.590,17127.0446512,17127.2405095,0.1958582999977807,42349.91144671743,False,-0.03,-0.0298937105,-7.90975e-07,37793.49600176997,0.03,0.0301280694,6.263073e-07,48104.2922539782
0.7,5,55,2026-05-27T21:57:28.769,17127.2405619,17127.4194864,0.1789244999999937,35246.09144074925,False,-0.03,-0.0298712948,-9.291813e-07,32147.972413994987,0.03,0.0301313693,7.732107e-07,38969.157177985246
0.7,5,56,2026-05-27T21:57:28.969,17127.4195408,17127.6203464,0.2008055999976932,34086.59830924871,False,-0.03,-0.0298680319,-9.42105e-07,31703.50640321408,0.03,0.0301291737,8.180356e-07,36831.12776509971
0.7,5,57,2026-05-27T21:57:29.149,17127.6204019,17127.800112,0.17971010000110255,35095.33417877263,False,-0.03,-0.0298732857,-9.280369e-07,32189.76066576663,0.03,0.0301300003,7.816857e-07,38544.904045193616
0.7,5,58,2026-05-27T21:57:29.345,17127.8001687,17127.9954489,0.19528020000143442,33799.17663669298,False,-0.03,-0.0298674648,-9.481716e-07,31500.06264688797,0.03,0.0301355206,8.271079e-07,36434.8117095726
0.7,5,59,2026-05-27T21:57:29.524,17127.9955033,17128.1752074,0.17970409999907133,35298.01627895429,False,-0.03,-0.0298641103,-1.062042e-06,28119.519096231597,0.03,0.0301342294,6.377232e-07,47252.83539943348
0.7,5,60,2026-05-27T21:57:29.722,17128.1752604,17128.3725418,0.19728140000006533,29893.441126212143,False,-0.03,-0.0298650872,-1.051468e-06,28403.22977018797,0.03,0.0301339219,9.556281e-07,31533.105713404613
0.7,5,61,2026-05-27T21:57:29.903,17128.3725976,17128.5539854,0.18138780000299448,36299.73183737558,False,-0.03,-0.0298662419,-1.000448e-06,29852.867815218782,0.03,0.0301354797,6.525042e-07,46184.34593984223
0.7,5,62,2026-05-27T21:57:30.102,17128.5540495,17128.7532708,0.19922130000122706,29837.07833932063,False,-0.03,-0.0298644655,-1.052789e-06,28366.99994015895,0.03,0.0301306725,9.579688e-07,31452.665786192618
0.7,5,63,2026-05-27T21:57:30.282,17128.7533287,17128.9335926,0.18026389999795356,34897.62288972466,False,-0.03,-0.029870984,-1.036805e-06,28810.60951673651,0.03,0.0301240112,6.823664e-07,44146.38704367624
2.0,5,0,2026-05-27T21:57:32.514,17130.7711065,17131.1649349,0.39382839999962016,35085.471082075914,False,-0.03,-0.0298796674,-9.170706e-07,32581.643550671015,0.03,0.0301192178,7.930072e-07,37981.014295960995
2.0,5,1,2026-05-27T21:57:32.910,17131.1649884,17131.5611952,0.3962068000000727,35117.60549897739,False,-0.03,-0.0298803633,-9.143156e-07,32680.579112945245,0.03,0.0301188137,7.942057e-07,37923.19005013437
2.0,5,2,2026-05-27T21:57:33.306,17131.5612491,17131.9562732,0.3950241000020469,35092.163177425544,False,-0.03,-0.0298800979,-9.138113e-07,32698.32393186646,0.03,0.0301184263,7.959301e-07,37840.54190185796
2.0,5,3,2026-05-27T21:57:33.700,17131.9563256,17132.3510234,0.39469779999853927,35117.1627426703,False,-0.03,-0.0298793733,-9.136012e-07,32705.050409303316,0.03,0.0301190648,7.949206e-07,37889.400274694104
2.0,5,4,2026-05-27T21:57:34.097,17132.3510778,17132.747872,0.39679419999811216,35189.05539133516,False,-0.03,-0.0298804733,-9.127591e-07,32736.428812377766,0.03,0.0301201528,7.923343e-07,38014.45021375447
2.0,5,5,2026-05-27T21:57:34.493,17132.7479257,17133.1439438,0.3960181000002194,35158.17453298646,False,-0.03,-0.0298796914,-9.113301e-07,32786.902791864326,0.03,0.0301185913,7.951943e-07,37875.763571242904
2.0,5,6,2026-05-27T21:57:34.888,17133.1439981,17133.5385841,0.39458599999852595,35184.6792935819,False,-0.03,-0.0298802138,-9.108882e-07,32803.382237249316,0.03,0.0301188863,7.943739e-07,37915.25162143419
2.0,5,7,2026-05-27T21:57:35.285,17133.538636,17133.93592,0.39728399999876274,35229.88803248337,False,-0.03,-0.0298800656,-9.134955e-07,32709.592548622295,0.03,0.0301190513,7.895788e-07,38145.71933795588
2.0,5,8,2026-05-27T21:57:35.681,17133.9359766,17134.3313156,0.39533899999878486,35144.1461235508,False,-0.03,-0.0298797164,-9.159775e-07,32620.57899893829,0.03,0.030119013,7.912408e-07,38065.545912192596
2.0,5,9,2026-05-27T21:57:36.076,17134.331372,17134.7266889,0.3953168999978516,35058.96197267859,False,-0.03,-0.0298802784,-9.155366e-07,32636.902118386097,0.03,0.0301190226,7.958461e-07,37845.28516254587
2.0,5,10,2026-05-27T21:57:36.472,17134.7267487,17135.1225458,0.3957971000018006,35052.98530849314,False,-0.03,-0.0298802234,-9.163567e-07,32607.6334684954,0.03,0.0301184152,7.952989e-07,37870.56061563772
2.0,5,11,2026-05-27T21:57:36.867,17135.1226112,17135.5176871,0.395075899999938,35030.391856176415,False,-0.03,-0.0298793745,-9.175752e-07,32563.406792162645,0.03,0.0301188696,7.951731e-07,37877.12335842347
2.0,5,12,2026-05-27T21:57:37.263,17135.5178119,17135.913407,0.39559509999889997,35117.05045135182,False,-0.03,-0.0298798456,-9.140226e-07,32690.488834739972,0.03,0.0301184463,7.945005e-07,37908.65619341964
2.0,5,13,2026-05-27T21:57:37.658,17135.9134652,17136.309478,0.39601279999988037,35097.056103763374,False,-0.03,-0.0298801564,-9.146314e-07,32669.069091658126,0.03,0.030117896,7.948582e-07,37890.90431475703
2.0,5,14,2026-05-27T21:57:38.054,17136.3095385,17136.7055909,0.39605239999946207,35148.32891497795,False,-0.03,-0.029879795,-9.124656e-07,32746.215309377145,0.03,0.0301186731,7.945421e-07,37906.956849737726
2.0,5,15,2026-05-27T21:57:38.451,17136.7056546,17137.1012213,0.3955667000009271,35171.313921529094,False,-0.03,-0.0298804669,-9.128017e-07,32734.89400819477,0.03,0.0301187664,7.931122e-07,37975.416845182815
2.0,5,16,2026-05-27T21:57:38.845,17137.101276,17137.4961655,0.39488949999940814,35158.55584883892,False,-0.03,-0.0298796874,-9.130752e-07,32724.234980864665,0.03,0.0301184866,7.934276e-07,37959.96837014493
2.0,5,17,2026-05-27T21:57:39.244,17137.4962182,17137.8955249,0.3993066999973962,35073.893449072595,False,-0.03,-0.0298788529,-9.148838e-07,32658.631511455333,0.03,0.0301186755,7.957198e-07,37850.85591686923
2.0,5,18,2026-05-27T21:57:39.647,17137.8955784,17138.2972763,0.4016979000007268,35098.235076437246,False,-0.03,-0.0298802111,-9.14211e-07,32684.1517986548,0.03,0.0301190916,7.952568e-07,37873.415983365376
2.0,5,19,2026-05-27T21:57:40.042,17138.2973309,17138.6929349,0.39560399999754736,35134.65719222187,False,-0.03,-0.0298780255,-9.11961e-07,32762.39389623021,0.03,0.0301192924,7.956782e-07,37853.610165516664
2.0,5,20,2026-05-27T21:57:40.439,17138.692989,17139.0901095,0.3971205000016198,35129.09489178965,False,-0.03,-0.0298780829,-9.130331e-07,32723.986567409218,0.03,0.0301200505,7.948997e-07,37891.636517160594
2.0,5,21,2026-05-27T21:57:40.835,17139.0901621,17139.4859035,0.39574139999967883,35118.30282826836,False,-0.03,-0.0298783799,-9.140211e-07,32688.938909615983,0.03,0.0301190491,7.944165e-07,37913.42337426275
2.0,5,22,2026-05-27T21:57:41.230,17139.4859579,17139.8814244,0.3954664999982924,35147.708425987155,False,-0.03,-0.0298798026,-9.116034e-07,32777.195214497886,0.03,0.0301198382,7.954678e-07,37864.30852386482
2.0,5,23,2026-05-27T21:57:41.626,17139.8814788,17140.2776368,0.39615799999955925,35101.02577621209,False,-0.03,-0.0298795205,-9.128437e-07,32732.351113339555,0.03,0.0301193719,7.964765e-07,37815.76970569753
2.0,5,24,2026-05-27T21:57:42.021,17140.2776889,17140.6726543,0.39496539999890956,35156.87554984137,False,-0.03,-0.0298802426,-9.121708e-07,32757.289095419408,0.03,0.0301194867,7.944578e-07,37912.00325555366
2.0,5,25,2026-05-27T21:57:42.417,17140.6727087,17141.0676767,0.39496800000051735,35189.504902053646,False,-0.03,-0.0298794296,-9.11834e-07,32768.4968974616,0.03,0.0301197425,7.931963e-07,37972.62102710262
2.0,5,26,2026-05-27T21:57:42.814,17141.0677285,17141.4642249,0.3964964000006148,35207.98553898442,False,-0.03,-0.0298799174,-9.092896e-07,32860.727099485135,0.03,0.0301204049,7.948784e-07,37893.09773671042
2.0,5,27,2026-05-27T21:57:43.211,17141.464279,17141.8616804,0.39740140000139945,35186.52059705911,False,-0.03,-0.0298798696,-9.112246e-07,32790.894363475265,0.03,0.0301194077,7.939533e-07,37935.99409436298
2.0,5,28,2026-05-27T21:57:43.606,17141.8617655,17142.2571074,0.395341899999039,35240.80534539682,False,-0.03,-0.0298796147,-9.11372e-07,32785.31126696892,0.03,0.0301195832,7.91177e-07,38069.33619152225
2.0,5,29,2026-05-27T21:57:44.004,17142.2571609,17142.6547252,0.39756429999761167,35224.014526506,False,-0.03,-0.0298802364,-9.112035e-07,32792.056220152794,0.03,0.030119258,7.921655e-07,38021.421028812794
2.0,5,30,2026-05-27T21:57:44.400,17142.6547878,17143.0509835,0.3961957000028633,35158.07485009115,False,-0.03,-0.029880729,-9.122556e-07,32754.77727952561,0.03,0.030119588,7.943315e-07,37918.15885433223
0.1,5,0,2026-05-27T21:57:45.858,17144.3325209,17144.509049,0.1765281000007235,46246.870013847605,False,-0.03,-0.0298240376,-1.062899e-06,28059.145412687376,0.03,0.0301102503,2.330652e-07,129192.39036973345
0.1,5,1,2026-05-27T21:57:46.013,17144.5091064,17144.6644501,0.15534370000023046,41858.475862150226,False,-0.03,-0.0298955711,-7.533027e-07,39686.00019620267,0.03,0.0301415762,6.809862e-07,44261.6549351514
0.1,5,2,2026-05-27T21:57:46.172,17144.6645037,17144.8225204,0.1580166999992798,35098.69191513588,False,-0.03,-0.0298587455,-6.220701e-07,47999.004453035115,0.03,0.0301515624,1.087689e-06,27720.756944310368
0.1,5,3,2026-05-27T21:57:46.336,17144.8225741,17144.9867644,0.1641903000017919,31021.06720197044,False,-0.03,-0.0298942631,-7.520476e-07,39750.49331983773,0.03,0.0301516222,1.183601e-06,25474.481856639188
0.1,5,4,2026-05-27T21:57:46.522,17144.9868193,17145.1725856,0.18576630000097794,23557.334025673314,False,-0.03,-0.0298902578,-1.526436e-06,19581.73012166904,0.03,0.0301763974,1.023371e-06,29487.25086014749
0.1,5,5,2026-05-27T21:57:46.683,17145.1726395,17145.3339188,0.1612792999985686,44458.98443974118,False,-0.03,-0.0298261538,-1.063726e-06,28039.320088067794,0.03,0.0301276181,2.847927e-07,105787.88747043024
0.1,5,6,2026-05-27T21:57:46.849,17145.3339756,17145.4991127,0.16513710000072024,37327.03463883347,False,-0.03,-0.029873259,-1.165518e-06,25630.886009482478,0.03,0.0300555676,4.399893e-07,68309.76935120922
0.1,5,7,2026-05-27T21:57:47.004,17145.4991656,17145.6552078,0.15604220000022906,31974.044272451927,False,-0.03,-0.0299070162,-9.295493e-07,32173.674059030545,0.03,0.0301274813,9.480517e-07,31778.31050774974
0.1,5,8,2026-05-27T21:57:47.162,17145.6552599,17145.813053,0.15779310000289115,26870.846888229335,False,-0.03,-0.029880654,-1.460812e-06,20454.825124656698,0.03,0.0300448009,7.69317e-07,39053.863231931704
0.1,5,9,2026-05-27T21:57:47.345,17145.8131098,17145.9954604,0.18235060000006342,51605.05055931334,False,-0.03,-0.0299095224,-7.667657e-07,39007.381785596306,0.03,0.0301296254,3.966698e-07,75956.43883149159
0.1,5,10,2026-05-27T21:57:47.512,17145.9955136,17146.1626036,0.16709000000264496,27101.434143036084,False,-0.03,-0.0298929641,-1.461234e-06,20457.342287409134,0.03,0.0301250562,7.533359e-07,39988.87640958037
0.1,5,11,2026-05-27T21:57:47.668,17146.1626602,17146.3182974,0.15563720000136527,29590.30487123602,False,-0.03,-0.0299203849,-7.705407e-07,38830.37573485735,0.03,0.0301186603,1.25847e-06,23932.759859194102
0.1,5,12,2026-05-27T21:57:47.825,17146.3183499,17146.4760446,0.15769469999941066,29910.294906216976,False,-0.03,-0.0298958175,-1.028399e-06,29070.25142964939,0.03,0.0301392381,9.787713e-07,30792.932015885635
0.1,5,13,2026-05-27T21:57:47.989,17146.4760974,17146.6394182,0.16332080000211135,27076.101974345824,False,-0.03,-0.029872674,-1.322433e-06,22589.17767478579,0.03,0.030100261,8.925437e-07,33724.13137866527
0.1,5,14,2026-05-27T21:57:48.162,17146.6394713,17146.812548,0.17307670000081998,31909.144234760995,False,-0.03,-0.0299078847,-8.811753e-07,33940.90222456304,0.03,0.0300989937,9.99379e-07,30117.69678970641
0.1,5,15,2026-05-27T21:57:48.343,17146.8126047,17146.9939494,0.18134469999858993,31620.01632881673,False,-0.03,-0.0298807382,-1.038501e-06,28772.950820461418,0.03,0.0301416163,8.597382e-07,35059.063677756785
0.1,5,16,2026-05-27T21:57:48.509,17146.9940048,17147.1598757,0.16587090000030003,31912.0928121465,False,-0.03,-0.0298913191,-1.393509e-06,21450.395440574837,0.03,0.0300961139,4.862622e-07,61892.768757267164
0.1,5,17,2026-05-27T21:57:48.672,17147.1599342,17147.3229084,0.1629742000004626,28800.087991829892,False,-0.03,-0.0299246786,-7.726603e-07,38729.41135968808,0.03,0.0301225343,1.312306e-06,22953.895128117983
0.1,5,18,2026-05-27T21:57:48.823,17147.322963,17147.4732278,0.15026480000233278,34004.629926577996,False,-0.03,-0.0298851678,-5.55186e-07,53829.1091634155,0.03,0.0301284474,1.20968e-06,24906.130050922562
0.1,5,19,2026-05-27T21:57:48.979,17147.4732842,17147.6301131,0.1568288999987999,29917.36125241381,False,-0.03,-0.029884848,-1.333781e-06,22406.113147510725,0.03,0.0300892924,6.708791e-07,44850.54371197433
0.1,5,20,2026-05-27T21:57:49.135,17147.6301768,17147.7862276,0.15605080000023008,35853.59371452537,False,-0.03,-0.0298430629,-1.038916e-06,28725.19327837862,0.03,0.0301030415,6.330532e-07,47552.15122520509
0.1,5,21,2026-05-27T21:57:49.306,17147.7862825,17147.9575966,0.1713141000000178,30289.43846686985,False,-0.03,-0.0298753448,-1.223556e-06,24416.818519136024,0.03,0.0300671268,7.554332e-07,39801.172095692906
0.1,5,22,2026-05-27T21:57:49.492,17147.957647,17148.1431769,0.1855299000017112,36872.14060072065,False,-0.03,-0.0299039802,-1.037663e-06,28818.585802905178,0.03,0.0301164239,5.901352e-07,51033.09190843048
0.1,5,23,2026-05-27T21:57:49.648,17148.1432304,17148.2988955,0.1556650999991689,39584.599584486445,False,-0.03,-0.0298594388,-4.176371e-07,71496.1357599696,0.03,0.0301452367,1.098222e-06,27449.128409374425
0.1,5,24,2026-05-27T21:57:49.806,17148.2989465,17148.4569551,0.15800859999944805,31218.959862142015,False,-0.03,-0.0299207105,-8.134563e-07,36782.19776526409,0.03,0.0301013706,1.10916e-06,27138.889429838797
0.1,5,25,2026-05-27T21:57:49.970,17148.4570102,17148.6216148,0.1646045999987109,28785.38584149719,False,-0.03,-0.0299092454,-1.128503e-06,26503.46999520604,0.03,0.0301321558,9.573263e-07,31475.324348657297
0.1,5,26,2026-05-27T21:57:50.165,17148.6216701,17148.8167447,0.19507460000022547,24629.914840969657,False,-0.03,-0.0298156349,-1.060371e-06,28118.116112190917,0.03,0.0301459913,1.374133e-06,21938.190335287778
0.1,5,27,2026-05-27T21:57:50.329,17148.8168008,17148.9794339,0.16263310000067577,30385.293364042594,False,-0.03,-0.029903777,-1.062896e-06,28134.24549532598,0.03,0.0301136525,9.123171e-07,33007.87905871763
0.1,5,28,2026-05-27T21:57:50.488,17148.9794855,17149.1391672,0.15968169999905513,28414.75437926148,False,-0.03,-0.0299254159,-7.932599e-07,37724.604382498095,0.03,0.0301545106,1.321132e-06,22824.752257912154
0.1,5,29,2026-05-27T21:57:50.644,17149.1392215,17149.2949859,0.1557643999985885,29902.771422578197,False,-0.03,-0.0299303514,-8.340646e-07,35884.93193452881,0.03,0.0301138036,1.173915e-06,25652.45660886861
0.1,5,30,2026-05-27T21:57:50.802,17149.2950363,17149.4528414,0.15780509999967762,42578.26542153397,False,-0.03,-0.0298721903,-5.484558e-07,54465.99397800151,0.03,0.0300857524,8.597261e-07,34994.57838955918
0.1,5,31,2026-05-27T21:57:50.966,17149.4528979,17149.6169917,0.16409380000186502,27650.63808511316,False,-0.03,-0.0298806453,-1.388887e-06,21514.09387516767,0.03,0.0300623186,7.789821e-07,38591.796396862
0.1,5,32,2026-05-27T21:57:51.160,17149.6170457,17149.8102114,0.1931656999986444,41855.95143096378,False,-0.03,-0.0298902698,-5.349926e-07,55870.43596490868,0.03,0.0301249615,8.988592e-07,33514.66113936421
0.1,5,33,2026-05-27T21:57:51.322,17149.8102654,17149.9722769,0.16201150000051712,45839.421951805525,False,-0.03,-0.0298237975,-1.049012e-06,28430.368289399932,0.03,0.0301412211,2.591419e-07,116311.64663066839
0.1,5,34,2026-05-27T21:57:51.472,17149.9723308,17150.1226811,0.15035030000217375,31462.426455698183,False,-0.03,-0.0298926617,-1.430539e-06,20896.08301486363,0.03,0.0301098289,4.765768e-07,63179.38451892749
0.1,5,35,2026-05-27T21:57:51.629,17150.1227332,17150.2798094,0.15707619999739109,51766.893778968195,False,-0.03,-0.0298884216,-3.532799e-07,84602.66661080916,0.03,0.030184667,8.071739e-07,37395.49432904112
0.1,5,36,2026-05-27T21:57:51.787,17150.279861,17150.4377683,0.15790729999935138,29243.656109561784,False,-0.03,-0.0299297258,-7.562423e-07,39576.899890418725,0.03,0.0301066609,1.296729e-06,23217.38844430872
0.1,5,37,2026-05-27T21:57:51.951,17150.4378574,17150.601874,0.16401659999974072,27755.837389500753,False,-0.03,-0.0299126061,-8.32385e-07,35936.0225136205,0.03,0.0301050901,1.32996e-06,22636.08687479323
0.1,5,38,2026-05-27T21:57:52.135,17150.6019249,17150.7860669,0.1841420000018843,25427.206806347134,False,-0.03,-0.0298283208,-1.079726e-06,27625.824329505816,0.03,0.0301059958,1.277368e-06,23568.772507217967
0.1,5,39,2026-05-27T21:57:52.299,17150.7861198,17150.9494442,0.1633244000004197,49437.54011183965,False,-0.03,-0.0298611935,-8.487874e-07,35181.00468974917,0.03,0.0300687526,3.634482e-07,82731.87926092355
0.1,5,40,2026-05-27T21:57:52.457,17150.9494993,17151.1075423,0.15804299999945215,44381.883624758346,False,-0.03,-0.0298393139,-1.046485e-06,28513.84769012456,0.03,0.0301226125,3.045601e-07,98905.31458323004
0.1,5,41,2026-05-27T21:57:52.621,17151.1075953,17151.272106,0.1645107000003918,49082.1221769133,False,-0.03,-0.029814617,-9.859036e-07,30240.904891715578,0.03,0.0301387535,2.355874e-07,127930.24372271184
0.1,5,42,2026-05-27T21:57:52.780,17151.2721618,17151.4302622,0.1581003999999666,27181.773592767102,False,-0.03,-0.0298927511,-1.467983e-06,20363.145281655172,0.03,0.0300869827,7.386329e-07,40733.3368172471
0.1,5,43,2026-05-27T21:57:52.945,17151.4303189,17151.5957833,0.16546440000092844,53479.80775845445,False,-0.03,-0.029910875,-7.701254e-07,38838.96700459432,0.03,0.0301048712,3.520878e-07,85503.87488575293
0.1,5,44,2026-05-27T21:57:53.112,17151.5958384,17151.7622909,0.16645249999783118,34733.34140280189,False,-0.03,-0.0298808045,-1.083509e-06,27577.809229088085,0.03,0.0301497082,6.448163e-07,46757.050341314265
0.1,5,45,2026-05-27T21:57:53.278,17151.7623439,17151.9282638,0.16591989999869838,56174.23591781138,False,-0.03,-0.0298776424,-3.549622e-07,84171.33542670179,0.03,0.0301589149,7.137939e-07,42251.57275790673
0.1,5,46,2026-05-27T21:57:53.437,17151.9283246,17152.0874823,0.15915769999992335,46948.12952384412,False,-0.03,-0.029825334,-1.05322e-06,28318.237405290438,0.03,0.0301286058,2.238051e-07,134619.83574100857
0.1,5,47,2026-05-27T21:57:53.600,17152.0875319,17152.2500621,0.16253019999930984,43036.612784124816,False,-0.03,-0.0298324759,-9.93906e-07,30015.389684738795,0.03,0.0301217476,3.991921e-07,75456.77281689692
0.1,5,48,2026-05-27T21:57:53.758,17152.2501122,17152.4087384,0.15862620000189054,33983.77301296731,False,-0.03,-0.0298948848,-1.115888e-06,26790.21980700572,0.03,0.0300977164,6.494428e-07,46343.90649954083
0.1,5,49,2026-05-27T21:57:53.923,17152.4087922,17152.5735672,0.16477500000110012,43964.4896669652,False,-0.03,-0.029845343,-1.059114e-06,28179.53780235178,0.03,0.030089419,3.041399e-07,98932.82334872866
0.1,5,50,2026-05-27T21:57:54.105,17152.573618,17152.7560654,0.18244740000227466,39787.40666641902,False,-0.03,-0.0298950185,-7.411165e-07,40337.8126111077,0.03,0.0300843379,7.663795e-07,39255.14435080792
0.1,5,51,2026-05-27T21:57:54.271,17152.7561184,17152.9219851,0.16586670000106096,26924.384164533392,False,-0.03,-0.0299089269,-8.912746e-07,33557.477011013216,0.03,0.030100399,1.337535e-06,22504.382315229133
0.1,5,52,2026-05-27T21:57:54.428,17152.9220485,17153.0791063,0.15705779999916558,45655.497816954565,False,-0.03,-0.0298670822,-3.524371e-07,84744.43297825342,0.03,0.0301614329,9.623775e-07,31340.54245865058
0.1,5,53,2026-05-27T21:57:54.585,17153.0791598,17153.2358449,0.15668509999886737,29823.035559076037,False,-0.03,-0.0299006406,-8.046206e-07,37161.167138897516,0.03,0.0301589448,1.209245e-06,24940.309697373155
0.1,5,54,2026-05-27T21:57:54.751,17153.2358989,17153.4022379,0.16633900000306312,27758.32924448991,False,-0.03,-0.0299368064,-8.706714e-07,34383.58765430908,0.03,0.0301101058,1.292532e-06,23295.443207595632
0.1,5,55,2026-05-27T21:57:54.923,17153.4023015,17153.574234,0.1719325000012759,33915.15757304652,False,-0.03,-0.0298900534,-1.358161e-06,22007.739435898988,0.03,0.0300818145,4.1013e-07,73347.02289517959
0.1,5,56,2026-05-27T21:57:55.099,17153.5742859,17153.7500253,0.1757394000014756,34724.089430284956,False,-0.03,-0.0299057742,-1.100319e-06,27179.185490753134,0.03,0.0301377045,6.288402e-07,47925.855408098905
0.1,5,57,2026-05-27T21:57:55.264,17153.7500801,17153.9146575,0.16457740000259946,30425.473507443865,False,-0.03,-0.0298856382,-1.250077e-06,23907.037886466194,0.03,0.030070879,7.205256e-07,41734.64343251648
0.1,5,58,2026-05-27T21:57:55.422,17153.91471,17154.0731384,0.158428399998229,29978.327197941348,False,-0.03,-0.029902315,-1.068358e-06,27989.040190647705,0.03,0.0301181003,9.337689e-07,32254.340768899026
0.1,5,59,2026-05-27T21:57:55.579,17154.0731943,17154.2293916,0.15619730000253185,27880.898174190726,False,-0.03,-0.0298609025,-1.270287e-06,23507.209394412446,0.03,0.0301238016,8.811754e-07,34185.93120053056
0.1,5,60,2026-05-27T21:57:55.736,17154.2294426,17154.3869341,0.1574914999982866,33490.55260047892,False,-0.03,-0.0298863672,-1.073413e-06,27842.374929314254,0.03,0.0300808819,7.171591e-07,41944.5028306829
0.1,5,61,2026-05-27T21:57:55.901,17154.3869874,17154.551873,0.164885599999252,51193.333218374006,False,-0.03,-0.0298823593,-7.394277e-07,40412.82102361056,0.03,0.0300869856,4.320011e-07,69645.62266160896
0.1,5,62,2026-05-27T21:57:56.086,17154.5519296,17154.7363875,0.18445790000259876,30755.808035648653,False,-0.03,-0.0298742294,-1.288792e-06,23180.023929385035,0.03,0.0301647586,6.633267e-07,45474.96520191332
0.1,5,63,2026-05-27T21:57:56.242,17154.7364471,17154.892542,0.1560949000013352,27350.69555996481,False,-0.03,-0.0299199987,-8.105081e-07,36915.113741614674,0.03,0.0301073414,1.38422e-06,21750.401959226136
0.1,5,64,2026-05-27T21:57:56.409,17154.8925937,17155.0591748,0.1665811000020767,27133.754429554923,False,-0.03,-0.0299237049,-1.29803e-06,23053.168956033373,0.03,0.0301310729,9.152567e-07,32920.89847580466
0.1,5,65,2026-05-27T21:57:56.564,17155.0592287,17155.215593,0.15636430000085966,33477.43085825572,False,-0.03,-0.0298790899,-6.393123e-07,46736.29758101009,0.03,0.0301614872,1.154152e-06,26133.028578558107
0.1,5,66,2026-05-27T21:57:56.728,17155.2156467,17155.378959,0.16331230000287178,28667.968048427607,False,-0.03,-0.0299010287,-8.122009e-07,36814.818476561646,0.03,0.0300997355,1.280754e-06,23501.574463167788
0.1,5,67,2026-05-27T21:57:56.910,17155.3790194,17155.5609281,0.1819087000003492,29818.88457105394,False,-0.03,-0.0298909756,-8.912808e-07,33537.102560719366,0.03,0.0300728869,1.119655e-06,26859.065426403668
0.1,5,68,2026-05-27T21:57:57.076,17155.5609813,17155.7277166,0.16673529999752645,53123.36118199935,False,-0.03,-0.0298939646,-3.61691e-07,82650.56249671681,0.03,0.0301888597,7.693147e-07,39241.23599874018
0.1,5,69,2026-05-27T21:57:57.239,17155.7277723,17155.8904909,0.16271860000051674,42497.17158560455,False,-0.03,-0.0298513469,-1.043961e-06,28594.312335422488,0.03,0.0300844753,3.663875e-07,82111.08539456176
0.1,5,70,2026-05-27T21:57:57.398,17155.8905436,17156.0490394,0.15849580000212882,26055.042027037136,False,-0.03,-0.0298664702,-1.474689e-06,20252.724608375054,0.03,0.0300587716,8.25259e-07,36423.439914014874
0.1,5,71,2026-05-27T21:57:57.560,17156.0490936,17156.2115584,0.16246479999972507,32458.605263221998,False,-0.03,-0.0298888725,-1.355648e-06,22047.66465926258,0.03,0.0300740675,4.917185e-07,61161.14707907065
0.1,5,72,2026-05-27T21:57:57.744,17156.2116096,17156.3944701,0.1828605000009702,43242.37923401636,False,-0.03,-0.0298727921,-5.846366e-07,51096.34275377217,0.03,0.0300758609,8.017037e-07,37514.93338498999
5.0,5,0,2026-05-27T21:58:00.999,17158.7094512,17159.6491901,0.9397389000005205,35179.2210464967,False,-0.03,-0.0298803616,-9.127181e-07,32737.77697626463,0.03,0.0301184683,7.928009e-07,37989.9522061592
5.0,5,1,2026-05-27T21:58:01.938,17159.6492433,17160.5887698,0.9395265000021027,35251.05355678232,False,-0.03,-0.0298805242,-9.107072e-07,32810.2426334172,0.03,0.03011832,7.913368e-07,38060.05230642629
5.0,5,2,2026-05-27T21:58:02.880,17160.5888228,17161.5301522,0.9413294000005408,35161.97165352485,False,-0.03,-0.0298804094,-9.116411e-07,32776.505359400755,0.03,0.0301194516,7.947439e-07,37898.31114148847
5.0,5,3,2026-05-27T21:58:03.821,17161.530215,17162.4717905,0.9415755000009085,35201.58384617244,False,-0.03,-0.0298795619,-9.123391e-07,32750.500225190393,0.03,0.0301191863,7.920941e-07,38024.757790772586
5.0,5,4,2026-05-27T21:58:04.762,17162.4718809,17163.4122725,0.9403916000010213,35141.578448255204,False,-0.03,-0.029880128,-9.126926e-07,32738.43570113311,0.03,0.0301186316,7.946513e-07,37901.6954983903
5.0,5,5,2026-05-27T21:58:05.700,17163.4123275,17164.3505371,0.938209600000846,35168.460666906205,False,-0.03,-0.0298811457,-9.122213e-07,32756.465673406223,0.03,0.0301182528,7.938357e-07,37940.15915384002
5.0,5,6,2026-05-27T21:58:06.643,17164.3506,17165.2935023,0.9429022999975132,35169.450252516566,False,-0.03,-0.0298813714,-9.121122e-07,32760.631203047167,0.03,0.0301179534,7.938947e-07,37936.962420834905
5.0,5,7,2026-05-27T21:58:07.581,17165.2935567,17166.23142,0.9378633000014815,35124.55368785796,False,-0.03,-0.0298804637,-9.1366e-07,32704.13906704901,0.03,0.0301190706,7.945335e-07,37907.86744674705
5.0,5,8,2026-05-27T21:58:08.522,17166.2314726,17167.1732966,0.9418240000013611,35190.37393184889,False,-0.03,-0.0298799329,-9.120025e-07,32762.994509335225,0.03,0.0301201438,7.930114e-07,37981.9808391153
5.0,5,9,2026-05-27T21:58:09.464,17167.1733491,17168.1145996,0.9412505000000237,35119.66193032675,False,-0.03,-0.029879686,-9.142905e-07,32680.73549927512,0.03,0.0301197594,7.941384e-07,37927.59473663533
5.0,5,10,2026-05-27T21:58:10.404,17168.1146542,17169.055152,0.9404978000020492,35173.27468269547,False,-0.03,-0.0298807123,-9.113885e-07,32785.92202995759,0.03,0.0301189043,7.944412e-07,37912.062340170676
5.0,5,11,2026-05-27T21:58:11.347,17169.0552071,17169.9977679,0.9425608000019565,35177.94662311317,False,-0.03,-0.0298805918,-9.114476e-07,32783.663920997766,0.03,0.0301192974,7.941633e-07,37925.82381986173
5.0,5,12,2026-05-27T21:58:12.290,17169.9978323,17170.9404823,0.9426500000008673,35166.74747357286,False,-0.03,-0.0298803986,-9.121376e-07,32758.65242261694,0.03,0.0301184614,7.939872e-07,37933.18255004615
